week,zone,trips,fares,wait_median,wait_p90,long_wait_share
2025-09-01,2,24,716.0,6.73,15.08,0.0833
2025-09-01,3,9490,185659.0,3.95,7.74,0.013
2025-09-01,4,12106,310156.0,4.09,7.91,0.0128
2025-09-01,5,1241,32895.0,5.45,14.28,0.0921
2025-09-01,6,2514,58190.0,4.81,10.53,0.0429
2025-09-01,7,41389,899370.0,3.35,6.33,0.0047
2025-09-01,8,205,4637.0,3.76,7.07,0.0049
2025-09-01,9,3789,86747.0,3.96,7.87,0.015
2025-09-01,10,14421,314958.0,4.03,8.03,0.0133
2025-09-01,11,4813,106007.0,3.85,7.18,0.0112
2025-09-01,12,393,14130.0,3.8,7.65,0.0
2025-09-01,13,18818,722475.0,3.67,7.31,0.0063
2025-09-01,14,23309,552066.0,3.66,6.87,0.0068
2025-09-01,15,3165,82707.0,5.0,10.39,0.0409
2025-09-01,16,8875,210557.0,4.06,8.34,0.0215
2025-09-01,17,36238,796923.0,4.46,8.81,0.0168
2025-09-01,18,20305,390850.0,3.92,7.48,0.0129
2025-09-01,19,3937,96233.0,4.53,9.02,0.0273
2025-09-01,20,13058,278387.0,3.85,7.57,0.014
2025-09-01,21,11609,239694.0,3.84,7.11,0.012
2025-09-01,22,15924,329429.0,3.98,7.54,0.0128
2025-09-01,23,6977,161581.0,5.09,12.3,0.0648
2025-09-01,24,5960,144382.0,3.7,6.62,0.0081
2025-09-01,25,26663,736620.0,4.14,8.36,0.0143
2025-09-01,26,24341,455534.0,4.65,8.86,0.0177
2025-09-01,27,489,20576.0,8.85,18.82,0.1816
2025-09-01,28,10937,240152.0,4.03,7.86,0.0147
2025-09-01,29,8538,183033.0,3.74,7.36,0.0116
2025-09-01,30,322,9266.0,7.1,14.09,0.0791
2025-09-01,31,1696,46051.0,4.31,8.93,0.031
2025-09-01,32,10508,213604.0,3.91,7.79,0.0126
2025-09-01,33,21584,673466.0,3.88,7.81,0.0103
2025-09-01,34,2623,66478.0,4.41,8.93,0.0237
2025-09-01,35,26667,526496.0,4.77,9.46,0.0245
2025-09-01,36,34312,791546.0,4.03,8.51,0.0172
2025-09-01,37,49064,1162000.0,4.1,8.24,0.0138
2025-09-01,38,5709,142664.0,4.33,9.28,0.0195
2025-09-01,39,33694,669094.0,4.64,9.12,0.0184
2025-09-01,40,10426,284447.0,3.72,6.96,0.0059
2025-09-01,41,28100,615623.0,4.07,7.69,0.009
2025-09-01,42,37796,791058.0,4.27,8.1,0.0131
2025-09-01,43,6322,210122.0,3.54,7.64,0.0104
2025-09-01,44,1968,57252.0,5.94,13.72,0.0772
2025-09-01,45,11241,318093.0,3.96,7.72,0.0107
2025-09-01,46,1030,36546.0,7.48,15.19,0.1024
2025-09-01,47,13694,254659.0,4.01,7.43,0.0091
2025-09-01,48,41206,1351526.0,3.35,6.83,0.0071
2025-09-01,49,25976,636851.0,4.05,8.11,0.0133
2025-09-01,50,24780,772727.0,3.8,7.51,0.0109
2025-09-01,51,16923,373484.0,4.58,9.01,0.0213
2025-09-01,52,6444,180404.0,3.57,7.09,0.0069
2025-09-01,53,6911,175278.0,4.67,10.33,0.0399
2025-09-01,54,2654,72058.0,3.71,7.46,0.0069
2025-09-01,55,11736,289329.0,4.16,8.63,0.019
2025-09-01,56,14630,373083.0,4.06,9.34,0.0377
2025-09-01,57,1499,55611.0,4.41,12.83,0.0753
2025-09-01,58,1501,35780.0,5.07,9.52,0.0212
2025-09-01,59,500,10352.0,4.17,7.03,0.004
2025-09-01,60,9576,181373.0,4.26,7.99,0.0145
2025-09-01,61,57810,1340162.0,4.6,9.98,0.0385
2025-09-01,62,17223,419926.0,4.84,11.06,0.0533
2025-09-01,63,13808,294151.0,4.04,7.9,0.013
2025-09-01,64,3102,84924.0,5.73,10.93,0.0447
2025-09-01,65,21496,596473.0,4.35,9.03,0.0166
2025-09-01,66,16761,504666.0,3.99,8.15,0.012
2025-09-01,67,7560,165687.0,3.89,7.23,0.0098
2025-09-01,68,47354,1657363.0,3.36,7.21,0.0089
2025-09-01,69,21851,440318.0,4.1,7.9,0.0135
2025-09-01,70,11295,265512.0,3.73,7.81,0.0144
2025-09-01,71,19759,421283.0,4.62,9.37,0.0222
2025-09-01,72,23517,476730.0,4.98,10.12,0.0321
2025-09-01,73,4455,96172.0,4.02,8.24,0.027
2025-09-01,74,29904,624419.0,4.34,8.41,0.0126
2025-09-01,75,26584,648279.0,4.09,7.91,0.012
2025-09-01,76,48484,952583.0,4.31,8.38,0.0141
2025-09-01,77,12803,261585.0,4.47,8.67,0.017
2025-09-01,78,18099,352722.0,4.06,7.76,0.014
2025-09-01,79,56057,1538558.0,3.35,6.94,0.0061
2025-09-01,80,36020,889830.0,3.9,8.56,0.0165
2025-09-01,81,11983,227301.0,4.44,9.0,0.0216
2025-09-01,82,32515,646785.0,3.92,7.9,0.0118
2025-09-01,83,11020,216370.0,3.86,7.58,0.0133
2025-09-01,84,2089,55541.0,5.51,13.17,0.0754
2025-09-01,85,14286,315640.0,4.44,9.0,0.0173
2025-09-01,86,9216,220921.0,5.87,13.21,0.0709
2025-09-01,87,28681,1041707.0,3.58,7.01,0.0066
2025-09-01,88,12010,460610.0,3.79,7.58,0.0063
2025-09-01,89,34812,806258.0,4.17,8.25,0.015
2025-09-01,90,29111,906180.0,3.23,6.66,0.0045
2025-09-01,91,22050,469174.0,4.49,8.69,0.0165
2025-09-01,92,26344,675215.0,4.37,9.67,0.0267
2025-09-01,93,15400,1217604.0,7.63,22.8,0.2183
2025-09-01,94,8714,165960.0,4.04,7.52,0.0139
2025-09-01,95,31562,744010.0,4.1,8.43,0.0142
2025-09-01,96,745,18616.0,4.48,8.48,0.0122
2025-09-01,97,29278,733169.0,4.19,8.42,0.015
2025-09-01,98,4117,97310.0,4.27,8.06,0.0149
2025-09-01,99,104,2267.0,6.27,12.78,0.0583
2025-09-01,100,23818,920600.0,3.62,8.38,0.0152
2025-09-01,101,4034,112512.0,4.75,10.5,0.0371
2025-09-01,102,10612,220815.0,4.16,8.29,0.0151
2025-09-01,105,2,65.0,14.72,17.8,0.5
2025-09-01,106,9837,242323.0,3.89,7.22,0.0073
2025-09-01,107,32143,935949.0,3.38,6.58,0.004
2025-09-01,108,6099,129614.0,3.84,7.21,0.0129
2025-09-01,109,3091,78510.0,5.46,13.7,0.0844
2025-09-01,110,13,383.0,7.52,18.32,0.2308
2025-09-01,111,184,3973.0,3.64,7.86,0.0054
2025-09-01,112,43373,1110624.0,3.61,7.32,0.0075
2025-09-01,113,25106,753102.0,3.32,6.6,0.0047
2025-09-01,114,27508,815913.0,3.38,7.15,0.0063
2025-09-01,115,3732,75244.0,5.42,11.67,0.0551
2025-09-01,116,19816,442866.0,4.02,7.47,0.0092
2025-09-01,117,6791,178932.0,5.92,13.69,0.0758
2025-09-01,118,4596,121336.0,5.39,13.08,0.0733
2025-09-01,119,14334,306979.0,4.11,8.01,0.0178
2025-09-01,120,451,9288.0,3.79,7.57,0.009
2025-09-01,121,10099,237307.0,4.08,8.1,0.0186
2025-09-01,122,5450,120063.0,4.34,8.9,0.0234
2025-09-01,123,12488,245311.0,3.87,7.38,0.0096
2025-09-01,124,6209,144281.0,4.61,9.12,0.0205
2025-09-01,125,16014,564392.0,3.46,6.79,0.0052
2025-09-01,126,12511,247025.0,4.25,8.45,0.0166
2025-09-01,127,17136,377198.0,3.53,7.19,0.0083
2025-09-01,128,1408,35038.0,3.56,6.8,0.0093
2025-09-01,129,34599,716994.0,3.92,7.81,0.0116
2025-09-01,130,36104,803722.0,4.15,8.8,0.016
2025-09-01,131,7201,164557.0,4.06,8.24,0.0152
2025-09-01,132,82753,6086590.0,5.01,11.55,0.0412
2025-09-01,133,8135,183032.0,3.77,7.04,0.0102
2025-09-01,134,9970,219341.0,3.85,7.87,0.0115
2025-09-01,135,7833,189066.0,4.01,7.64,0.0148
2025-09-01,136,11430,227136.0,3.88,7.51,0.013
2025-09-01,137,21609,568649.0,3.65,7.33,0.0087
2025-09-01,138,102266,5847848.0,5.2,12.61,0.0597
2025-09-01,139,9105,193652.0,4.61,9.15,0.0232
2025-09-01,140,22965,691727.0,3.69,7.27,0.0078
2025-09-01,141,27677,815259.0,3.52,6.59,0.0053
2025-09-01,142,26935,914299.0,3.51,6.68,0.0051
2025-09-01,143,20579,604006.0,3.71,7.02,0.0051
2025-09-01,144,31780,981034.0,3.66,7.36,0.0077
2025-09-01,145,40418,1006233.0,3.49,6.73,0.0052
2025-09-01,146,12219,302578.0,3.31,6.31,0.0048
2025-09-01,147,8492,169263.0,3.85,6.85,0.0113
2025-09-01,148,46549,1381516.0,3.73,8.09,0.0121
2025-09-01,149,10151,201361.0,3.72,6.94,0.0084
2025-09-01,150,4424,99661.0,3.87,7.52,0.0096
2025-09-01,151,12470,323560.0,3.79,7.07,0.0085
2025-09-01,152,9882,219829.0,4.08,7.7,0.0077
2025-09-01,153,4405,80848.0,4.03,7.77,0.0108
2025-09-01,154,456,14425.0,5.26,11.32,0.0441
2025-09-01,155,12029,284304.0,4.55,9.27,0.0248
2025-09-01,156,5925,112880.0,4.66,11.23,0.0525
2025-09-01,157,17096,405192.0,4.38,9.77,0.0312
2025-09-01,158,26054,865292.0,3.42,6.9,0.0042
2025-09-01,159,18844,365462.0,3.93,7.54,0.0102
2025-09-01,160,9885,216957.0,4.25,8.03,0.0129
2025-09-01,161,49192,2054065.0,3.46,7.53,0.0098
2025-09-01,162,34769,1360755.0,3.24,6.49,0.005
2025-09-01,163,36492,1598585.0,3.33,6.93,0.0087
2025-09-01,164,45373,1617721.0,3.53,7.44,0.0095
2025-09-01,165,13051,283206.0,3.84,7.3,0.0083
2025-09-01,166,18745,475310.0,3.54,6.68,0.0047
2025-09-01,167,15593,302555.0,3.98,7.23,0.0115
2025-09-01,168,27012,569161.0,4.11,7.87,0.0129
2025-09-01,169,19167,365596.0,4.0,7.6,0.0146
2025-09-01,170,38386,1223006.0,3.45,6.86,0.0067
2025-09-01,171,8815,189379.0,3.91,7.89,0.0148
2025-09-01,172,2920,69221.0,5.27,13.07,0.0743
2025-09-01,173,11154,249420.0,4.45,9.37,0.0301
2025-09-01,174,18351,380241.0,3.64,7.28,0.012
2025-09-01,175,3438,88098.0,4.45,9.18,0.0276
2025-09-01,176,1526,40109.0,5.62,12.23,0.0663
2025-09-01,177,18054,384285.0,4.56,9.23,0.0251
2025-09-01,178,4378,87535.0,3.94,7.29,0.0104
2025-09-01,179,15642,353834.0,3.6,6.87,0.0073
2025-09-01,180,7512,151079.0,3.93,7.82,0.0101
2025-09-01,181,41167,1072528.0,3.47,6.87,0.0067
2025-09-01,182,10899,224483.0,3.84,7.43,0.0098
2025-09-01,183,5523,114024.0,4.05,7.82,0.0119
2025-09-01,184,1207,27125.0,4.87,9.82,0.0309
2025-09-01,185,13372,286178.0,3.97,7.74,0.0133
2025-09-01,186,30466,1063567.0,3.35,8.26,0.0191
2025-09-01,187,3333,67553.0,4.85,11.54,0.0576
2025-09-01,188,34292,804485.0,4.67,10.25,0.0381
2025-09-01,189,15493,414615.0,4.08,8.65,0.0257
2025-09-01,190,2488,65046.0,4.23,9.54,0.0336
2025-09-01,191,13566,304091.0,4.3,9.14,0.0248
2025-09-01,192,6053,140651.0,3.74,7.69,0.0144
2025-09-01,193,8295,199408.0,3.76,7.51,0.0145
2025-09-01,194,1134,49760.0,6.25,13.86,0.0775
2025-09-01,195,10203,329922.0,4.54,9.95,0.0332
2025-09-01,196,11568,251645.0,4.1,7.87,0.0119
2025-09-01,197,18793,384560.0,4.07,8.14,0.0151
2025-09-01,198,29364,678340.0,4.15,8.29,0.0141
2025-09-01,199,2,70.0,23.78,35.42,0.5
2025-09-01,200,9612,262972.0,4.48,8.94,0.0211
2025-09-01,201,3302,102233.0,5.42,12.82,0.0668
2025-09-01,202,2875,91907.0,5.24,10.97,0.03
2025-09-01,203,8765,186672.0,5.58,11.22,0.0378
2025-09-01,204,1098,33728.0,5.37,13.72,0.086
2025-09-01,205,18756,402134.0,4.81,9.71,0.025
2025-09-01,206,8989,183562.0,4.69,11.48,0.0529
2025-09-01,207,875,14835.0,3.87,7.45,0.0092
2025-09-01,208,13989,320267.0,4.19,8.6,0.0196
2025-09-01,209,10097,351738.0,3.97,7.5,0.0087
2025-09-01,210,13452,268673.0,3.85,7.37,0.0117
2025-09-01,211,26138,881603.0,3.31,6.7,0.0045
2025-09-01,212,11035,207627.0,4.0,7.71,0.0099
2025-09-01,213,20569,404737.0,4.3,8.42,0.0144
2025-09-01,214,3588,83931.0,4.52,11.54,0.0588
2025-09-01,215,13681,271600.0,4.39,8.73,0.0178
2025-09-01,216,29237,584419.0,3.71,7.6,0.0114
2025-09-01,217,8469,147204.0,5.1,10.13,0.0242
2025-09-01,218,9289,206835.0,4.62,8.8,0.0175
2025-09-01,219,8508,186263.0,4.78,9.17,0.0214
2025-09-01,220,16607,358573.0,3.95,7.64,0.0114
2025-09-01,221,6255,122960.0,5.03,11.37,0.0511
2025-09-01,222,5267,112948.0,4.78,9.19,0.019
2025-09-01,223,21603,488930.0,3.42,6.58,0.0079
2025-09-01,224,8722,229118.0,4.32,8.15,0.0093
2025-09-01,225,34547,805829.0,4.46,8.52,0.0148
2025-09-01,226,26516,580857.0,3.79,7.33,0.0132
2025-09-01,227,10744,242424.0,4.16,7.91,0.0171
2025-09-01,228,22154,556379.0,4.21,8.07,0.0112
2025-09-01,229,23753,735165.0,3.32,6.17,0.0031
2025-09-01,230,51883,2228718.0,3.6,8.27,0.0147
2025-09-01,231,49806,1723928.0,3.45,6.57,0.0041
2025-09-01,232,19336,522684.0,4.49,8.73,0.0165
2025-09-01,233,23352,713831.0,3.55,6.79,0.0055
2025-09-01,234,47465,1543999.0,3.42,7.02,0.0063
2025-09-01,235,17463,338755.0,4.33,8.23,0.0169
2025-09-01,236,30112,977608.0,3.59,6.73,0.006
2025-09-01,237,37274,1327147.0,3.29,6.46,0.0071
2025-09-01,238,20985,610256.0,3.65,6.86,0.0053
2025-09-01,239,25601,812372.0,3.49,6.57,0.0054
2025-09-01,240,3189,65560.0,4.65,9.39,0.0253
2025-09-01,241,16699,338854.0,3.97,7.6,0.0122
2025-09-01,242,16413,343312.0,3.89,7.89,0.0135
2025-09-01,243,24237,567635.0,3.85,7.26,0.0112
2025-09-01,244,32867,778021.0,3.73,7.19,0.012
2025-09-01,245,3359,74432.0,5.1,10.96,0.0434
2025-09-01,246,47096,1587459.0,3.61,7.28,0.0069
2025-09-01,247,22483,492363.0,4.28,8.55,0.0192
2025-09-01,248,10504,205010.0,4.0,7.79,0.0121
2025-09-01,249,40966,1213695.0,3.45,7.19,0.0062
2025-09-01,250,10141,203737.0,3.8,7.16,0.0101
2025-09-01,251,3631,74727.0,4.8,10.78,0.0474
2025-09-01,252,5914,143595.0,4.82,9.84,0.0326
2025-09-01,253,325,12918.0,5.11,11.59,0.0648
2025-09-01,254,21268,421132.0,4.39,8.75,0.0208
2025-09-01,255,47639,1353030.0,3.66,7.94,0.012
2025-09-01,256,37578,998513.0,3.8,7.81,0.011
2025-09-01,257,6418,168475.0,3.69,6.81,0.007
2025-09-01,258,13353,292343.0,4.13,7.83,0.0117
2025-09-01,259,15154,309670.0,4.79,9.51,0.0253
2025-09-01,260,20988,418715.0,3.59,7.07,0.0081
2025-09-01,261,16531,677748.0,3.95,8.18,0.0147
2025-09-01,262,14538,420631.0,4.19,7.91,0.0089
2025-09-01,263,22808,664136.0,3.83,7.19,0.0062
2025-09-01,265,200,6006.0,6.59,13.11,0.0459
2025-09-08,2,19,531.0,8.5,19.9,0.1579
2025-09-08,3,9928,194894.0,3.93,7.79,0.0131
2025-09-08,4,12825,345107.0,4.38,8.62,0.0172
2025-09-08,5,1358,35731.0,5.42,13.68,0.0842
2025-09-08,6,2670,63075.0,4.74,10.83,0.0483
2025-09-08,7,42038,940633.0,3.37,6.42,0.0052
2025-09-08,8,244,5417.0,3.54,6.46,0.0124
2025-09-08,9,4245,98952.0,3.93,7.49,0.0135
2025-09-08,10,15095,338586.0,3.86,7.76,0.0119
2025-09-08,11,5050,115623.0,3.64,6.66,0.0087
2025-09-08,12,437,15564.0,4.39,9.88,0.0183
2025-09-08,13,20806,845351.0,4.15,8.56,0.0139
2025-09-08,14,24534,590300.0,3.59,6.75,0.0067
2025-09-08,15,3502,94760.0,4.87,9.95,0.0365
2025-09-08,16,9695,230312.0,4.01,8.32,0.0188
2025-09-08,17,35754,805835.0,4.57,9.07,0.0175
2025-09-08,18,21227,415374.0,4.18,8.25,0.0161
2025-09-08,19,4158,100429.0,4.47,8.83,0.0208
2025-09-08,20,13526,286965.0,4.0,7.95,0.0141
2025-09-08,21,11974,242575.0,3.72,6.88,0.0114
2025-09-08,22,16222,328345.0,3.81,6.97,0.0097
2025-09-08,23,7317,176754.0,4.96,12.02,0.065
2025-09-08,24,5817,149925.0,4.03,7.5,0.0087
2025-09-08,25,27024,789187.0,4.23,8.56,0.0133
2025-09-08,26,24780,482367.0,4.5,8.29,0.0148
2025-09-08,27,273,12167.0,8.54,17.64,0.1758
2025-09-08,28,11712,258715.0,3.95,7.77,0.0141
2025-09-08,29,10218,218637.0,3.79,7.52,0.0129
2025-09-08,30,279,7798.0,6.8,14.01,0.0836
2025-09-08,31,2045,57076.0,4.57,9.59,0.0218
2025-09-08,32,10935,221759.0,3.98,8.11,0.0147
2025-09-08,33,23368,758631.0,4.1,8.36,0.0125
2025-09-08,34,6658,228790.0,6.01,14.19,0.085
2025-09-08,35,25883,510221.0,4.69,9.02,0.018
2025-09-08,36,35509,845787.0,4.12,8.6,0.0174
2025-09-08,37,49202,1196088.0,4.19,8.54,0.0154
2025-09-08,38,5914,157441.0,4.16,8.98,0.0202
2025-09-08,39,33150,648823.0,4.45,8.61,0.0161
2025-09-08,40,10724,301204.0,3.74,7.1,0.0075
2025-09-08,41,28952,660380.0,4.57,8.76,0.0149
2025-09-08,42,39366,849737.0,4.69,9.09,0.0175
2025-09-08,43,7769,264249.0,3.97,8.21,0.0095
2025-09-08,44,2050,61709.0,5.75,14.61,0.0941
2025-09-08,45,12062,370929.0,4.62,10.0,0.0288
2025-09-08,46,1065,38742.0,6.82,14.32,0.0859
2025-09-08,47,15080,280902.0,4.29,8.28,0.0142
2025-09-08,48,45647,1600054.0,3.9,8.15,0.0129
2025-09-08,49,26790,681277.0,4.14,8.05,0.0106
2025-09-08,50,26881,879142.0,4.17,8.84,0.0237
2025-09-08,51,17349,389893.0,4.47,8.93,0.0191
2025-09-08,52,6754,193067.0,3.62,7.11,0.0074
2025-09-08,53,7263,189854.0,4.66,10.07,0.0331
2025-09-08,54,2741,76657.0,3.81,7.46,0.0089
2025-09-08,55,12314,302246.0,4.11,8.24,0.0192
2025-09-08,56,14223,299000.0,4.2,8.18,0.0145
2025-09-08,57,1160,26827.0,4.47,9.4,0.0243
2025-09-08,58,1553,38457.0,4.85,8.98,0.0237
2025-09-08,59,666,13955.0,4.42,9.09,0.0243
2025-09-08,60,9943,190952.0,4.52,8.5,0.0157
2025-09-08,61,59325,1334573.0,4.56,9.0,0.018
2025-09-08,62,17161,400808.0,4.6,9.17,0.0168
2025-09-08,63,14069,304745.0,3.86,7.39,0.0101
2025-09-08,64,3398,91572.0,5.45,11.08,0.043
2025-09-08,65,22748,660710.0,4.58,9.41,0.0206
2025-09-08,66,18571,587775.0,4.29,8.69,0.0147
2025-09-08,67,8063,181624.0,3.8,7.2,0.0101
2025-09-08,68,51485,1949864.0,3.74,8.07,0.0106
2025-09-08,69,23070,472603.0,4.46,8.94,0.0201
2025-09-08,70,11327,281358.0,3.68,7.36,0.011
2025-09-08,71,18649,388717.0,4.37,8.43,0.0131
2025-09-08,72,21685,429608.0,4.8,9.24,0.0174
2025-09-08,73,4646,100432.0,3.94,7.56,0.0181
2025-09-08,74,31130,672037.0,4.73,9.24,0.019
2025-09-08,75,27806,700037.0,4.46,8.6,0.0144
2025-09-08,76,49178,949955.0,4.14,7.98,0.0107
2025-09-08,77,12869,258167.0,4.29,8.32,0.0151
2025-09-08,78,19609,379696.0,4.23,8.31,0.0174
2025-09-08,79,56513,1702101.0,3.72,7.69,0.0089
2025-09-08,80,38006,999639.0,4.11,8.85,0.0179
2025-09-08,81,12436,240504.0,4.42,9.0,0.0214
2025-09-08,82,32462,651860.0,3.89,7.66,0.0107
2025-09-08,83,11377,230979.0,3.92,7.43,0.0075
2025-09-08,84,2272,62905.0,5.4,12.33,0.0685
2025-09-08,85,14224,319970.0,4.31,8.31,0.0127
2025-09-08,86,10046,243118.0,5.65,13.24,0.0738
2025-09-08,87,34170,1360034.0,4.16,8.57,0.0138
2025-09-08,88,13304,563662.0,4.2,8.6,0.0121
2025-09-08,89,34789,811510.0,4.01,7.79,0.0123
2025-09-08,90,32350,1082017.0,3.67,7.43,0.0064
2025-09-08,91,21878,461122.0,4.33,8.37,0.0128
2025-09-08,92,25631,648918.0,4.27,9.16,0.022
2025-09-08,93,4081,179260.0,5.53,16.11,0.115
2025-09-08,94,9216,175260.0,4.29,8.19,0.0156
2025-09-08,95,32649,752922.0,4.03,7.98,0.0119
2025-09-08,96,787,20069.0,4.29,8.77,0.0217
2025-09-08,97,31811,832982.0,4.31,8.73,0.0166
2025-09-08,98,4566,109614.0,4.26,8.35,0.0182
2025-09-08,99,117,2847.0,5.27,11.07,0.069
2025-09-08,100,28605,1159429.0,4.37,9.73,0.023
2025-09-08,101,4456,124818.0,4.47,9.98,0.0358
2025-09-08,102,11245,235111.0,4.15,8.55,0.0169
2025-09-08,105,3,321.0,4.88,19.97,0.3333
2025-09-08,106,9704,247603.0,3.83,7.04,0.0048
2025-09-08,107,33213,1050336.0,3.81,7.35,0.0067
2025-09-08,108,6606,138233.0,3.8,7.03,0.0083
2025-09-08,109,3221,81415.0,5.22,12.48,0.0668
2025-09-08,110,18,521.0,8.37,18.27,0.1667
2025-09-08,111,168,3871.0,3.63,6.25,0.006
2025-09-08,112,46075,1261921.0,3.8,8.22,0.0145
2025-09-08,113,27061,885781.0,3.75,7.43,0.0072
2025-09-08,114,28961,952340.0,3.88,8.11,0.0103
2025-09-08,115,3886,78120.0,5.55,11.93,0.0543
2025-09-08,116,19427,444034.0,4.29,8.21,0.0135
2025-09-08,117,7396,192636.0,5.86,13.49,0.0741
2025-09-08,118,4707,120967.0,5.17,12.89,0.0735
2025-09-08,119,15263,352234.0,4.39,9.05,0.0227
2025-09-08,120,507,11781.0,4.53,9.43,0.0258
2025-09-08,121,10959,261550.0,4.06,7.79,0.0162
2025-09-08,122,5599,120001.0,4.14,8.99,0.0246
2025-09-08,123,13821,276372.0,3.78,7.13,0.0078
2025-09-08,124,6826,160866.0,4.52,8.67,0.014
2025-09-08,125,19594,739921.0,3.85,7.76,0.0107
2025-09-08,126,13314,263989.0,4.46,8.85,0.0168
2025-09-08,127,16680,372089.0,3.71,7.72,0.0128
2025-09-08,128,1461,36661.0,3.84,7.44,0.0083
2025-09-08,129,34851,729341.0,3.89,7.64,0.0107
2025-09-08,130,36299,811379.0,3.96,8.3,0.0127
2025-09-08,131,7475,176824.0,4.02,7.99,0.0152
2025-09-08,132,75051,5728564.0,4.3,10.42,0.0257
2025-09-08,133,8439,191487.0,3.68,6.84,0.0076
2025-09-08,134,10854,238973.0,3.71,7.48,0.0106
2025-09-08,135,8684,205661.0,3.92,7.42,0.0129
2025-09-08,136,11651,237403.0,4.13,8.2,0.0154
2025-09-08,137,22918,650446.0,4.22,8.45,0.0118
2025-09-08,138,98417,6225138.0,4.82,11.42,0.0405
2025-09-08,139,8968,190110.0,4.39,8.72,0.0178
2025-09-08,140,25275,797797.0,3.99,8.05,0.0114
2025-09-08,141,29069,904836.0,3.88,7.25,0.0054
2025-09-08,142,27920,977498.0,3.86,7.3,0.0073
2025-09-08,143,21552,666407.0,4.04,7.82,0.0092
2025-09-08,144,34173,1195754.0,4.61,10.56,0.0359
2025-09-08,145,42006,1069476.0,3.71,7.24,0.0064
2025-09-08,146,12135,308236.0,3.39,6.51,0.0059
2025-09-08,147,9057,181088.0,4.05,7.65,0.0118
2025-09-08,148,54660,1755254.0,4.19,9.37,0.02
2025-09-08,149,12264,243935.0,3.67,6.86,0.0072
2025-09-08,150,5112,119493.0,3.78,7.54,0.0107
2025-09-08,151,12273,335627.0,4.16,7.86,0.0096
2025-09-08,152,9940,226880.0,4.35,8.41,0.0134
2025-09-08,153,4131,76712.0,4.38,8.84,0.0163
2025-09-08,154,470,16189.0,4.94,10.17,0.03
2025-09-08,155,11936,282607.0,4.39,8.9,0.0228
2025-09-08,156,6239,121838.0,4.69,10.76,0.0496
2025-09-08,157,16576,393804.0,4.52,9.45,0.0168
2025-09-08,158,30176,1102525.0,3.71,7.82,0.0074
2025-09-08,159,20101,397706.0,4.2,8.18,0.0129
2025-09-08,160,10092,224472.0,4.24,8.08,0.0129
2025-09-08,161,57636,2561245.0,4.11,9.32,0.0189
2025-09-08,162,39025,1641804.0,3.66,7.64,0.0075
2025-09-08,163,39928,1794301.0,3.79,7.92,0.011
2025-09-08,164,50581,1913273.0,4.14,8.58,0.0116
2025-09-08,165,14216,318665.0,3.81,7.19,0.0082
2025-09-08,166,18550,479095.0,3.82,7.42,0.0087
2025-09-08,167,16716,328414.0,4.25,7.93,0.0109
2025-09-08,168,29536,623955.0,4.42,8.7,0.0164
2025-09-08,169,20572,394845.0,4.29,8.4,0.0156
2025-09-08,170,41448,1419608.0,4.02,8.14,0.0101
2025-09-08,171,9233,201229.0,3.82,7.59,0.0147
2025-09-08,172,3149,73424.0,5.08,12.13,0.0659
2025-09-08,173,11051,228331.0,4.45,8.56,0.0162
2025-09-08,174,19634,410435.0,3.78,7.83,0.0157
2025-09-08,175,4064,103842.0,4.41,8.93,0.0278
2025-09-08,176,1578,40964.0,5.29,12.31,0.0664
2025-09-08,177,18754,400867.0,4.47,8.79,0.0192
2025-09-08,178,4607,95991.0,3.87,7.07,0.0081
2025-09-08,179,15973,368567.0,3.62,6.83,0.0084
2025-09-08,180,7945,160442.0,3.83,7.38,0.0079
2025-09-08,181,42363,1125216.0,3.44,6.8,0.0072
2025-09-08,182,11700,248017.0,3.95,7.73,0.0102
2025-09-08,183,5997,124648.0,4.03,7.92,0.0123
2025-09-08,184,1193,27999.0,4.66,9.6,0.0204
2025-09-08,185,13905,303347.0,4.03,8.04,0.0143
2025-09-08,186,30373,1097340.0,3.86,9.05,0.0207
2025-09-08,187,3360,69594.0,4.92,11.23,0.0534
2025-09-08,188,33798,762919.0,4.39,8.71,0.0151
2025-09-08,189,15963,429993.0,4.08,7.94,0.0099
2025-09-08,190,2876,71555.0,4.16,8.27,0.0084
2025-09-08,191,13772,305898.0,4.2,8.87,0.0239
2025-09-08,192,6361,148501.0,3.66,7.26,0.0118
2025-09-08,193,8845,213527.0,3.83,7.62,0.0111
2025-09-08,194,1999,78918.0,7.49,15.98,0.126
2025-09-08,195,10586,341764.0,4.48,9.67,0.0274
2025-09-08,196,12039,266323.0,4.12,7.94,0.0123
2025-09-08,197,19566,409703.0,3.92,7.8,0.0143
2025-09-08,198,28272,660869.0,4.18,8.33,0.014
2025-09-08,199,3,164.0,23.0,23.47,0.6667
2025-09-08,200,10213,283377.0,4.51,9.0,0.0201
2025-09-08,201,2945,89973.0,5.37,12.89,0.0682
2025-09-08,202,3236,105018.0,5.48,10.85,0.0287
2025-09-08,203,9041,187191.0,5.36,10.77,0.0342
2025-09-08,204,1291,39384.0,5.1,13.25,0.0762
2025-09-08,205,19395,413368.0,4.53,9.25,0.0229
2025-09-08,206,9696,195294.0,4.74,11.28,0.048
2025-09-08,207,799,13062.0,3.73,6.9,0.0088
2025-09-08,208,14921,342113.0,4.22,8.74,0.0194
2025-09-08,209,12432,466346.0,4.56,9.29,0.0183
2025-09-08,210,15322,312492.0,3.74,7.12,0.0101
2025-09-08,211,32783,1198689.0,3.88,8.29,0.0125
2025-09-08,212,11522,219143.0,4.09,8.14,0.0144
2025-09-08,213,21704,434592.0,4.36,8.7,0.0176
2025-09-08,214,3896,95481.0,4.39,11.08,0.0543
2025-09-08,215,13988,273301.0,4.25,8.69,0.017
2025-09-08,216,29276,592210.0,3.55,7.05,0.0086
2025-09-08,217,8393,155097.0,5.07,10.34,0.0263
2025-09-08,218,9798,215125.0,4.38,8.54,0.0158
2025-09-08,219,8562,187301.0,4.6,8.72,0.0174
2025-09-08,220,17473,378199.0,4.11,8.1,0.0122
2025-09-08,221,6601,132750.0,5.06,11.51,0.0489
2025-09-08,222,5459,117088.0,4.6,8.87,0.019
2025-09-08,223,22032,500745.0,3.44,6.43,0.006
2025-09-08,224,8791,243976.0,4.81,9.15,0.0142
2025-09-08,225,35031,838388.0,4.54,8.79,0.0166
2025-09-08,226,27507,614642.0,3.81,7.25,0.0094
2025-09-08,227,11004,257097.0,4.03,7.51,0.0108
2025-09-08,228,24280,632062.0,4.16,7.73,0.01
2025-09-08,229,25811,835497.0,3.54,6.68,0.0061
2025-09-08,230,61432,2792989.0,4.25,9.81,0.0258
2025-09-08,231,58538,2190980.0,3.86,7.74,0.01
2025-09-08,232,20718,594531.0,4.95,10.07,0.0262
2025-09-08,233,25224,814532.0,3.95,7.8,0.0079
2025-09-08,234,52973,1876318.0,3.91,7.83,0.0084
2025-09-08,235,18912,368298.0,4.61,9.0,0.0194
2025-09-08,236,31938,1090151.0,3.93,7.33,0.0058
2025-09-08,237,41179,1509788.0,3.59,6.82,0.0048
2025-09-08,238,21861,655480.0,3.95,7.56,0.0084
2025-09-08,239,26758,902596.0,3.81,7.19,0.0062
2025-09-08,240,3481,71137.0,4.76,10.04,0.0255
2025-09-08,241,17197,351241.0,4.12,8.09,0.0142
2025-09-08,242,17857,380700.0,3.88,7.78,0.014
2025-09-08,243,24088,572632.0,4.08,8.08,0.0138
2025-09-08,244,35156,855905.0,4.0,8.07,0.0148
2025-09-08,245,3532,78145.0,5.13,11.29,0.0462
2025-09-08,246,57701,2127885.0,4.19,8.66,0.013
2025-09-08,247,24897,605148.0,4.79,10.34,0.0339
2025-09-08,248,10791,212404.0,4.07,8.15,0.0138
2025-09-08,249,41169,1350629.0,3.8,7.81,0.0074
2025-09-08,250,10897,223973.0,3.81,7.33,0.0097
2025-09-08,251,3759,78116.0,4.75,10.23,0.0427
2025-09-08,252,6035,152003.0,4.73,9.29,0.0272
2025-09-08,253,221,9056.0,4.75,16.95,0.1389
2025-09-08,254,21965,437714.0,4.39,8.79,0.021
2025-09-08,255,46242,1380219.0,3.8,8.21,0.0111
2025-09-08,256,38695,1085364.0,4.02,8.31,0.0135
2025-09-08,257,6775,180376.0,3.64,6.72,0.006
2025-09-08,258,14113,310508.0,4.05,7.71,0.0102
2025-09-08,259,15809,321259.0,4.77,9.5,0.0246
2025-09-08,260,20383,413987.0,3.55,6.83,0.0059
2025-09-08,261,19107,832385.0,4.58,9.81,0.0289
2025-09-08,262,15447,463239.0,4.36,8.5,0.013
2025-09-08,263,23169,700794.0,4.2,8.0,0.0127
2025-09-08,265,195,4609.0,5.84,15.61,0.1036
2025-09-15,2,15,534.0,5.65,17.72,0.1333
2025-09-15,3,10047,201945.0,3.9,7.46,0.0102
2025-09-15,4,12287,328680.0,4.42,8.52,0.016
2025-09-15,5,1306,33798.0,5.47,14.24,0.0888
2025-09-15,6,2620,61622.0,4.85,11.47,0.048
2025-09-15,7,45041,1022387.0,3.36,6.42,0.0073
2025-09-15,8,239,5530.0,3.49,7.06,0.0
2025-09-15,9,4219,96175.0,3.95,7.61,0.0126
2025-09-15,10,15371,354240.0,3.8,7.44,0.0092
2025-09-15,11,5183,114438.0,3.7,7.08,0.0115
2025-09-15,12,459,15962.0,4.14,9.51,0.0241
2025-09-15,13,21836,906522.0,4.02,8.44,0.0122
2025-09-15,14,24778,590233.0,3.65,6.84,0.0066
2025-09-15,15,3546,95439.0,4.94,9.82,0.034
2025-09-15,16,9634,228465.0,4.02,8.04,0.0163
2025-09-15,17,35955,806356.0,4.48,8.9,0.0177
2025-09-15,18,20949,406692.0,4.07,7.89,0.0143
2025-09-15,19,4185,101912.0,4.47,8.69,0.0201
2025-09-15,20,13591,284161.0,3.87,7.59,0.0143
2025-09-15,21,11778,246743.0,3.72,6.78,0.0105
2025-09-15,22,15753,329428.0,3.81,6.94,0.0107
2025-09-15,23,7740,185159.0,5.04,12.51,0.0691
2025-09-15,24,5932,152127.0,4.0,7.46,0.0068
2025-09-15,25,27481,790496.0,4.16,8.38,0.0133
2025-09-15,26,23922,473955.0,4.54,8.4,0.0142
2025-09-15,27,261,10715.0,8.58,19.12,0.1837
2025-09-15,28,11722,256929.0,3.93,7.58,0.013
2025-09-15,29,10195,213654.0,3.8,7.4,0.0125
2025-09-15,30,291,8374.0,7.24,15.94,0.1123
2025-09-15,31,1798,48473.0,4.34,9.08,0.0247
2025-09-15,32,10801,217219.0,3.85,7.73,0.0119
2025-09-15,33,24249,782738.0,4.21,8.65,0.0139
2025-09-15,34,7013,225183.0,5.9,13.67,0.0757
2025-09-15,35,25612,497895.0,4.61,8.86,0.0159
2025-09-15,36,36142,841006.0,4.05,8.26,0.0129
2025-09-15,37,50573,1202995.0,4.1,8.09,0.012
2025-09-15,38,5965,149198.0,4.23,8.94,0.0195
2025-09-15,39,32632,625794.0,4.38,8.53,0.013
2025-09-15,40,11522,321898.0,3.73,7.09,0.0049
2025-09-15,41,29250,670284.0,4.56,8.97,0.0177
2025-09-15,42,39020,828196.0,4.67,9.22,0.0203
2025-09-15,43,7378,256247.0,3.88,8.13,0.0096
2025-09-15,44,2101,62876.0,5.81,13.88,0.0871
2025-09-15,45,12229,376317.0,4.54,9.53,0.0241
2025-09-15,46,1061,38845.0,7.5,15.44,0.1125
2025-09-15,47,14844,277411.0,4.1,7.73,0.0101
2025-09-15,48,45470,1603549.0,3.78,8.02,0.012
2025-09-15,49,27326,686582.0,4.04,7.84,0.0092
2025-09-15,50,26190,837264.0,4.04,8.3,0.014
2025-09-15,51,17279,389972.0,4.46,8.87,0.0193
2025-09-15,52,7114,206745.0,3.61,7.12,0.0062
2025-09-15,53,7452,192073.0,4.55,9.92,0.0335
2025-09-15,54,2826,77949.0,3.79,7.7,0.0097
2025-09-15,55,11935,291288.0,4.09,8.34,0.0204
2025-09-15,56,13787,289391.0,4.12,7.87,0.0105
2025-09-15,57,1180,26369.0,4.76,10.33,0.0299
2025-09-15,58,1458,35799.0,4.97,9.41,0.019
2025-09-15,59,518,10549.0,4.11,7.07,0.0117
2025-09-15,60,9792,184696.0,4.33,8.24,0.0139
2025-09-15,61,57886,1303147.0,4.47,8.72,0.0163
2025-09-15,62,16757,391153.0,4.57,8.99,0.0172
2025-09-15,63,13688,288890.0,3.87,7.36,0.0103
2025-09-15,64,3402,92956.0,5.54,11.16,0.0439
2025-09-15,65,23158,660164.0,4.54,9.26,0.0156
2025-09-15,66,18877,588381.0,4.34,8.95,0.0146
2025-09-15,67,8270,187087.0,3.81,7.12,0.0079
2025-09-15,68,51766,1969581.0,3.69,7.97,0.0106
2025-09-15,69,22555,450664.0,4.26,8.11,0.0149
2025-09-15,70,11464,286053.0,3.65,7.41,0.0114
2025-09-15,71,18266,377989.0,4.34,8.44,0.0122
2025-09-15,72,21856,428561.0,4.7,9.09,0.0147
2025-09-15,73,4827,102446.0,3.98,7.58,0.0181
2025-09-15,74,33701,776173.0,4.6,9.24,0.0218
2025-09-15,75,29063,742529.0,4.39,8.5,0.0135
2025-09-15,76,48418,930543.0,4.1,7.83,0.0102
2025-09-15,77,12618,256457.0,4.26,8.03,0.0117
2025-09-15,78,19300,372490.0,4.07,7.77,0.0144
2025-09-15,79,55347,1627185.0,3.69,7.42,0.0086
2025-09-15,80,35235,871866.0,3.87,7.82,0.0109
2025-09-15,81,12700,245801.0,4.45,8.95,0.0209
2025-09-15,82,33208,662027.0,3.9,7.64,0.0107
2025-09-15,83,11413,224763.0,3.84,7.31,0.0082
2025-09-15,84,2347,66641.0,5.39,11.74,0.0564
2025-09-15,85,13790,306198.0,4.28,8.35,0.0108
2025-09-15,86,9577,229880.0,5.61,12.82,0.0701
2025-09-15,87,31474,1258436.0,4.02,7.95,0.0099
2025-09-15,88,13375,572154.0,4.07,8.3,0.0105
2025-09-15,89,34767,815624.0,3.95,7.48,0.0092
2025-09-15,90,31974,1086595.0,3.59,7.18,0.0055
2025-09-15,91,21658,455663.0,4.26,8.15,0.0127
2025-09-15,92,26083,646932.0,4.32,9.43,0.025
2025-09-15,93,4658,215080.0,6.14,18.82,0.1516
2025-09-15,94,9056,168082.0,4.19,7.93,0.0138
2025-09-15,95,35993,943479.0,4.19,9.8,0.0347
2025-09-15,96,823,21200.0,4.35,9.09,0.0085
2025-09-15,97,32367,842636.0,4.2,8.28,0.011
2025-09-15,98,4489,105448.0,4.33,8.27,0.0207
2025-09-15,99,134,3023.0,5.33,12.3,0.0698
2025-09-15,100,27054,1133946.0,4.11,9.24,0.0189
2025-09-15,101,4644,129422.0,4.59,10.14,0.0333
2025-09-15,102,11013,231700.0,4.15,8.61,0.0182
2025-09-15,105,3,68.0,6.53,12.3,0.0
2025-09-15,106,10554,268617.0,3.86,7.12,0.0069
2025-09-15,107,33681,1065980.0,3.78,7.34,0.0063
2025-09-15,108,6505,136640.0,3.79,6.96,0.0122
2025-09-15,109,3402,86061.0,5.49,13.12,0.0695
2025-09-15,110,9,360.0,6.42,11.7,0.0
2025-09-15,111,164,3888.0,3.34,6.53,0.0
2025-09-15,112,47418,1254530.0,3.72,7.6,0.0103
2025-09-15,113,27114,889059.0,3.81,7.44,0.006
2025-09-15,114,28119,931338.0,3.83,7.73,0.0087
2025-09-15,115,3841,79013.0,5.72,12.19,0.0647
2025-09-15,116,19707,447826.0,4.37,8.38,0.014
2025-09-15,117,7076,178497.0,5.73,13.58,0.0768
2025-09-15,118,4653,118927.0,5.4,12.57,0.0691
2025-09-15,119,14781,290054.0,4.28,8.22,0.0138
2025-09-15,120,432,9334.0,4.23,8.82,0.0188
2025-09-15,121,10869,262932.0,4.05,7.87,0.0178
2025-09-15,122,5552,119341.0,4.21,8.62,0.0202
2025-09-15,123,14193,282720.0,3.81,7.14,0.0076
2025-09-15,124,6651,158823.0,4.55,8.49,0.0153
2025-09-15,125,18021,703812.0,3.81,7.71,0.0134
2025-09-15,126,13501,269944.0,4.37,8.57,0.0159
2025-09-15,127,16380,361598.0,3.59,7.13,0.0099
2025-09-15,128,1454,35608.0,3.65,7.07,0.0083
2025-09-15,129,35069,726129.0,3.82,7.42,0.0098
2025-09-15,130,35746,782028.0,3.94,8.3,0.0136
2025-09-15,131,7447,174380.0,3.97,7.81,0.0107
2025-09-15,132,76014,5935213.0,4.49,10.63,0.027
2025-09-15,133,8325,193250.0,3.67,6.85,0.0071
2025-09-15,134,10676,235595.0,3.74,7.65,0.0114
2025-09-15,135,8882,211102.0,4.01,7.61,0.0154
2025-09-15,136,11852,237458.0,4.0,7.91,0.0159
2025-09-15,137,23409,659351.0,4.13,8.25,0.0129
2025-09-15,138,101924,6522565.0,4.97,13.08,0.0609
2025-09-15,139,9274,193450.0,4.39,8.67,0.0174
2025-09-15,140,25837,815220.0,3.9,7.88,0.0101
2025-09-15,141,29491,911976.0,3.78,7.04,0.0055
2025-09-15,142,30863,1103169.0,3.86,7.46,0.0077
2025-09-15,143,22391,687781.0,3.97,7.71,0.0067
2025-09-15,144,32174,1125772.0,4.47,9.74,0.0233
2025-09-15,145,41696,1040704.0,3.62,6.99,0.006
2025-09-15,146,13017,322835.0,3.38,6.61,0.0058
2025-09-15,147,9009,179583.0,3.91,7.14,0.0099
2025-09-15,148,51133,1639268.0,3.99,8.76,0.0162
2025-09-15,149,11887,233111.0,3.69,6.75,0.0075
2025-09-15,150,5239,120550.0,3.83,7.62,0.0112
2025-09-15,151,12557,342107.0,4.09,7.81,0.0094
2025-09-15,152,10508,243203.0,4.44,8.42,0.0146
2025-09-15,153,4156,76484.0,4.26,8.14,0.0139
2025-09-15,154,486,16829.0,5.16,11.4,0.0376
2025-09-15,155,11941,280859.0,4.37,8.82,0.0221
2025-09-15,156,6272,121582.0,4.64,10.58,0.0493
2025-09-15,157,16825,382384.0,4.34,9.08,0.0178
2025-09-15,158,28459,1021019.0,3.71,7.4,0.0062
2025-09-15,159,19793,388434.0,4.06,7.82,0.0112
2025-09-15,160,10308,224972.0,4.21,7.75,0.0114
2025-09-15,161,55303,2506152.0,3.96,9.37,0.018
2025-09-15,162,37988,1604065.0,3.57,7.5,0.0076
2025-09-15,163,39349,1767436.0,3.66,7.57,0.0065
2025-09-15,164,49514,1936274.0,4.0,8.52,0.013
2025-09-15,165,14155,310626.0,3.82,7.17,0.0084
2025-09-15,166,19252,503033.0,3.89,7.44,0.0072
2025-09-15,167,16274,313251.0,4.09,7.46,0.0096
2025-09-15,168,29284,623532.0,4.22,8.26,0.0152
2025-09-15,169,20641,390586.0,4.19,8.08,0.0155
2025-09-15,170,42468,1470125.0,3.92,8.09,0.0104
2025-09-15,171,9324,199635.0,3.84,7.45,0.0129
2025-09-15,172,3064,72734.0,5.37,13.07,0.0718
2025-09-15,173,11244,228959.0,4.39,8.62,0.0163
2025-09-15,174,19590,406619.0,3.69,7.53,0.012
2025-09-15,175,4128,109331.0,4.44,8.84,0.0249
2025-09-15,176,1684,44656.0,5.72,13.37,0.0715
2025-09-15,177,18764,389435.0,4.44,8.59,0.0143
2025-09-15,178,4667,94835.0,3.9,7.26,0.0093
2025-09-15,179,17271,404935.0,3.61,7.08,0.0101
2025-09-15,180,7902,155403.0,3.83,7.24,0.0068
2025-09-15,181,43194,1145133.0,3.45,6.77,0.005
2025-09-15,182,11661,241687.0,3.87,7.5,0.0085
2025-09-15,183,5855,122845.0,4.01,7.63,0.0111
2025-09-15,184,1185,27492.0,4.72,9.18,0.0297
2025-09-15,185,14011,304019.0,3.97,7.69,0.014
2025-09-15,186,31257,1160012.0,3.66,8.63,0.0178
2025-09-15,187,3405,68362.0,4.94,11.64,0.0602
2025-09-15,188,33375,756534.0,4.35,8.4,0.0138
2025-09-15,189,15872,420339.0,3.95,7.63,0.0085
2025-09-15,190,2564,62954.0,4.1,8.25,0.0099
2025-09-15,191,13696,304146.0,4.19,8.74,0.0237
2025-09-15,192,6333,142478.0,3.78,7.22,0.0121
2025-09-15,193,8754,214448.0,3.69,7.34,0.0098
2025-09-15,194,1393,53801.0,4.7,11.48,0.0386
2025-09-15,195,10513,330083.0,4.49,9.63,0.0237
2025-09-15,196,12032,266909.0,4.02,7.85,0.0127
2025-09-15,197,19480,398588.0,3.88,7.65,0.0112
2025-09-15,198,29052,665793.0,4.11,7.82,0.0109
2025-09-15,200,10831,305346.0,4.4,8.73,0.0179
2025-09-15,201,3092,97185.0,5.4,12.39,0.0586
2025-09-15,202,3258,108698.0,5.43,11.22,0.0353
2025-09-15,203,9001,184617.0,5.33,10.53,0.0276
2025-09-15,204,1239,40955.0,5.52,13.83,0.0814
2025-09-15,205,19138,406880.0,4.57,9.21,0.0202
2025-09-15,206,9478,193149.0,4.78,11.61,0.0521
2025-09-15,207,801,12808.0,3.41,6.32,0.005
2025-09-15,208,15080,349071.0,4.17,8.58,0.0157
2025-09-15,209,10989,412850.0,4.37,8.47,0.0119
2025-09-15,210,15033,302975.0,3.74,6.98,0.0089
2025-09-15,211,27273,994722.0,3.76,7.74,0.009
2025-09-15,212,12051,227465.0,4.03,7.87,0.0108
2025-09-15,213,20816,415088.0,4.27,8.32,0.0152
2025-09-15,214,4045,97465.0,4.77,11.59,0.0603
2025-09-15,215,13900,268635.0,4.17,8.24,0.0127
2025-09-15,216,28989,581742.0,3.54,6.99,0.0081
2025-09-15,217,8319,159262.0,4.99,10.24,0.0276
2025-09-15,218,9604,207807.0,4.37,8.31,0.0127
2025-09-15,219,8644,188609.0,4.6,8.62,0.017
2025-09-15,220,17305,373534.0,4.04,7.99,0.0125
2025-09-15,221,6606,131391.0,5.22,11.96,0.0567
2025-09-15,222,5619,119434.0,4.72,8.81,0.0145
2025-09-15,223,24034,558508.0,3.28,6.36,0.0045
2025-09-15,224,9057,251507.0,4.88,9.22,0.0171
2025-09-15,225,35226,824111.0,4.44,8.48,0.0147
2025-09-15,226,28156,622126.0,3.77,7.03,0.0074
2025-09-15,227,11098,256853.0,4.07,7.51,0.0128
2025-09-15,228,22920,581181.0,4.11,7.75,0.0102
2025-09-15,229,26054,849025.0,3.45,6.54,0.005
2025-09-15,230,59459,2702299.0,4.08,9.75,0.0241
2025-09-15,231,55020,2072258.0,3.75,7.38,0.008
2025-09-15,232,19485,550447.0,4.8,9.48,0.0215
2025-09-15,233,26112,837021.0,3.99,8.08,0.0086
2025-09-15,234,51496,1834528.0,3.89,7.77,0.007
2025-09-15,235,18543,357059.0,4.5,8.82,0.0196
2025-09-15,236,33134,1116191.0,3.85,7.05,0.0043
2025-09-15,237,40952,1497894.0,3.49,6.64,0.0031
2025-09-15,238,22724,686818.0,3.92,7.47,0.0081
2025-09-15,239,26905,895462.0,3.74,7.02,0.0051
2025-09-15,240,3382,69649.0,4.63,9.4,0.0244
2025-09-15,241,17206,349249.0,4.05,7.84,0.0102
2025-09-15,242,18147,380861.0,3.86,7.68,0.012
2025-09-15,243,24274,588186.0,4.05,7.89,0.0148
2025-09-15,244,34230,821911.0,3.99,8.11,0.0162
2025-09-15,245,3629,83216.0,5.32,11.88,0.058
2025-09-15,246,54981,2044995.0,4.14,8.59,0.0125
2025-09-15,247,21653,416441.0,4.4,8.39,0.0142
2025-09-15,248,10891,212040.0,4.08,7.96,0.011
2025-09-15,249,41444,1353527.0,3.85,7.65,0.007
2025-09-15,250,10825,217766.0,3.84,7.37,0.0104
2025-09-15,251,3765,79336.0,4.78,10.01,0.0449
2025-09-15,252,6255,157738.0,4.74,9.39,0.0307
2025-09-15,253,269,11220.0,5.65,22.06,0.1873
2025-09-15,254,21811,431045.0,4.28,8.41,0.0191
2025-09-15,255,48862,1439419.0,3.79,7.98,0.0102
2025-09-15,256,39858,1098363.0,3.9,7.97,0.0124
2025-09-15,257,6918,185882.0,3.64,6.68,0.0049
2025-09-15,258,14066,309713.0,4.03,7.59,0.0107
2025-09-15,259,15586,315393.0,4.62,9.18,0.0226
2025-09-15,260,21187,421046.0,3.5,6.62,0.0057
2025-09-15,261,19563,873385.0,4.35,8.86,0.015
2025-09-15,262,16282,485120.0,4.25,8.14,0.0105
2025-09-15,263,24513,743664.0,3.97,7.53,0.0075
2025-09-15,265,175,4857.0,6.5,13.5,0.0819
2025-09-22,1,2,18.0,73.65,75.1,1.0
2025-09-22,2,26,779.0,6.48,16.28,0.1154
2025-09-22,3,9559,185657.0,3.83,7.45,0.011
2025-09-22,4,12150,328401.0,4.32,8.35,0.0156
2025-09-22,5,1249,34904.0,5.57,14.49,0.0934
2025-09-22,6,2610,60192.0,4.73,11.03,0.0489
2025-09-22,7,43190,944832.0,3.34,6.36,0.006
2025-09-22,8,251,5140.0,3.73,7.26,0.008
2025-09-22,9,4299,105846.0,3.8,7.83,0.015
2025-09-22,10,15014,353512.0,3.77,7.59,0.0143
2025-09-22,11,5027,112341.0,3.66,6.99,0.0115
2025-09-22,12,502,17764.0,3.78,9.17,0.0261
2025-09-22,13,19887,806262.0,3.93,8.17,0.0098
2025-09-22,14,24876,590914.0,3.69,7.19,0.0091
2025-09-22,15,3351,89887.0,5.0,10.51,0.0479
2025-09-22,16,9418,224275.0,3.98,8.31,0.0217
2025-09-22,17,33894,757121.0,4.32,8.46,0.0152
2025-09-22,18,20636,401866.0,4.02,7.92,0.017
2025-09-22,19,4126,101868.0,4.46,9.21,0.0283
2025-09-22,20,13431,282574.0,3.88,7.88,0.0163
2025-09-22,21,10990,226799.0,3.7,6.8,0.0125
2025-09-22,22,14421,295605.0,3.76,7.04,0.0116
2025-09-22,23,6927,168526.0,5.08,12.49,0.069
2025-09-22,24,5883,147408.0,3.93,7.36,0.012
2025-09-22,25,27777,792964.0,3.98,8.15,0.0123
2025-09-22,26,16097,321591.0,4.38,8.22,0.0152
2025-09-22,27,227,9357.0,8.63,16.04,0.149
2025-09-22,28,11317,247352.0,4.0,7.83,0.0151
2025-09-22,29,8695,182704.0,3.71,7.33,0.0129
2025-09-22,30,329,9690.0,7.29,16.23,0.1101
2025-09-22,31,2291,64167.0,4.25,8.7,0.0221
2025-09-22,32,10742,216849.0,3.84,7.6,0.0113
2025-09-22,33,23107,729661.0,3.91,7.93,0.0102
2025-09-22,34,4116,110176.0,4.4,9.34,0.0225
2025-09-22,35,25286,491908.0,4.5,8.82,0.0206
2025-09-22,36,36541,859886.0,4.08,8.79,0.0213
2025-09-22,37,51798,1229943.0,4.13,8.45,0.0159
2025-09-22,38,5436,128772.0,4.18,9.2,0.0236
2025-09-22,39,31917,616572.0,4.34,8.38,0.0152
2025-09-22,40,11346,318620.0,3.61,7.01,0.006
2025-09-22,41,28454,636736.0,4.38,8.49,0.0159
2025-09-22,42,38778,814199.0,4.5,8.73,0.018
2025-09-22,43,8441,300505.0,4.17,8.76,0.0147
2025-09-22,44,1992,57889.0,5.68,14.41,0.0919
2025-09-22,45,11398,338382.0,4.26,8.36,0.0141
2025-09-22,46,982,34347.0,7.5,15.12,0.1004
2025-09-22,47,14359,268029.0,4.09,7.84,0.0144
2025-09-22,48,45706,1658226.0,3.86,8.17,0.013
2025-09-22,49,27333,666124.0,3.89,7.64,0.0091
2025-09-22,50,25827,834387.0,4.05,8.58,0.0188
2025-09-22,51,16939,377550.0,4.51,9.23,0.0226
2025-09-22,52,7252,205648.0,3.39,6.69,0.0052
2025-09-22,53,7013,186133.0,4.61,9.85,0.0326
2025-09-22,54,2755,73605.0,3.69,7.21,0.003
2025-09-22,55,11006,264871.0,4.08,8.48,0.0196
2025-09-22,56,13850,285617.0,4.11,8.21,0.0178
2025-09-22,57,1065,22579.0,4.51,9.72,0.0256
2025-09-22,58,1495,34818.0,4.86,9.05,0.0257
2025-09-22,59,486,9885.0,4.05,7.53,0.0021
2025-09-22,60,9746,183574.0,4.36,8.28,0.0176
2025-09-22,61,57418,1254728.0,4.36,8.58,0.0166
2025-09-22,62,16005,365118.0,4.46,8.92,0.0169
2025-09-22,63,13682,285708.0,3.94,7.62,0.0114
2025-09-22,64,3211,89821.0,5.53,11.48,0.0488
2025-09-22,65,22005,629616.0,4.29,8.87,0.016
2025-09-22,66,18328,563268.0,4.06,8.38,0.0135
2025-09-22,67,7995,177900.0,3.75,6.97,0.0099
2025-09-22,68,51144,1974646.0,3.62,7.95,0.0105
2025-09-22,69,22252,451482.0,4.31,8.56,0.02
2025-09-22,70,11527,312665.0,3.7,7.71,0.0124
2025-09-22,71,17915,372491.0,4.33,8.62,0.0172
2025-09-22,72,21245,417541.0,4.6,9.03,0.0204
2025-09-22,73,4762,100806.0,3.94,7.98,0.0224
2025-09-22,74,29783,627409.0,4.51,8.88,0.0198
2025-09-22,75,26863,669195.0,4.36,8.49,0.0163
2025-09-22,76,47760,920874.0,4.08,8.01,0.0142
2025-09-22,77,12038,240128.0,4.16,8.08,0.016
2025-09-22,78,19076,367456.0,4.07,8.05,0.0208
2025-09-22,79,54382,1620188.0,3.59,7.45,0.0084
2025-09-22,80,37076,955617.0,3.9,8.68,0.0194
2025-09-22,81,12364,238927.0,4.42,8.9,0.0221
2025-09-22,82,32991,654396.0,3.85,7.84,0.0127
2025-09-22,83,11056,217369.0,3.81,7.4,0.0121
2025-09-22,84,2182,58906.0,5.58,12.09,0.0594
2025-09-22,85,14175,319908.0,4.28,8.49,0.0167
2025-09-22,86,9164,224038.0,5.59,13.37,0.073
2025-09-22,87,30928,1252114.0,4.02,8.23,0.0112
2025-09-22,88,13063,566844.0,4.15,8.63,0.0123
2025-09-22,89,34242,795597.0,3.88,7.54,0.0123
2025-09-22,90,30371,1035496.0,3.47,7.07,0.0053
2025-09-22,91,20821,433495.0,4.25,8.16,0.0141
2025-09-22,92,25663,672969.0,4.26,9.39,0.0259
2025-09-22,93,2990,103694.0,5.09,14.5,0.0932
2025-09-22,94,9012,170700.0,4.1,7.93,0.0159
2025-09-22,95,35843,954544.0,4.2,10.41,0.0423
2025-09-22,96,786,19489.0,4.38,8.66,0.0102
2025-09-22,97,31252,791014.0,4.05,8.21,0.0148
2025-09-22,98,4225,100694.0,4.29,8.73,0.0259
2025-09-22,99,106,2441.0,5.26,11.51,0.0472
2025-09-22,100,25233,1104359.0,4.27,9.85,0.026
2025-09-22,101,4610,128308.0,4.67,10.46,0.0393
2025-09-22,102,10942,227152.0,4.06,8.23,0.0175
2025-09-22,106,10717,275516.0,3.79,7.13,0.0063
2025-09-22,107,32383,1028269.0,3.68,7.16,0.0061
2025-09-22,108,6227,128138.0,3.77,7.15,0.014
2025-09-22,109,3217,81973.0,5.51,12.65,0.0735
2025-09-22,110,10,334.0,8.6,14.89,0.1
2025-09-22,111,179,4114.0,3.43,5.99,0.0056
2025-09-22,112,47729,1271555.0,3.66,7.64,0.0121
2025-09-22,113,26851,884292.0,3.57,7.19,0.0068
2025-09-22,114,27186,894911.0,3.63,7.59,0.0098
2025-09-22,115,3815,76806.0,5.56,12.07,0.0587
2025-09-22,116,19641,440906.0,4.24,8.25,0.0176
2025-09-22,117,6670,166770.0,5.82,13.61,0.077
2025-09-22,118,4510,116452.0,5.42,13.22,0.077
2025-09-22,119,15089,351943.0,4.27,8.92,0.0254
2025-09-22,120,430,9363.0,4.33,9.27,0.0142
2025-09-22,121,10399,248075.0,4.04,8.24,0.021
2025-09-22,122,5591,120366.0,4.18,8.72,0.0235
2025-09-22,123,11490,224951.0,3.72,7.09,0.01
2025-09-22,124,6684,153743.0,4.54,8.84,0.0182
2025-09-22,125,17726,674488.0,3.6,7.07,0.0065
2025-09-22,126,13139,263333.0,4.35,8.55,0.018
2025-09-22,127,16238,359799.0,3.64,7.51,0.0118
2025-09-22,128,1422,34587.0,3.55,6.89,0.0085
2025-09-22,129,34897,711180.0,3.85,7.65,0.0117
2025-09-22,130,36309,820544.0,4.07,8.59,0.0171
2025-09-22,131,7148,164841.0,4.0,8.1,0.0182
2025-09-22,132,74981,5731005.0,4.56,10.96,0.0341
2025-09-22,133,7707,177206.0,3.59,6.67,0.0053
2025-09-22,134,10415,230027.0,3.7,7.52,0.0135
2025-09-22,135,7444,172585.0,4.02,7.86,0.0171
2025-09-22,136,11509,226313.0,3.96,7.89,0.0166
2025-09-22,137,22112,627494.0,4.19,8.83,0.0191
2025-09-22,138,100507,6387452.0,5.05,13.51,0.0698
2025-09-22,139,8978,187239.0,4.43,9.01,0.0235
2025-09-22,140,24732,786215.0,3.92,7.87,0.0122
2025-09-22,141,28247,894195.0,3.8,7.14,0.007
2025-09-22,142,31273,1127628.0,3.94,7.75,0.0092
2025-09-22,143,21745,670966.0,3.89,7.51,0.0075
2025-09-22,144,31512,1044736.0,3.86,7.77,0.0082
2025-09-22,145,40785,1013104.0,3.58,7.02,0.0074
2025-09-22,146,12320,311177.0,3.34,6.59,0.0067
2025-09-22,147,8860,175114.0,3.96,7.46,0.0147
2025-09-22,148,47195,1524141.0,3.83,8.36,0.0146
2025-09-22,149,10190,203371.0,3.63,6.84,0.0093
2025-09-22,150,4518,104523.0,3.84,7.87,0.0166
2025-09-22,151,12525,336113.0,3.99,7.68,0.0093
2025-09-22,152,10022,230241.0,4.32,8.38,0.0168
2025-09-22,153,4072,75473.0,4.24,8.68,0.0179
2025-09-22,154,444,14765.0,4.71,9.95,0.0183
2025-09-22,155,11218,266532.0,4.43,8.94,0.0246
2025-09-22,156,5922,115686.0,4.61,10.45,0.0456
2025-09-22,157,16329,388672.0,4.4,9.57,0.0238
2025-09-22,158,27478,1012275.0,3.52,7.29,0.0064
2025-09-22,159,19442,381358.0,4.08,7.98,0.0153
2025-09-22,160,10264,223634.0,4.15,8.03,0.0148
2025-09-22,161,45465,2169445.0,4.69,11.54,0.0473
2025-09-22,162,33911,1530248.0,4.17,9.65,0.0283
2025-09-22,163,32908,1575443.0,4.18,9.31,0.0244
2025-09-22,164,46588,1872795.0,4.12,9.09,0.0193
2025-09-22,165,11663,260073.0,3.71,7.1,0.0101
2025-09-22,166,19099,495559.0,3.73,7.16,0.0085
2025-09-22,167,16121,312893.0,4.08,7.63,0.0152
2025-09-22,168,28687,597593.0,4.32,8.65,0.0202
2025-09-22,169,20142,382319.0,4.16,8.16,0.0188
2025-09-22,170,37863,1349090.0,4.33,9.5,0.024
2025-09-22,171,9321,198422.0,3.83,7.84,0.0182
2025-09-22,172,2817,69412.0,5.3,12.64,0.0735
2025-09-22,173,10947,216701.0,4.45,8.76,0.0217
2025-09-22,174,19083,395970.0,3.68,7.56,0.0153
2025-09-22,175,3653,94774.0,4.48,9.58,0.0362
2025-09-22,176,1567,41457.0,5.33,11.8,0.0519
2025-09-22,177,18367,376659.0,4.35,8.31,0.0163
2025-09-22,178,3661,71997.0,3.89,7.24,0.0102
2025-09-22,179,16182,369501.0,3.6,6.83,0.008
2025-09-22,180,7648,149067.0,3.84,7.46,0.0115
2025-09-22,181,44380,1167303.0,3.38,6.65,0.0082
2025-09-22,182,11352,237349.0,3.85,7.55,0.0117
2025-09-22,183,5839,121656.0,3.99,7.92,0.0137
2025-09-22,184,1165,24951.0,4.69,9.72,0.0328
2025-09-22,185,13689,295698.0,3.95,7.83,0.0144
2025-09-22,186,30932,1203920.0,3.64,8.29,0.0137
2025-09-22,187,3181,65066.0,4.84,11.36,0.0554
2025-09-22,188,32692,736798.0,4.31,8.68,0.0162
2025-09-22,189,16842,436136.0,3.86,7.68,0.0117
2025-09-22,190,2831,67519.0,3.9,8.38,0.0125
2025-09-22,191,13437,298982.0,4.15,8.65,0.0248
2025-09-22,192,5918,132490.0,3.75,7.6,0.014
2025-09-22,193,9568,239450.0,3.71,7.24,0.0105
2025-09-22,194,1167,41229.0,5.72,12.08,0.0431
2025-09-22,195,10086,318852.0,4.43,9.5,0.0252
2025-09-22,196,11462,251055.0,3.93,7.83,0.0105
2025-09-22,197,19025,387517.0,3.92,7.87,0.0148
2025-09-22,198,28505,650625.0,4.07,7.89,0.0148
2025-09-22,199,2,72.0,8.55,9.05,0.0
2025-09-22,200,10038,283183.0,4.47,8.88,0.0225
2025-09-22,201,3040,93009.0,5.35,12.37,0.0593
2025-09-22,202,3734,122807.0,5.79,11.5,0.0447
2025-09-22,203,8694,180507.0,5.29,10.83,0.0356
2025-09-22,204,1205,35444.0,5.31,12.42,0.0773
2025-09-22,205,19333,413089.0,4.55,9.43,0.0236
2025-09-22,206,9350,193272.0,4.73,11.22,0.0485
2025-09-22,207,842,12602.0,3.51,6.82,0.0048
2025-09-22,208,14315,329552.0,4.19,8.98,0.0243
2025-09-22,209,11260,427103.0,4.32,8.65,0.0156
2025-09-22,210,13194,265851.0,3.68,7.12,0.0109
2025-09-22,211,26791,973174.0,3.53,7.06,0.0056
2025-09-22,212,11387,216762.0,4.05,8.01,0.0139
2025-09-22,213,20656,405212.0,4.31,8.65,0.0183
2025-09-22,214,3800,90960.0,4.71,11.26,0.0571
2025-09-22,215,13733,264444.0,4.15,8.5,0.0182
2025-09-22,216,28488,576023.0,3.58,7.3,0.0116
2025-09-22,217,5494,102959.0,4.72,9.37,0.0209
2025-09-22,218,9422,205636.0,4.31,8.57,0.0164
2025-09-22,219,8515,185996.0,4.6,8.99,0.023
2025-09-22,220,16946,361799.0,4.0,8.05,0.0135
2025-09-22,221,6302,124186.0,5.09,11.27,0.0494
2025-09-22,222,5190,109167.0,4.51,8.71,0.0209
2025-09-22,223,22555,504185.0,3.27,6.19,0.0049
2025-09-22,224,8793,244238.0,4.64,8.7,0.0158
2025-09-22,225,35277,817594.0,4.35,8.45,0.0167
2025-09-22,226,27355,601950.0,3.76,7.09,0.0092
2025-09-22,227,10838,248397.0,4.08,7.7,0.0171
2025-09-22,228,23402,578859.0,4.08,7.72,0.0117
2025-09-22,229,23566,805055.0,3.76,7.81,0.0124
2025-09-22,230,57802,2779957.0,4.46,10.65,0.0352
2025-09-22,231,54244,2014660.0,3.65,7.07,0.006
2025-09-22,232,18668,523416.0,4.71,9.21,0.0194
2025-09-22,233,18866,647452.0,4.72,10.45,0.0376
2025-09-22,234,48413,1738732.0,3.75,7.6,0.0083
2025-09-22,235,18316,349320.0,4.47,8.78,0.0232
2025-09-22,236,32242,1098053.0,3.84,7.1,0.0061
2025-09-22,237,35996,1351457.0,3.71,7.36,0.0071
2025-09-22,238,22042,666497.0,3.82,7.17,0.0076
2025-09-22,239,27836,951776.0,3.7,7.19,0.0079
2025-09-22,240,3178,70109.0,4.51,9.33,0.0226
2025-09-22,241,16441,331167.0,3.97,7.64,0.0136
2025-09-22,242,17136,360156.0,3.76,7.58,0.0128
2025-09-22,243,23624,551106.0,3.98,8.01,0.0174
2025-09-22,244,34172,815017.0,3.93,8.01,0.0175
2025-09-22,245,3478,77100.0,5.1,11.31,0.0509
2025-09-22,246,49859,1824979.0,3.97,8.23,0.0105
2025-09-22,247,24299,611583.0,4.57,9.92,0.0326
2025-09-22,248,10610,205636.0,4.03,7.98,0.0144
2025-09-22,249,40847,1363455.0,3.68,7.66,0.0079
2025-09-22,250,10457,211649.0,3.79,7.33,0.0117
2025-09-22,251,3626,76458.0,4.6,10.43,0.0425
2025-09-22,252,5943,144440.0,4.65,9.45,0.0298
2025-09-22,253,185,7163.0,5.03,13.65,0.0815
2025-09-22,254,21275,419810.0,4.24,8.44,0.0208
2025-09-22,255,47874,1411812.0,3.68,7.99,0.0125
2025-09-22,256,38196,1055725.0,3.77,7.79,0.012
2025-09-22,257,6891,184690.0,3.57,6.56,0.0068
2025-09-22,258,13968,305759.0,4.04,7.79,0.0145
2025-09-22,259,15657,311047.0,4.64,9.37,0.0265
2025-09-22,260,21390,420178.0,3.52,6.94,0.0063
2025-09-22,261,18674,834945.0,4.33,9.24,0.0215
2025-09-22,262,15894,472102.0,4.19,7.8,0.0095
2025-09-22,263,23693,717821.0,3.92,7.33,0.008
2025-09-22,265,197,5232.0,6.56,14.24,0.0856
2025-09-29,2,13,339.0,5.8,13.56,0.0
2025-09-29,3,10025,185731.0,3.92,7.94,0.0106
2025-09-29,4,12275,310312.0,4.04,7.93,0.0093
2025-09-29,5,1319,33666.0,5.45,12.77,0.0524
2025-09-29,6,2591,57638.0,4.68,10.97,0.033
2025-09-29,7,41950,880240.0,3.27,6.45,0.0036
2025-09-29,8,226,4797.0,3.59,6.97,0.0
2025-09-29,9,4351,95395.0,4.06,8.3,0.0146
2025-09-29,10,14814,311092.0,3.8,7.9,0.0124
2025-09-29,11,4966,103511.0,3.74,7.31,0.0106
2025-09-29,12,539,17865.0,3.43,7.87,0.0075
2025-09-29,13,20560,786969.0,3.67,7.41,0.0051
2025-09-29,14,24287,556806.0,3.56,6.86,0.0063
2025-09-29,15,3525,92295.0,4.99,10.99,0.0349
2025-09-29,16,9437,214699.0,4.09,8.47,0.0179
2025-09-29,17,35759,750414.0,4.22,8.52,0.0132
2025-09-29,18,21545,393279.0,4.05,8.24,0.014
2025-09-29,19,4175,97626.0,4.55,9.44,0.0224
2025-09-29,20,13648,269813.0,4.02,8.36,0.0152
2025-09-29,21,11418,226328.0,3.72,7.25,0.0098
2025-09-29,22,15255,303689.0,3.8,7.41,0.0104
2025-09-29,23,7095,163802.0,5.05,11.81,0.0554
2025-09-29,24,6171,151806.0,3.68,7.31,0.0108
2025-09-29,25,27083,738701.0,3.93,8.28,0.0148
2025-09-29,26,19864,383686.0,4.49,8.78,0.0198
2025-09-29,27,259,9754.0,9.11,17.37,0.1405
2025-09-29,28,11485,243091.0,3.98,7.96,0.0117
2025-09-29,29,8758,178471.0,3.77,7.57,0.0091
2025-09-29,30,270,7645.0,7.5,16.1,0.1179
2025-09-29,31,2590,66972.0,4.49,9.98,0.0289
2025-09-29,32,11649,227537.0,4.02,8.3,0.0132
2025-09-29,33,23694,726821.0,3.79,7.87,0.0105
2025-09-29,34,7497,212420.0,5.61,12.96,0.0679
2025-09-29,35,25996,481047.0,4.54,9.24,0.0204
2025-09-29,36,35342,772990.0,3.91,8.17,0.0122
2025-09-29,37,49764,1118216.0,3.97,8.11,0.0118
2025-09-29,38,5764,130487.0,4.25,9.01,0.0152
2025-09-29,39,32369,599478.0,4.35,8.68,0.0154
2025-09-29,40,11019,299619.0,3.51,6.58,0.0033
2025-09-29,41,29583,635605.0,4.21,8.29,0.0111
2025-09-29,42,39592,796364.0,4.37,8.8,0.0166
2025-09-29,43,7767,251767.0,3.58,7.55,0.007
2025-09-29,44,2092,58713.0,5.84,13.84,0.0747
2025-09-29,45,11478,319363.0,3.96,7.98,0.0104
2025-09-29,46,998,33751.0,7.89,16.12,0.1271
2025-09-29,47,15271,268000.0,4.14,8.06,0.0118
2025-09-29,48,42556,1419456.0,3.35,7.26,0.0091
2025-09-29,49,27462,650561.0,3.76,7.41,0.0079
2025-09-29,50,24776,754000.0,3.73,7.7,0.012
2025-09-29,51,18025,379669.0,4.62,9.27,0.0201
2025-09-29,52,7085,196078.0,3.44,7.1,0.0087
2025-09-29,53,6947,164295.0,4.48,9.91,0.0303
2025-09-29,54,2867,74142.0,3.6,7.07,0.0067
2025-09-29,55,11542,268722.0,4.11,8.58,0.0158
2025-09-29,56,13770,271952.0,4.09,8.15,0.0133
2025-09-29,57,971,20026.0,4.39,8.12,0.0105
2025-09-29,58,1522,33993.0,4.98,9.79,0.0271
2025-09-29,59,485,8939.0,4.08,7.99,0.0104
2025-09-29,60,10348,185707.0,4.41,8.58,0.017
2025-09-29,61,56649,1199666.0,4.29,8.59,0.0159
2025-09-29,62,15820,353143.0,4.45,9.04,0.0194
2025-09-29,63,13816,280677.0,3.89,7.65,0.0121
2025-09-29,64,3232,87020.0,5.68,11.85,0.0435
2025-09-29,65,22780,597331.0,4.27,9.0,0.0164
2025-09-29,66,19524,565023.0,4.04,8.63,0.0157
2025-09-29,67,7993,173064.0,3.75,7.23,0.0081
2025-09-29,68,46626,1678625.0,3.29,7.05,0.0071
2025-09-29,69,23281,447368.0,4.26,8.84,0.0212
2025-09-29,70,11182,267900.0,3.66,7.57,0.0097
2025-09-29,71,18496,366166.0,4.25,8.46,0.0139
2025-09-29,72,21677,404095.0,4.67,9.41,0.0196
2025-09-29,73,4773,99511.0,3.93,7.81,0.0136
2025-09-29,74,30990,613130.0,4.43,8.78,0.0154
2025-09-29,75,27348,657681.0,4.15,8.24,0.0115
2025-09-29,76,49286,898940.0,4.12,8.28,0.0146
2025-09-29,77,12622,243801.0,4.21,8.47,0.0145
2025-09-29,78,20213,365978.0,4.18,8.68,0.0177
2025-09-29,79,54953,1518124.0,3.31,6.82,0.0049
2025-09-29,80,34868,804139.0,3.78,7.93,0.0111
2025-09-29,81,13111,246644.0,4.51,9.16,0.0192
2025-09-29,82,32813,621054.0,3.84,7.68,0.0108
2025-09-29,83,11613,214100.0,3.88,7.64,0.0093
2025-09-29,84,2237,57250.0,5.56,11.91,0.0423
2025-09-29,85,13475,280765.0,4.1,7.99,0.0125
2025-09-29,86,9879,231657.0,5.81,13.58,0.0704
2025-09-29,87,28792,1096232.0,3.73,7.58,0.0071
2025-09-29,88,12213,477536.0,3.78,7.81,0.0082
2025-09-29,89,34336,758501.0,3.83,7.45,0.0076
2025-09-29,90,28780,923217.0,3.11,6.31,0.0038
2025-09-29,91,21189,416320.0,4.23,8.25,0.0128
2025-09-29,92,24897,574825.0,4.27,9.45,0.028
2025-09-29,93,2238,56020.0,4.41,9.62,0.0256
2025-09-29,94,9321,167369.0,4.17,8.38,0.0145
2025-09-29,95,33121,778152.0,4.08,8.71,0.0172
2025-09-29,96,752,17766.0,4.47,9.08,0.0201
2025-09-29,97,31666,766136.0,3.98,8.19,0.0123
2025-09-29,98,4128,93340.0,4.33,8.64,0.0143
2025-09-29,99,112,2399.0,6.22,13.31,0.055
2025-09-29,100,23301,917044.0,3.65,8.78,0.0198
2025-09-29,101,4466,120622.0,4.68,10.34,0.0304
2025-09-29,102,10648,214108.0,4.12,8.57,0.0169
2025-09-29,106,10148,248956.0,3.67,6.88,0.0055
2025-09-29,107,32308,951513.0,3.38,6.49,0.0041
2025-09-29,108,6359,131047.0,3.76,7.31,0.0102
2025-09-29,109,3312,79997.0,5.41,12.1,0.0559
2025-09-29,110,9,282.0,10.08,29.07,0.3333
2025-09-29,111,199,4245.0,3.57,6.88,0.005
2025-09-29,112,47426,1203966.0,3.72,7.91,0.0094
2025-09-29,113,25722,801978.0,3.32,6.55,0.0039
2025-09-29,114,26973,818013.0,3.31,6.79,0.005
2025-09-29,115,3876,73774.0,5.39,11.36,0.0409
2025-09-29,116,20876,438407.0,4.07,7.94,0.0129
2025-09-29,117,7343,181605.0,6.06,13.69,0.0741
2025-09-29,118,4632,115489.0,5.49,12.65,0.0617
2025-09-29,119,15497,325548.0,4.26,8.88,0.0225
2025-09-29,120,399,7709.0,4.21,8.8,0.0227
2025-09-29,121,10498,240148.0,4.12,8.22,0.013
2025-09-29,122,5577,114252.0,4.28,8.93,0.0227
2025-09-29,123,12230,234473.0,3.67,7.15,0.0077
2025-09-29,124,6886,153830.0,4.55,9.01,0.0193
2025-09-29,125,16472,609264.0,3.37,6.78,0.0076
2025-09-29,126,13633,252030.0,4.4,8.93,0.0177
2025-09-29,127,16463,344126.0,3.61,7.56,0.0082
2025-09-29,128,1365,31345.0,3.81,7.29,0.0141
2025-09-29,129,35023,682095.0,3.8,7.56,0.0091
2025-09-29,130,34939,741781.0,3.93,8.36,0.0133
2025-09-29,131,7186,161627.0,4.05,8.17,0.0136
2025-09-29,132,71588,5314907.0,4.4,10.54,0.0298
2025-09-29,133,8197,178797.0,3.62,7.11,0.0072
2025-09-29,134,10270,222485.0,3.7,7.55,0.0119
2025-09-29,135,8100,183155.0,4.01,8.2,0.0134
2025-09-29,136,11856,224539.0,3.95,8.05,0.0123
2025-09-29,137,23006,614186.0,3.68,7.34,0.0073
2025-09-29,138,92235,5690944.0,4.81,12.97,0.0571
2025-09-29,139,8960,175903.0,4.35,8.83,0.0175
2025-09-29,140,25167,770409.0,3.71,7.41,0.0079
2025-09-29,141,28896,863606.0,3.55,6.69,0.0029
2025-09-29,142,32359,1081459.0,3.56,7.0,0.0047
2025-09-29,143,22093,652285.0,3.58,6.9,0.0041
2025-09-29,144,30861,953681.0,3.66,7.27,0.0055
2025-09-29,145,40670,987211.0,3.51,6.88,0.0055
2025-09-29,146,11853,287160.0,3.25,6.41,0.0043
2025-09-29,147,9236,174395.0,3.93,7.68,0.0104
2025-09-29,148,45378,1314085.0,3.62,7.84,0.0089
2025-09-29,149,10419,200843.0,3.6,6.84,0.0071
2025-09-29,150,4575,100965.0,3.89,7.94,0.0106
2025-09-29,151,12798,327941.0,3.74,7.48,0.0086
2025-09-29,152,10139,218200.0,4.1,7.93,0.0118
2025-09-29,153,4280,74217.0,4.22,8.55,0.016
2025-09-29,154,514,16846.0,4.75,10.5,0.0335
2025-09-29,155,11727,261262.0,4.33,9.14,0.0202
2025-09-29,156,6137,118387.0,4.6,10.32,0.0354
2025-09-29,157,16400,363632.0,4.33,9.36,0.0165
2025-09-29,158,25855,876405.0,3.33,6.55,0.0031
2025-09-29,159,20432,380563.0,4.0,8.17,0.0147
2025-09-29,160,10181,213367.0,4.2,8.07,0.0107
2025-09-29,161,52288,2220674.0,3.54,8.07,0.0121
2025-09-29,162,36884,1484690.0,3.27,6.78,0.0066
2025-09-29,163,35456,1549751.0,3.32,6.98,0.0079
2025-09-29,164,43885,1573664.0,3.56,7.65,0.0119
2025-09-29,165,12654,275616.0,3.72,7.27,0.0083
2025-09-29,166,19863,488450.0,3.5,6.68,0.0057
2025-09-29,167,16599,302056.0,4.06,7.79,0.011
2025-09-29,168,29424,575934.0,4.29,8.9,0.017
2025-09-29,169,20978,374315.0,4.14,8.33,0.0158
2025-09-29,170,38432,1248747.0,3.53,7.14,0.0085
2025-09-29,171,9166,188444.0,3.85,7.7,0.0107
2025-09-29,172,2988,69802.0,5.21,12.53,0.0594
2025-09-29,173,10943,206490.0,4.32,8.54,0.0157
2025-09-29,174,19958,396121.0,3.71,7.66,0.0101
2025-09-29,175,3816,95984.0,4.56,9.21,0.023
2025-09-29,176,1652,43352.0,5.47,11.86,0.0433
2025-09-29,177,19022,378892.0,4.4,8.82,0.0159
2025-09-29,178,4246,87365.0,3.82,7.33,0.0117
2025-09-29,179,15672,344671.0,3.56,6.92,0.0063
2025-09-29,180,7765,148344.0,3.91,7.65,0.011
2025-09-29,181,42632,1077671.0,3.26,6.39,0.0038
2025-09-29,182,11907,234139.0,3.91,7.93,0.0104
2025-09-29,183,5832,117556.0,4.07,8.56,0.0148
2025-09-29,184,1263,27819.0,4.84,10.35,0.0334
2025-09-29,185,14675,305429.0,4.05,8.0,0.0121
2025-09-29,186,26702,931644.0,3.26,8.02,0.0168
2025-09-29,187,3432,65618.0,4.86,11.12,0.04
2025-09-29,188,32815,703176.0,4.19,8.35,0.013
2025-09-29,189,16271,409650.0,3.68,7.22,0.0062
2025-09-29,190,2760,62658.0,3.86,7.61,0.0084
2025-09-29,191,13456,289261.0,4.2,8.83,0.019
2025-09-29,192,6134,130396.0,3.79,7.64,0.0111
2025-09-29,193,8065,184034.0,3.63,7.33,0.0122
2025-09-29,194,1164,39756.0,5.86,12.74,0.055
2025-09-29,195,10317,300578.0,4.26,8.85,0.0196
2025-09-29,196,11985,251827.0,4.02,8.0,0.012
2025-09-29,197,19529,382886.0,3.92,7.98,0.0123
2025-09-29,198,28148,618597.0,4.03,8.07,0.0134
2025-09-29,199,3,167.0,7.05,9.37,0.0
2025-09-29,200,10268,278641.0,4.43,9.14,0.0202
2025-09-29,201,2952,91922.0,5.66,13.22,0.0712
2025-09-29,202,3257,102892.0,5.22,10.69,0.0267
2025-09-29,203,8737,174413.0,5.33,10.82,0.0313
2025-09-29,204,1245,38158.0,5.15,12.96,0.0565
2025-09-29,205,18790,376081.0,4.51,9.38,0.0206
2025-09-29,206,9442,182602.0,4.6,11.13,0.0429
2025-09-29,207,832,12870.0,3.51,6.42,0.0024
2025-09-29,208,14843,322509.0,4.25,9.17,0.0188
2025-09-29,209,10711,374919.0,4.1,8.02,0.0103
2025-09-29,210,13598,266395.0,3.73,7.43,0.0122
2025-09-29,211,23893,810060.0,3.3,6.56,0.0051
2025-09-29,212,11884,210459.0,4.1,8.37,0.0147
2025-09-29,213,21996,409086.0,4.36,9.03,0.0192
2025-09-29,214,3833,89384.0,4.58,10.95,0.0415
2025-09-29,215,13496,257186.0,4.22,8.61,0.0164
2025-09-29,216,28878,552506.0,3.61,7.43,0.0118
2025-09-29,217,7484,132543.0,4.89,10.47,0.0287
2025-09-29,218,9569,199736.0,4.35,8.67,0.016
2025-09-29,219,8504,175095.0,4.58,8.98,0.0213
2025-09-29,220,17401,356011.0,4.04,8.15,0.0128
2025-09-29,221,6550,122714.0,4.99,11.2,0.04
2025-09-29,222,5532,112416.0,4.55,8.99,0.0224
2025-09-29,223,22517,480409.0,3.21,6.29,0.0048
2025-09-29,224,8907,240611.0,4.42,8.2,0.0074
2025-09-29,225,35690,791136.0,4.29,8.46,0.0134
2025-09-29,226,28256,593043.0,3.76,7.26,0.0082
2025-09-29,227,10855,234601.0,4.03,7.82,0.0113
2025-09-29,228,23038,550549.0,4.05,7.94,0.0104
2025-09-29,229,24851,771770.0,3.26,6.11,0.003
2025-09-29,230,53640,2339852.0,3.73,9.16,0.0235
2025-09-29,231,50239,1767609.0,3.4,6.56,0.004
2025-09-29,232,18823,498494.0,4.47,8.87,0.0168
2025-09-29,233,23582,730004.0,3.56,6.91,0.0047
2025-09-29,234,46453,1559135.0,3.41,6.87,0.0061
2025-09-29,235,19299,347952.0,4.5,9.23,0.0217
2025-09-29,236,32378,1045850.0,3.59,6.64,0.0039
2025-09-29,237,36731,1297242.0,3.3,6.23,0.0023
2025-09-29,238,23322,668785.0,3.59,6.88,0.0054
2025-09-29,239,27143,850992.0,3.43,6.47,0.0044
2025-09-29,240,3274,65974.0,4.53,9.42,0.0175
2025-09-29,241,16838,321714.0,4.04,8.12,0.0131
2025-09-29,242,18038,363389.0,3.94,8.1,0.0146
2025-09-29,243,24180,537164.0,3.85,7.81,0.012
2025-09-29,244,34262,771054.0,3.77,7.75,0.0124
2025-09-29,245,3687,76351.0,5.0,10.81,0.0383
2025-09-29,246,46931,1634815.0,3.69,7.67,0.0087
2025-09-29,247,25486,606012.0,4.53,9.83,0.0315
2025-09-29,248,11087,202387.0,4.11,8.45,0.0154
2025-09-29,249,39367,1212901.0,3.3,6.68,0.0039
2025-09-29,250,10847,207449.0,3.87,7.71,0.0129
2025-09-29,251,3684,75454.0,4.66,10.56,0.0395
2025-09-29,252,6101,144375.0,4.65,9.62,0.0237
2025-09-29,253,154,3996.0,4.57,10.76,0.0263
2025-09-29,254,22721,431408.0,4.47,9.23,0.0189
2025-09-29,255,47519,1316478.0,3.61,7.99,0.0092
2025-09-29,256,37439,969376.0,3.72,7.71,0.0085
2025-09-29,257,6676,172502.0,3.55,6.65,0.0057
2025-09-29,258,14027,293804.0,4.05,8.1,0.0134
2025-09-29,259,16029,309870.0,4.76,9.65,0.0218
2025-09-29,260,21313,397355.0,3.51,6.84,0.0055
2025-09-29,261,17675,742848.0,3.93,8.05,0.0097
2025-09-29,262,15919,447121.0,4.04,7.54,0.0058
2025-09-29,263,24021,691589.0,3.73,7.02,0.006
2025-09-29,265,181,4304.0,6.57,13.76,0.092
2025-10-06,2,12,393.0,7.3,12.75,0.0
2025-10-06,3,10112,183261.0,3.97,8.12,0.0108
2025-10-06,4,12867,313191.0,4.23,8.53,0.0129
2025-10-06,5,1319,33533.0,5.76,12.78,0.0462
2025-10-06,6,2675,60130.0,4.76,10.82,0.0325
2025-10-06,7,43644,894408.0,3.34,6.67,0.0041
2025-10-06,8,212,6420.0,3.61,8.71,0.0095
2025-10-06,9,4428,97184.0,4.05,8.23,0.0127
2025-10-06,10,15557,331660.0,3.82,7.76,0.0104
2025-10-06,11,5194,107063.0,3.75,7.45,0.0094
2025-10-06,12,604,20164.0,3.64,8.74,0.0183
2025-10-06,13,21735,828350.0,3.78,7.59,0.0057
2025-10-06,14,24934,555169.0,3.62,7.08,0.0054
2025-10-06,15,3452,85480.0,5.13,10.88,0.0328
2025-10-06,16,9872,226002.0,4.21,9.02,0.0164
2025-10-06,17,36732,776441.0,4.27,8.81,0.0146
2025-10-06,18,21946,395120.0,4.19,8.9,0.0167
2025-10-06,19,4488,100340.0,4.63,9.44,0.0175
2025-10-06,20,14139,286841.0,4.04,8.61,0.013
2025-10-06,21,12321,236892.0,3.74,7.45,0.0092
2025-10-06,22,15422,298431.0,3.83,7.61,0.0087
2025-10-06,23,7781,176720.0,5.22,12.11,0.0504
2025-10-06,24,6404,153022.0,3.89,7.67,0.0085
2025-10-06,25,29116,766250.0,3.98,8.18,0.0097
2025-10-06,26,15159,307159.0,4.24,8.24,0.0106
2025-10-06,27,192,7996.0,9.53,19.1,0.2398
2025-10-06,28,11722,241986.0,4.02,8.0,0.0085
2025-10-06,29,9170,181040.0,3.73,7.49,0.0085
2025-10-06,30,269,6972.0,7.5,15.62,0.1202
2025-10-06,31,2161,54824.0,4.51,9.93,0.0224
2025-10-06,32,11568,218086.0,4.05,8.35,0.0089
2025-10-06,33,23748,718545.0,3.78,7.62,0.0077
2025-10-06,34,6188,193781.0,5.09,13.14,0.0705
2025-10-06,35,27116,490468.0,4.62,9.51,0.0182
2025-10-06,36,37621,815247.0,4.12,9.05,0.016
2025-10-06,37,51970,1152104.0,4.13,8.63,0.013
2025-10-06,38,5789,126774.0,4.22,9.12,0.0176
2025-10-06,39,33641,623714.0,4.41,9.04,0.0171
2025-10-06,40,11544,299416.0,3.61,6.97,0.0044
2025-10-06,41,31093,659592.0,4.36,8.74,0.0133
2025-10-06,42,40924,810314.0,4.58,9.23,0.0167
2025-10-06,43,7875,260689.0,3.72,7.82,0.0093
2025-10-06,44,1992,56321.0,5.97,14.15,0.077
2025-10-06,45,12552,340907.0,4.06,8.42,0.0116
2025-10-06,46,863,29302.0,7.23,15.56,0.1155
2025-10-06,47,15691,269830.0,4.24,8.53,0.0131
2025-10-06,48,47695,1560046.0,3.55,7.88,0.0126
2025-10-06,49,29679,698196.0,3.92,8.1,0.0092
2025-10-06,50,25751,771447.0,3.93,8.39,0.0157
2025-10-06,51,18228,378429.0,4.72,9.64,0.0193
2025-10-06,52,7391,198870.0,3.44,6.82,0.007
2025-10-06,53,7512,181633.0,4.91,10.65,0.0308
2025-10-06,54,3028,78985.0,3.63,7.1,0.0057
2025-10-06,55,12066,266475.0,4.19,8.88,0.0178
2025-10-06,56,14083,269288.0,4.1,8.24,0.011
2025-10-06,57,1096,21117.0,4.3,8.74,0.0129
2025-10-06,58,1529,33956.0,5.03,9.96,0.0256
2025-10-06,59,517,9612.0,4.15,7.94,0.0117
2025-10-06,60,11047,193499.0,4.51,9.13,0.0151
2025-10-06,61,58611,1223850.0,4.4,9.31,0.0185
2025-10-06,62,16394,359769.0,4.54,9.78,0.0216
2025-10-06,63,14098,278205.0,3.93,8.07,0.0102
2025-10-06,64,3336,86928.0,5.58,11.83,0.0345
2025-10-06,65,25175,678245.0,4.33,9.14,0.0145
2025-10-06,66,19181,549115.0,3.99,8.17,0.0096
2025-10-06,67,8414,175919.0,3.78,7.54,0.0075
2025-10-06,68,53343,1940793.0,3.5,8.19,0.0166
2025-10-06,69,24079,456163.0,4.38,9.25,0.0189
2025-10-06,70,11946,288982.0,3.78,7.99,0.0102
2025-10-06,71,18830,367894.0,4.32,8.76,0.0128
2025-10-06,72,22217,409819.0,4.65,9.61,0.0199
2025-10-06,73,5013,97630.0,4.07,8.37,0.0152
2025-10-06,74,32744,639987.0,4.57,9.12,0.0155
2025-10-06,75,28931,684513.0,4.33,8.7,0.0134
2025-10-06,76,51145,917437.0,4.17,8.51,0.0135
2025-10-06,77,13283,247091.0,4.28,8.7,0.0146
2025-10-06,78,21294,382819.0,4.27,9.07,0.018
2025-10-06,79,60876,1635405.0,3.56,7.53,0.0069
2025-10-06,80,41177,971989.0,4.08,9.29,0.0216
2025-10-06,81,12891,233293.0,4.58,9.43,0.0188
2025-10-06,82,33914,624637.0,3.86,7.83,0.0096
2025-10-06,83,11224,203984.0,3.88,7.63,0.0084
2025-10-06,84,2322,59694.0,5.86,12.73,0.0529
2025-10-06,85,14382,296726.0,4.16,8.26,0.0102
2025-10-06,86,9724,216838.0,5.69,12.93,0.0616
2025-10-06,87,31999,1215363.0,3.84,7.86,0.0072
2025-10-06,88,14058,560435.0,3.88,8.04,0.0082
2025-10-06,89,35637,770937.0,3.83,7.5,0.0071
2025-10-06,90,32172,1038866.0,3.28,6.85,0.0043
2025-10-06,91,21536,418559.0,4.28,8.54,0.0118
2025-10-06,92,26618,622658.0,4.36,9.57,0.0231
2025-10-06,93,2458,60422.0,4.48,9.63,0.0229
2025-10-06,94,9800,170273.0,4.31,8.71,0.0137
2025-10-06,95,31935,683114.0,4.02,8.17,0.0092
2025-10-06,96,677,15819.0,4.69,9.25,0.0193
2025-10-06,97,33687,784512.0,4.1,8.56,0.0132
2025-10-06,98,4304,96130.0,4.53,9.12,0.0156
2025-10-06,99,122,2475.0,6.08,11.83,0.0246
2025-10-06,100,26409,1048760.0,3.89,9.27,0.0221
2025-10-06,101,4537,116825.0,4.78,10.54,0.0338
2025-10-06,102,11113,223277.0,4.16,8.8,0.0147
2025-10-06,105,1,32.0,11.48,11.48,0.0
2025-10-06,106,11040,267317.0,3.74,7.12,0.0048
2025-10-06,107,35926,1038790.0,3.55,7.17,0.0047
2025-10-06,108,6871,137683.0,3.84,7.48,0.0077
2025-10-06,109,3361,79177.0,5.45,12.2,0.052
2025-10-06,110,5,179.0,9.0,14.53,0.0
2025-10-06,111,162,3618.0,3.47,6.49,0.0063
2025-10-06,112,53580,1345538.0,3.8,8.52,0.0178
2025-10-06,113,28472,873061.0,3.55,7.26,0.0055
2025-10-06,114,29780,896638.0,3.61,7.73,0.0082
2025-10-06,115,3998,75009.0,5.62,11.82,0.0439
2025-10-06,116,20759,434154.0,4.24,8.64,0.0134
2025-10-06,117,7345,175362.0,6.06,13.58,0.0722
2025-10-06,118,4907,120785.0,5.6,12.54,0.0532
2025-10-06,119,15861,325564.0,4.37,9.29,0.0227
2025-10-06,120,413,8786.0,4.11,8.76,0.0097
2025-10-06,121,10761,242472.0,4.15,8.67,0.0118
2025-10-06,122,5699,113016.0,4.22,9.17,0.0188
2025-10-06,123,11713,220069.0,3.64,7.08,0.0057
2025-10-06,124,6915,153388.0,4.67,9.45,0.0223
2025-10-06,125,18028,649062.0,3.52,7.57,0.0158
2025-10-06,126,14558,265860.0,4.49,9.33,0.017
2025-10-06,127,17181,359387.0,3.68,7.91,0.0107
2025-10-06,128,1462,35337.0,3.64,7.87,0.0097
2025-10-06,129,36229,695773.0,3.86,7.87,0.0084
2025-10-06,130,36725,756680.0,4.0,8.62,0.0142
2025-10-06,131,7493,165975.0,4.12,8.49,0.01
2025-10-06,132,77299,5711277.0,4.69,11.18,0.0354
2025-10-06,133,8083,176471.0,3.57,7.0,0.0054
2025-10-06,134,10734,226456.0,3.75,7.63,0.0086
2025-10-06,135,8043,174818.0,4.03,8.03,0.0094
2025-10-06,136,12333,227964.0,4.03,8.54,0.0135
2025-10-06,137,24492,628526.0,3.88,8.12,0.0113
2025-10-06,138,102219,6413330.0,5.17,13.48,0.0682
2025-10-06,139,9151,175009.0,4.42,8.84,0.0133
2025-10-06,140,26446,793339.0,3.83,7.91,0.0087
2025-10-06,141,29947,877265.0,3.66,7.05,0.0039
2025-10-06,142,33744,1141757.0,3.73,7.36,0.0043
2025-10-06,143,22634,668911.0,3.84,7.7,0.0068
2025-10-06,144,35326,1083411.0,3.81,7.83,0.0076
2025-10-06,145,43940,1028756.0,3.63,7.36,0.0069
2025-10-06,146,12721,305573.0,3.37,6.88,0.0053
2025-10-06,147,9808,181496.0,4.12,8.4,0.0129
2025-10-06,148,49775,1422171.0,3.75,8.26,0.0105
2025-10-06,149,10533,198447.0,3.56,6.87,0.0051
2025-10-06,150,4786,99846.0,3.86,8.07,0.0127
2025-10-06,151,13184,343937.0,3.94,7.71,0.0095
2025-10-06,152,10886,232984.0,4.24,8.5,0.0138
2025-10-06,153,4423,74936.0,4.32,8.72,0.0123
2025-10-06,154,411,13923.0,5.04,11.98,0.0546
2025-10-06,155,11731,256146.0,4.42,9.42,0.0189
2025-10-06,156,6493,116438.0,4.71,10.84,0.036
2025-10-06,157,15738,324159.0,4.26,9.19,0.0166
2025-10-06,158,27780,944864.0,3.5,7.28,0.0051
2025-10-06,159,21729,403608.0,4.17,8.58,0.0138
2025-10-06,160,10299,212976.0,4.21,8.38,0.0114
2025-10-06,161,60355,2586019.0,3.77,8.64,0.0146
2025-10-06,162,41757,1664320.0,3.36,7.06,0.0057
2025-10-06,163,41623,1750875.0,3.57,7.42,0.0065
2025-10-06,164,52247,1878758.0,3.77,8.06,0.0104
2025-10-06,165,10851,232850.0,3.63,7.15,0.0057
2025-10-06,166,20576,508429.0,3.72,7.47,0.007
2025-10-06,167,17613,315684.0,4.18,8.16,0.0099
2025-10-06,168,30421,596633.0,4.38,9.03,0.0181
2025-10-06,169,21831,380175.0,4.25,8.72,0.0123
2025-10-06,170,43221,1389651.0,3.65,7.67,0.0076
2025-10-06,171,9495,189712.0,3.94,8.37,0.0103
2025-10-06,172,3015,65356.0,5.36,12.5,0.0499
2025-10-06,173,11749,216281.0,4.29,8.58,0.013
2025-10-06,174,20894,405614.0,3.84,8.06,0.0104
2025-10-06,175,4076,99012.0,4.47,9.4,0.0173
2025-10-06,176,1634,40741.0,5.6,12.46,0.0504
2025-10-06,177,20473,390892.0,4.5,9.16,0.017
2025-10-06,178,3338,64700.0,3.8,7.23,0.0048
2025-10-06,179,16713,358527.0,3.6,7.18,0.0064
2025-10-06,180,7798,143387.0,3.83,7.59,0.0054
2025-10-06,181,45065,1114102.0,3.36,6.63,0.0042
2025-10-06,182,12116,236820.0,4.03,8.08,0.0102
2025-10-06,183,6016,117803.0,4.08,8.65,0.0138
2025-10-06,184,1106,21746.0,4.6,9.43,0.0174
2025-10-06,185,14799,300410.0,4.06,8.23,0.0122
2025-10-06,186,31379,1099081.0,3.4,8.4,0.0151
2025-10-06,187,3580,65912.0,5.03,11.1,0.0391
2025-10-06,188,34108,723363.0,4.2,8.6,0.0139
2025-10-06,189,18181,440244.0,3.94,8.1,0.01
2025-10-06,190,3160,72855.0,4.09,8.69,0.015
2025-10-06,191,14087,291559.0,4.27,9.0,0.017
2025-10-06,192,6328,132747.0,3.82,7.9,0.0075
2025-10-06,193,9113,214294.0,3.73,7.74,0.0095
2025-10-06,194,1571,58808.0,6.77,14.75,0.0914
2025-10-06,195,9933,275579.0,4.32,9.0,0.0146
2025-10-06,196,12585,256586.0,4.06,8.3,0.0111
2025-10-06,197,19822,379572.0,3.97,8.23,0.0105
2025-10-06,198,30077,649731.0,4.09,8.51,0.0131
2025-10-06,199,3,134.0,6.5,12.33,0.0
2025-10-06,200,10596,287775.0,4.62,9.4,0.0204
2025-10-06,201,2918,88744.0,5.78,13.5,0.0711
2025-10-06,202,3307,101772.0,5.57,11.55,0.0353
2025-10-06,203,9019,176640.0,5.29,10.53,0.0276
2025-10-06,204,1266,38738.0,5.43,12.68,0.0507
2025-10-06,205,19244,374508.0,4.54,9.46,0.0192
2025-10-06,206,10060,187196.0,4.74,11.46,0.0447
2025-10-06,207,930,13635.0,3.58,6.55,0.0032
2025-10-06,208,14959,318822.0,4.36,9.31,0.0188
2025-10-06,209,12193,411851.0,4.13,8.24,0.0095
2025-10-06,210,14463,271145.0,3.75,7.51,0.0083
2025-10-06,211,26488,883301.0,3.44,7.32,0.0084
2025-10-06,212,12192,210368.0,4.19,8.65,0.0136
2025-10-06,213,22284,406446.0,4.49,9.21,0.0188
2025-10-06,214,4081,94940.0,4.77,11.02,0.0386
2025-10-06,215,13905,255890.0,4.35,8.94,0.019
2025-10-06,216,29332,559292.0,3.61,7.57,0.0092
2025-10-06,217,6045,116838.0,4.65,9.68,0.0183
2025-10-06,218,9873,197165.0,4.31,8.59,0.0144
2025-10-06,219,8825,179086.0,4.56,8.94,0.0144
2025-10-06,220,17643,356450.0,4.18,8.55,0.0126
2025-10-06,221,6687,124689.0,5.06,11.41,0.0427
2025-10-06,222,5752,114177.0,4.61,9.3,0.0172
2025-10-06,223,22638,477067.0,3.28,6.45,0.004
2025-10-06,224,9403,243252.0,4.56,8.92,0.0134
2025-10-06,225,36580,804755.0,4.36,9.04,0.0163
2025-10-06,226,29661,603346.0,3.83,7.62,0.0085
2025-10-06,227,11259,236811.0,4.03,7.98,0.0078
2025-10-06,228,24057,573759.0,4.15,8.14,0.0097
2025-10-06,229,27187,829370.0,3.33,6.39,0.003
2025-10-06,230,62829,2705542.0,3.95,9.48,0.0239
2025-10-06,231,54873,1908191.0,3.47,6.84,0.0057
2025-10-06,232,20166,516318.0,4.65,9.33,0.0163
2025-10-06,233,25939,790055.0,3.62,7.22,0.0058
2025-10-06,234,53324,1781161.0,3.64,7.57,0.0073
2025-10-06,235,19903,356026.0,4.61,9.66,0.0188
2025-10-06,236,33595,1078950.0,3.75,7.09,0.0047
2025-10-06,237,41028,1422600.0,3.4,6.45,0.0033
2025-10-06,238,22833,675649.0,3.76,7.3,0.0057
2025-10-06,239,28161,896104.0,3.62,7.08,0.0042
2025-10-06,240,3362,65328.0,4.87,9.94,0.0245
2025-10-06,241,17972,338651.0,4.13,8.33,0.01
2025-10-06,242,18672,367117.0,3.99,8.44,0.0136
2025-10-06,243,24772,543556.0,4.0,8.26,0.0107
2025-10-06,244,35432,799901.0,3.95,8.39,0.0148
2025-10-06,245,3787,80288.0,5.22,11.53,0.0469
2025-10-06,246,58547,2152491.0,4.15,10.2,0.0357
2025-10-06,247,26402,599431.0,4.65,10.06,0.0309
2025-10-06,248,11225,200500.0,4.2,8.72,0.0119
2025-10-06,249,42731,1288318.0,3.6,7.61,0.0057
2025-10-06,250,11320,212522.0,3.94,8.17,0.0096
2025-10-06,251,3778,75054.0,4.87,10.53,0.0301
2025-10-06,252,6409,149422.0,4.76,9.87,0.0222
2025-10-06,253,132,3337.0,5.27,10.17,0.0379
2025-10-06,254,23237,434257.0,4.46,9.22,0.0173
2025-10-06,255,52167,1413814.0,3.76,8.55,0.0136
2025-10-06,256,41101,1047795.0,3.84,8.25,0.0129
2025-10-06,257,7152,180720.0,3.57,6.74,0.0047
2025-10-06,258,14421,299815.0,4.1,8.17,0.0105
2025-10-06,259,16215,306878.0,4.82,9.87,0.0217
2025-10-06,260,21349,391903.0,3.51,7.02,0.0039
2025-10-06,261,20128,842231.0,4.04,8.31,0.0112
2025-10-06,262,16250,464027.0,4.21,8.28,0.0081
2025-10-06,263,25061,725451.0,3.91,7.55,0.0058
2025-10-06,265,187,4294.0,7.75,16.25,0.1236
2025-10-13,1,1,58.0,,,
2025-10-13,2,13,282.0,8.95,18.97,0.3077
2025-10-13,3,10063,182124.0,4.06,8.43,0.0103
2025-10-13,4,13355,327257.0,4.38,9.09,0.017
2025-10-13,5,1382,35682.0,5.74,12.97,0.0593
2025-10-13,6,2691,59300.0,4.82,10.84,0.026
2025-10-13,7,44431,908303.0,3.38,6.76,0.0043
2025-10-13,8,203,3953.0,3.47,7.34,0.0049
2025-10-13,9,4355,91602.0,4.14,8.61,0.011
2025-10-13,10,15158,320891.0,3.95,8.05,0.0106
2025-10-13,11,5320,108519.0,3.79,7.77,0.0076
2025-10-13,12,526,17297.0,3.87,9.0,0.0134
2025-10-13,13,22193,854225.0,3.87,7.88,0.0066
2025-10-13,14,26048,578418.0,3.64,7.16,0.0045
2025-10-13,15,3498,87708.0,5.12,10.45,0.028
2025-10-13,16,9795,220981.0,4.2,9.08,0.0155
2025-10-13,17,36186,741616.0,4.28,9.03,0.0165
2025-10-13,18,22049,392232.0,4.17,8.62,0.0121
2025-10-13,19,4447,103273.0,4.76,9.79,0.0203
2025-10-13,20,14498,289575.0,4.07,8.72,0.0154
2025-10-13,21,12020,229177.0,3.77,7.54,0.0092
2025-10-13,22,15796,301565.0,3.81,7.61,0.009
2025-10-13,23,7622,172165.0,5.23,12.3,0.0493
2025-10-13,24,6543,159151.0,4.03,7.97,0.0096
2025-10-13,25,29003,771059.0,3.98,8.14,0.0096
2025-10-13,26,16986,317460.0,4.26,8.28,0.0122
2025-10-13,27,186,7690.0,9.43,18.99,0.1951
2025-10-13,28,11804,245027.0,4.11,8.5,0.0099
2025-10-13,29,9180,180398.0,3.78,7.79,0.0081
2025-10-13,30,231,6187.0,8.06,15.78,0.1244
2025-10-13,31,2809,70893.0,4.57,9.8,0.0258
2025-10-13,32,11545,217962.0,4.03,8.4,0.0105
2025-10-13,33,24501,732525.0,3.86,7.8,0.0079
2025-10-13,34,6596,172965.0,4.47,10.33,0.032
2025-10-13,35,27332,490992.0,4.69,9.89,0.0221
2025-10-13,36,38373,804562.0,4.07,8.82,0.015
2025-10-13,37,52967,1153591.0,4.13,8.84,0.0146
2025-10-13,38,6002,138132.0,4.35,9.84,0.0231
2025-10-13,39,33733,616924.0,4.48,9.31,0.0183
2025-10-13,40,12034,314349.0,3.63,6.97,0.0056
2025-10-13,41,31064,644938.0,4.51,9.01,0.0143
2025-10-13,42,41543,807621.0,4.7,9.65,0.02
2025-10-13,43,8201,268500.0,3.87,7.97,0.0059
2025-10-13,44,2053,58706.0,5.9,13.63,0.0703
2025-10-13,45,12049,329025.0,4.12,8.69,0.0135
2025-10-13,46,955,32435.0,7.92,15.8,0.1168
2025-10-13,47,15245,259840.0,4.31,8.81,0.0147
2025-10-13,48,46240,1530113.0,3.63,7.77,0.0119
2025-10-13,49,28471,654048.0,3.89,8.0,0.0093
2025-10-13,50,26182,778441.0,3.96,8.03,0.0122
2025-10-13,51,18782,379283.0,4.73,9.8,0.02
2025-10-13,52,7732,204148.0,3.48,6.89,0.0043
2025-10-13,53,7475,175829.0,5.03,10.97,0.0361
2025-10-13,54,2976,73225.0,3.64,7.27,0.0061
2025-10-13,55,11851,261372.0,4.22,9.0,0.0155
2025-10-13,56,14565,276205.0,4.21,8.63,0.0153
2025-10-13,57,1127,21415.0,4.39,8.98,0.0152
2025-10-13,58,1531,34090.0,5.01,10.55,0.0235
2025-10-13,59,524,9326.0,4.37,8.3,0.0097
2025-10-13,60,10679,187272.0,4.49,9.17,0.0163
2025-10-13,61,60511,1227208.0,4.36,9.17,0.0169
2025-10-13,62,16779,361268.0,4.47,9.36,0.0181
2025-10-13,63,14329,280454.0,3.99,8.18,0.0094
2025-10-13,64,3428,89380.0,5.71,11.87,0.0424
2025-10-13,65,25001,665313.0,4.38,9.22,0.0147
2025-10-13,66,19404,556630.0,4.0,8.36,0.0115
2025-10-13,67,8587,181531.0,3.82,7.6,0.0068
2025-10-13,68,52394,1888774.0,3.58,8.23,0.0146
2025-10-13,69,23810,434096.0,4.43,9.12,0.0173
2025-10-13,70,11840,274131.0,3.72,8.14,0.0116
2025-10-13,71,18969,365906.0,4.34,9.01,0.0157
2025-10-13,72,22390,407072.0,4.74,9.93,0.0224
2025-10-13,73,5155,100447.0,4.2,9.01,0.0151
2025-10-13,74,32883,635158.0,4.69,9.63,0.0194
2025-10-13,75,29174,689852.0,4.42,8.88,0.0143
2025-10-13,76,51872,922737.0,4.26,8.7,0.0143
2025-10-13,77,13768,253133.0,4.36,8.99,0.016
2025-10-13,78,20979,375774.0,4.3,9.07,0.0169
2025-10-13,79,58810,1598142.0,3.62,7.75,0.0093
2025-10-13,80,40396,931309.0,4.01,8.69,0.0137
2025-10-13,81,13237,241977.0,4.64,9.59,0.0214
2025-10-13,82,35585,652744.0,4.07,8.52,0.0134
2025-10-13,83,12005,217465.0,4.05,8.33,0.0105
2025-10-13,84,2274,56493.0,5.6,11.89,0.0483
2025-10-13,85,14774,300161.0,4.19,8.54,0.0121
2025-10-13,86,9838,221113.0,5.82,12.79,0.06
2025-10-13,87,31586,1206700.0,3.87,7.96,0.0074
2025-10-13,88,14263,564073.0,3.94,8.39,0.012
2025-10-13,89,35780,760605.0,3.91,7.79,0.0084
2025-10-13,90,31600,1014664.0,3.42,7.22,0.0059
2025-10-13,91,21887,420710.0,4.31,8.72,0.0138
2025-10-13,92,26947,611992.0,4.43,9.82,0.025
2025-10-13,93,2756,65141.0,4.62,10.18,0.0317
2025-10-13,94,9654,167643.0,4.28,8.89,0.0141
2025-10-13,95,33834,769134.0,4.16,9.18,0.0201
2025-10-13,96,721,17738.0,4.47,9.01,0.014
2025-10-13,97,32730,761578.0,4.03,8.37,0.0108
2025-10-13,98,4271,94278.0,4.45,9.55,0.0171
2025-10-13,99,119,2376.0,5.44,11.21,0.0424
2025-10-13,100,25719,1002762.0,3.86,9.13,0.0181
2025-10-13,101,4690,122015.0,4.97,11.11,0.034
2025-10-13,102,11392,218950.0,4.24,9.01,0.0161
2025-10-13,106,11504,267147.0,3.74,7.11,0.0057
2025-10-13,107,35328,1041843.0,3.62,7.33,0.005
2025-10-13,108,6696,134295.0,3.88,7.74,0.0074
2025-10-13,109,3363,77910.0,5.61,12.41,0.0531
2025-10-13,110,6,166.0,4.5,11.13,0.0
2025-10-13,111,336,6897.0,3.6,7.09,0.012
2025-10-13,112,50449,1217872.0,3.78,7.84,0.0074
2025-10-13,113,28914,895265.0,3.6,7.41,0.0063
2025-10-13,114,29517,891614.0,3.66,7.94,0.0089
2025-10-13,115,3862,75060.0,5.62,12.21,0.0466
2025-10-13,116,20983,433284.0,4.4,8.94,0.015
2025-10-13,117,7350,174075.0,6.08,13.84,0.0734
2025-10-13,118,4779,115268.0,5.57,12.42,0.052
2025-10-13,119,15389,274940.0,4.42,9.1,0.0166
2025-10-13,120,390,7906.0,4.11,9.26,0.0234
2025-10-13,121,10682,236245.0,4.22,8.88,0.0146
2025-10-13,122,5817,117026.0,4.37,9.58,0.0221
2025-10-13,123,12036,221278.0,3.7,7.38,0.0074
2025-10-13,124,6943,150996.0,4.71,9.78,0.0221
2025-10-13,125,17912,631267.0,3.61,7.45,0.008
2025-10-13,126,14698,268506.0,4.48,9.33,0.0168
2025-10-13,127,17416,361526.0,3.76,8.08,0.0122
2025-10-13,128,1584,39903.0,3.95,8.65,0.0108
2025-10-13,129,38037,731923.0,4.04,8.54,0.0153
2025-10-13,130,36503,757815.0,4.1,9.02,0.0169
2025-10-13,131,7429,162247.0,4.13,8.76,0.0123
2025-10-13,132,81956,6034468.0,4.76,11.87,0.0504
2025-10-13,133,7956,173736.0,3.59,7.07,0.0049
2025-10-13,134,10948,224938.0,3.89,8.08,0.0102
2025-10-13,135,8149,176426.0,4.19,8.84,0.0135
2025-10-13,136,12020,219844.0,4.15,8.74,0.0129
2025-10-13,137,23842,621545.0,3.93,8.1,0.0107
2025-10-13,138,105831,6540999.0,5.3,13.76,0.0735
2025-10-13,139,9218,180923.0,4.47,9.15,0.0161
2025-10-13,140,26575,790046.0,3.88,7.95,0.0089
2025-10-13,141,31057,905853.0,3.68,7.16,0.0044
2025-10-13,142,33155,1112232.0,3.81,7.44,0.0059
2025-10-13,143,23213,677227.0,3.96,7.68,0.0056
2025-10-13,144,34066,1049466.0,3.81,7.89,0.0079
2025-10-13,145,46005,1056160.0,3.74,7.67,0.008
2025-10-13,146,12665,297108.0,3.4,6.97,0.0058
2025-10-13,147,9818,178318.0,4.19,8.62,0.0107
2025-10-13,148,49191,1423467.0,3.8,8.6,0.0153
2025-10-13,149,10453,198493.0,3.66,7.03,0.0052
2025-10-13,150,4664,98323.0,3.98,8.19,0.0102
2025-10-13,151,13333,346334.0,4.05,8.02,0.0106
2025-10-13,152,10295,217150.0,4.37,9.01,0.0177
2025-10-13,153,4511,75421.0,4.29,8.74,0.015
2025-10-13,154,560,17846.0,5.82,12.78,0.0595
2025-10-13,155,12057,255782.0,4.48,9.67,0.0222
2025-10-13,156,6620,120755.0,4.8,10.91,0.0343
2025-10-13,157,18286,407439.0,4.68,10.34,0.0283
2025-10-13,158,27762,940080.0,3.61,7.48,0.0053
2025-10-13,159,21143,382509.0,4.19,8.54,0.0113
2025-10-13,160,10442,209287.0,4.32,8.57,0.0128
2025-10-13,161,60453,2574793.0,3.72,8.35,0.0113
2025-10-13,162,39936,1573514.0,3.44,7.22,0.0065
2025-10-13,163,41790,1781075.0,3.58,7.46,0.0064
2025-10-13,164,50246,1810388.0,3.8,8.19,0.0109
2025-10-13,165,11546,240943.0,3.72,7.25,0.0061
2025-10-13,166,21929,542539.0,3.81,7.68,0.0072
2025-10-13,167,17509,312720.0,4.27,8.65,0.0129
2025-10-13,168,30679,594890.0,4.44,9.34,0.0175
2025-10-13,169,21868,378502.0,4.26,8.9,0.0155
2025-10-13,170,43323,1387845.0,3.76,7.94,0.0096
2025-10-13,171,9676,191562.0,3.97,8.31,0.0121
2025-10-13,172,3025,66011.0,5.41,12.53,0.0552
2025-10-13,173,12102,224480.0,4.42,9.1,0.016
2025-10-13,174,20467,389254.0,3.78,8.05,0.0097
2025-10-13,175,4037,99446.0,4.45,9.53,0.0223
2025-10-13,176,1620,40447.0,5.62,12.48,0.0493
2025-10-13,177,20453,386257.0,4.5,9.56,0.019
2025-10-13,178,3643,71627.0,3.75,7.49,0.0061
2025-10-13,179,16905,361971.0,3.66,7.37,0.0067
2025-10-13,180,7871,142367.0,3.91,7.97,0.009
2025-10-13,181,46264,1128166.0,3.35,6.58,0.0038
2025-10-13,182,12261,235152.0,4.08,8.4,0.0115
2025-10-13,183,6226,120525.0,4.23,8.84,0.0117
2025-10-13,184,1091,23296.0,4.87,9.87,0.0175
2025-10-13,185,14376,287115.0,4.13,8.47,0.0132
2025-10-13,186,29834,1033376.0,3.47,8.45,0.0198
2025-10-13,187,3516,63458.0,4.99,11.15,0.0403
2025-10-13,188,34182,713400.0,4.2,8.66,0.012
2025-10-13,189,17715,424664.0,3.81,7.74,0.0078
2025-10-13,190,3008,72329.0,4.0,8.18,0.0118
2025-10-13,191,14227,297890.0,4.37,9.46,0.0205
2025-10-13,192,6420,134869.0,3.88,8.25,0.011
2025-10-13,193,8671,200738.0,3.81,7.98,0.0103
2025-10-13,194,1103,37071.0,5.9,12.66,0.0554
2025-10-13,195,11471,327339.0,4.41,9.09,0.0151
2025-10-13,196,12570,251523.0,4.09,8.49,0.0113
2025-10-13,197,20286,387706.0,4.05,8.5,0.0136
2025-10-13,198,30447,641962.0,4.1,8.57,0.0135
2025-10-13,199,1,53.0,7.05,7.05,0.0
2025-10-13,200,10795,286671.0,4.65,9.66,0.0214
2025-10-13,201,2895,83964.0,5.59,12.93,0.0592
2025-10-13,202,3507,109442.0,5.66,11.15,0.0268
2025-10-13,203,9063,176577.0,5.49,11.06,0.0338
2025-10-13,204,1257,37567.0,5.5,13.12,0.0605
2025-10-13,205,19461,378329.0,4.67,9.83,0.0229
2025-10-13,206,9791,184325.0,4.8,11.32,0.0412
2025-10-13,207,892,12738.0,3.46,6.43,0.0034
2025-10-13,208,15238,323367.0,4.42,9.8,0.0235
2025-10-13,209,12267,433686.0,4.22,8.49,0.012
2025-10-13,210,14303,268338.0,3.8,7.64,0.0068
2025-10-13,211,28231,950495.0,3.5,7.31,0.0063
2025-10-13,212,12538,215457.0,4.19,8.93,0.0133
2025-10-13,213,22803,417355.0,4.59,9.69,0.021
2025-10-13,214,4047,90555.0,4.77,11.47,0.0362
2025-10-13,215,14260,262103.0,4.39,9.07,0.0177
2025-10-13,216,28970,545117.0,3.67,7.81,0.0109
2025-10-13,217,5999,109403.0,4.77,9.83,0.0205
2025-10-13,218,9778,195543.0,4.44,9.0,0.0161
2025-10-13,219,8874,176916.0,4.72,9.44,0.0172
2025-10-13,220,17590,351062.0,4.12,8.38,0.0119
2025-10-13,221,6713,125745.0,5.1,11.42,0.0387
2025-10-13,222,5689,113086.0,4.7,9.78,0.0205
2025-10-13,223,23286,488819.0,3.29,6.58,0.005
2025-10-13,224,9397,247180.0,4.79,9.32,0.0152
2025-10-13,225,37239,799622.0,4.37,9.15,0.0161
2025-10-13,226,31866,648555.0,3.91,7.76,0.0069
2025-10-13,227,11989,248830.0,4.06,7.94,0.0101
2025-10-13,228,25213,573812.0,4.12,8.01,0.0101
2025-10-13,229,26770,836579.0,3.44,6.68,0.005
2025-10-13,230,60372,2614720.0,3.85,9.09,0.0192
2025-10-13,231,55943,1961893.0,3.51,6.88,0.0046
2025-10-13,232,20123,522391.0,4.74,9.64,0.0204
2025-10-13,233,25832,794009.0,3.84,7.73,0.0074
2025-10-13,234,51494,1711222.0,3.65,7.58,0.0064
2025-10-13,235,19985,352452.0,4.66,9.87,0.022
2025-10-13,236,34764,1109911.0,3.78,7.12,0.004
2025-10-13,237,41333,1447734.0,3.4,6.53,0.0021
2025-10-13,238,24090,687661.0,3.9,7.55,0.0074
2025-10-13,239,28568,903432.0,3.72,7.36,0.0054
2025-10-13,240,3385,64988.0,4.76,9.7,0.0196
2025-10-13,241,18295,349499.0,4.21,8.65,0.0137
2025-10-13,242,18745,365385.0,4.07,8.61,0.0143
2025-10-13,243,24892,538068.0,4.12,8.53,0.0135
2025-10-13,244,35593,780172.0,4.02,8.41,0.0137
2025-10-13,245,3792,79967.0,5.33,11.93,0.0427
2025-10-13,246,53276,1834325.0,3.91,8.21,0.0116
2025-10-13,247,23494,402374.0,4.53,9.26,0.017
2025-10-13,248,11562,204398.0,4.27,9.01,0.0136
2025-10-13,249,42661,1295157.0,3.65,7.79,0.0075
2025-10-13,250,11188,207577.0,4.0,8.41,0.012
2025-10-13,251,3819,77900.0,4.83,11.04,0.0383
2025-10-13,252,6380,143325.0,4.97,10.35,0.0225
2025-10-13,253,125,3613.0,5.19,10.77,0.0242
2025-10-13,254,22755,416893.0,4.5,9.31,0.017
2025-10-13,255,50897,1352397.0,3.7,8.14,0.0088
2025-10-13,256,40028,1009805.0,3.81,8.11,0.0093
2025-10-13,257,7495,189901.0,3.57,6.78,0.0042
2025-10-13,258,14614,291692.0,4.12,8.43,0.0126
2025-10-13,259,16209,305406.0,4.86,9.98,0.0232
2025-10-13,260,23064,413088.0,3.63,7.33,0.0053
2025-10-13,261,19775,822972.0,4.07,8.43,0.012
2025-10-13,262,16825,475355.0,4.24,8.32,0.0079
2025-10-13,263,25603,732171.0,3.94,7.69,0.0067
2025-10-13,265,173,3805.0,6.65,14.78,0.0958
2025-10-20,2,20,628.0,8.4,13.33,0.05
2025-10-20,3,10205,188467.0,3.98,8.37,0.0095
2025-10-20,4,13152,337182.0,4.36,8.7,0.0129
2025-10-20,5,1364,34814.0,5.77,12.94,0.0529
2025-10-20,6,2786,62715.0,4.86,10.95,0.0324
2025-10-20,7,45320,954825.0,3.39,6.78,0.005
2025-10-20,8,216,4487.0,3.42,6.59,0.0047
2025-10-20,9,4374,90534.0,4.08,8.5,0.0124
2025-10-20,10,15521,322515.0,3.98,8.14,0.0127
2025-10-20,11,5172,106781.0,3.74,7.6,0.0082
2025-10-20,12,448,16271.0,4.25,8.97,0.0157
2025-10-20,13,21867,865216.0,3.91,7.99,0.007
2025-10-20,14,26250,592853.0,3.68,7.33,0.0063
2025-10-20,15,3543,90141.0,5.17,11.1,0.0277
2025-10-20,16,9870,224280.0,4.23,8.79,0.0148
2025-10-20,17,39486,828205.0,4.44,9.52,0.0229
2025-10-20,18,22538,406270.0,4.16,8.77,0.0128
2025-10-20,19,4675,108090.0,4.76,10.05,0.0198
2025-10-20,20,14892,304468.0,4.12,8.78,0.0142
2025-10-20,21,12549,243204.0,3.79,7.6,0.0088
2025-10-20,22,16256,322736.0,3.86,7.74,0.0095
2025-10-20,23,7933,181707.0,5.28,12.35,0.0493
2025-10-20,24,6411,156647.0,3.94,7.76,0.01
2025-10-20,25,28745,773960.0,4.12,8.52,0.0137
2025-10-20,26,25023,471161.0,4.45,8.68,0.0146
2025-10-20,27,168,6406.0,9.11,19.99,0.2039
2025-10-20,28,12077,253013.0,4.09,8.38,0.0089
2025-10-20,29,9676,197937.0,3.77,7.88,0.0116
2025-10-20,30,253,6804.0,6.79,13.74,0.0905
2025-10-20,31,3166,84393.0,4.52,10.05,0.027
2025-10-20,32,11733,223510.0,4.02,8.67,0.0139
2025-10-20,33,24305,738967.0,4.09,8.34,0.0108
2025-10-20,34,3839,97471.0,4.83,10.87,0.0325
2025-10-20,35,27659,506108.0,4.77,9.97,0.0232
2025-10-20,36,37954,816282.0,4.04,8.75,0.0138
2025-10-20,37,54404,1206823.0,4.17,8.92,0.0154
2025-10-20,38,5994,140480.0,4.45,9.8,0.0218
2025-10-20,39,33961,633007.0,4.55,9.44,0.0206
2025-10-20,40,12233,321710.0,3.7,7.08,0.0046
2025-10-20,41,30809,643965.0,4.33,8.61,0.0133
2025-10-20,42,40903,810536.0,4.61,9.32,0.0167
2025-10-20,43,7536,252000.0,3.69,7.56,0.0055
2025-10-20,44,2055,56631.0,6.03,13.8,0.0704
2025-10-20,45,12018,335116.0,4.12,8.32,0.0118
2025-10-20,46,871,29798.0,7.48,15.79,0.1095
2025-10-20,47,15574,265355.0,4.29,8.6,0.0141
2025-10-20,48,45570,1537741.0,3.55,7.52,0.0082
2025-10-20,49,29351,690821.0,4.07,8.56,0.0132
2025-10-20,50,25943,759786.0,3.79,7.41,0.0064
2025-10-20,51,18823,386510.0,4.68,9.7,0.0206
2025-10-20,52,7792,211687.0,3.61,7.13,0.0077
2025-10-20,53,7635,181429.0,4.7,10.25,0.0244
2025-10-20,54,2940,75880.0,3.75,7.67,0.0076
2025-10-20,55,12805,290250.0,4.19,9.0,0.0161
2025-10-20,56,14762,285430.0,4.24,8.63,0.0138
2025-10-20,57,1190,22476.0,4.41,9.13,0.0187
2025-10-20,58,1702,38113.0,5.12,10.8,0.0212
2025-10-20,59,486,9650.0,4.31,8.4,0.027
2025-10-20,60,10840,189722.0,4.53,9.21,0.0158
2025-10-20,61,61779,1292761.0,4.49,9.56,0.0211
2025-10-20,62,17583,376212.0,4.58,9.56,0.0192
2025-10-20,63,14330,284856.0,3.99,8.23,0.011
2025-10-20,64,3393,88687.0,5.73,11.88,0.0417
2025-10-20,65,23777,646376.0,4.54,9.73,0.0217
2025-10-20,66,18446,540134.0,4.16,8.48,0.0129
2025-10-20,67,8608,179434.0,3.8,7.68,0.0086
2025-10-20,68,51074,1909957.0,3.57,8.02,0.0131
2025-10-20,69,24275,447300.0,4.4,9.09,0.0162
2025-10-20,70,11670,270645.0,3.75,7.99,0.0118
2025-10-20,71,19341,375559.0,4.41,9.17,0.0164
2025-10-20,72,22992,421487.0,4.84,10.16,0.0244
2025-10-20,73,5120,103354.0,4.18,8.67,0.0154
2025-10-20,74,33175,654304.0,4.63,9.3,0.0175
2025-10-20,75,29625,713281.0,4.38,8.66,0.0128
2025-10-20,76,51690,932642.0,4.24,8.71,0.0146
2025-10-20,77,13473,252394.0,4.43,9.07,0.0192
2025-10-20,78,20683,369982.0,4.29,9.05,0.0169
2025-10-20,79,59134,1664363.0,3.6,7.6,0.0082
2025-10-20,80,36974,836221.0,3.89,8.07,0.0101
2025-10-20,81,13099,235872.0,4.56,9.76,0.0219
2025-10-20,82,35211,656275.0,3.9,7.95,0.01
2025-10-20,83,11873,217600.0,3.89,7.72,0.0096
2025-10-20,84,2407,61180.0,5.68,12.36,0.0499
2025-10-20,85,14742,307700.0,4.28,8.86,0.0152
2025-10-20,86,10333,238657.0,5.87,12.9,0.0594
2025-10-20,87,31611,1240631.0,3.92,8.05,0.0092
2025-10-20,88,14123,566519.0,4.0,8.32,0.0099
2025-10-20,89,38166,817717.0,3.99,8.07,0.0106
2025-10-20,90,31514,1034424.0,3.35,7.07,0.0056
2025-10-20,91,22690,444827.0,4.42,9.04,0.0164
2025-10-20,92,27873,654247.0,4.54,10.28,0.0318
2025-10-20,93,3964,96392.0,4.82,9.78,0.0215
2025-10-20,94,9718,170912.0,4.31,8.88,0.0145
2025-10-20,95,35805,845328.0,4.32,9.69,0.0224
2025-10-20,96,736,16949.0,4.47,9.31,0.0179
2025-10-20,97,32437,775019.0,4.15,8.71,0.0143
2025-10-20,98,4498,100553.0,4.49,9.24,0.0134
2025-10-20,99,127,3448.0,5.97,11.96,0.0565
2025-10-20,100,25428,1035439.0,3.88,9.18,0.0181
2025-10-20,101,4701,122178.0,4.87,10.63,0.0284
2025-10-20,102,11495,226737.0,4.25,9.15,0.0175
2025-10-20,105,1,16.0,14.22,14.22,0.0
2025-10-20,106,11212,263989.0,3.72,7.02,0.0048
2025-10-20,107,35927,1087501.0,3.61,7.16,0.0052
2025-10-20,108,7064,141965.0,3.85,7.68,0.0092
2025-10-20,109,3630,86398.0,5.68,12.84,0.0546
2025-10-20,110,10,261.0,4.8,14.84,0.1111
2025-10-20,111,212,4660.0,3.24,5.89,0.0095
2025-10-20,112,48687,1196509.0,3.71,7.64,0.0075
2025-10-20,113,28720,908967.0,3.57,7.11,0.0046
2025-10-20,114,30104,943058.0,3.58,7.6,0.0074
2025-10-20,115,3903,76011.0,5.68,12.37,0.0487
2025-10-20,116,21288,449900.0,4.33,8.63,0.0137
2025-10-20,117,7359,180420.0,6.22,13.95,0.0787
2025-10-20,118,5085,122891.0,5.69,12.79,0.0531
2025-10-20,119,15581,281923.0,4.36,9.01,0.0136
2025-10-20,120,388,8101.0,4.31,8.81,0.0105
2025-10-20,121,11168,248060.0,4.2,8.94,0.0145
2025-10-20,122,5847,118381.0,4.45,9.85,0.0241
2025-10-20,123,14203,269669.0,3.79,7.51,0.0078
2025-10-20,124,6975,152557.0,4.8,10.03,0.0229
2025-10-20,125,17540,642761.0,3.62,7.47,0.0083
2025-10-20,126,14492,264985.0,4.51,9.54,0.0211
2025-10-20,127,17235,360429.0,3.68,8.01,0.0122
2025-10-20,128,1409,32814.0,3.68,7.37,0.01
2025-10-20,129,37190,725183.0,3.89,7.92,0.0096
2025-10-20,130,37131,770221.0,4.18,9.09,0.0176
2025-10-20,131,7558,166106.0,4.15,8.72,0.0129
2025-10-20,132,75993,5667633.0,4.65,11.22,0.0397
2025-10-20,133,9353,200690.0,3.77,7.46,0.0064
2025-10-20,134,11116,232400.0,3.95,8.15,0.0119
2025-10-20,135,8893,198911.0,4.15,8.5,0.0103
2025-10-20,136,12206,228045.0,4.17,8.76,0.0135
2025-10-20,137,23789,641124.0,3.92,8.04,0.0096
2025-10-20,138,104859,6668863.0,5.17,13.65,0.0742
2025-10-20,139,9381,183956.0,4.47,9.31,0.0182
2025-10-20,140,27070,827355.0,3.93,8.13,0.0095
2025-10-20,141,30801,929171.0,3.67,7.07,0.0041
2025-10-20,142,33556,1151693.0,3.7,7.22,0.0052
2025-10-20,143,23732,703071.0,3.86,7.47,0.0051
2025-10-20,144,33625,1057294.0,3.85,7.72,0.0063
2025-10-20,145,42986,1030615.0,3.6,7.29,0.007
2025-10-20,146,12458,300111.0,3.41,6.9,0.0046
2025-10-20,147,9847,183578.0,4.07,8.39,0.0122
2025-10-20,148,48431,1456559.0,3.82,8.51,0.0138
2025-10-20,149,11781,224404.0,3.66,7.19,0.0067
2025-10-20,150,4833,103931.0,3.97,8.24,0.0105
2025-10-20,151,13435,346942.0,3.99,7.75,0.0083
2025-10-20,152,10416,225272.0,4.33,8.64,0.0137
2025-10-20,153,4352,74773.0,4.32,8.85,0.0139
2025-10-20,154,594,17524.0,5.77,13.79,0.0797
2025-10-20,155,12923,281111.0,4.5,9.51,0.0212
2025-10-20,156,6550,120420.0,4.82,11.0,0.0373
2025-10-20,157,16745,363074.0,4.5,9.73,0.0215
2025-10-20,158,27802,978626.0,3.63,7.55,0.0059
2025-10-20,159,21392,390270.0,4.12,8.4,0.0129
2025-10-20,160,10656,219310.0,4.32,8.66,0.0111
2025-10-20,161,58892,2629858.0,3.69,8.57,0.0143
2025-10-20,162,39910,1657792.0,3.39,7.12,0.0055
2025-10-20,163,41384,1824058.0,3.46,7.28,0.0055
2025-10-20,164,48859,1825682.0,3.83,8.25,0.0109
2025-10-20,165,14741,313299.0,3.8,7.54,0.009
2025-10-20,166,22595,572637.0,3.76,7.43,0.007
2025-10-20,167,17465,314952.0,4.23,8.44,0.0116
2025-10-20,168,31320,616091.0,4.39,9.07,0.0157
2025-10-20,169,22276,392895.0,4.29,8.91,0.0151
2025-10-20,170,42314,1395053.0,3.75,7.91,0.0099
2025-10-20,171,9807,195607.0,4.02,8.41,0.0106
2025-10-20,172,3008,67899.0,5.62,12.94,0.0596
2025-10-20,173,12181,226366.0,4.47,9.16,0.0163
2025-10-20,174,20627,401699.0,3.76,7.97,0.0117
2025-10-20,175,4063,97177.0,4.58,9.66,0.0197
2025-10-20,176,1694,41383.0,5.69,13.07,0.0696
2025-10-20,177,20436,396804.0,4.56,9.52,0.0195
2025-10-20,178,5036,97451.0,3.82,7.38,0.0056
2025-10-20,179,17278,373547.0,3.62,7.24,0.006
2025-10-20,180,8145,153460.0,3.95,8.21,0.0104
2025-10-20,181,45512,1132727.0,3.4,6.72,0.0043
2025-10-20,182,12173,234787.0,4.05,8.43,0.0107
2025-10-20,183,6136,120507.0,4.08,8.32,0.0111
2025-10-20,184,1112,22895.0,4.88,9.96,0.0226
2025-10-20,185,14839,299688.0,4.07,8.47,0.0115
2025-10-20,186,30176,1118589.0,3.41,8.43,0.0177
2025-10-20,187,3632,71744.0,5.13,11.78,0.0425
2025-10-20,188,35451,746357.0,4.3,8.93,0.0151
2025-10-20,189,17758,433428.0,3.91,7.91,0.0103
2025-10-20,190,2828,65586.0,3.89,7.98,0.0071
2025-10-20,191,14389,303482.0,4.33,9.41,0.021
2025-10-20,192,6313,133462.0,3.84,8.25,0.0091
2025-10-20,193,8685,197048.0,3.75,7.67,0.0097
2025-10-20,194,1008,34356.0,5.82,12.09,0.0453
2025-10-20,195,10172,285176.0,4.46,9.15,0.0178
2025-10-20,196,12635,260062.0,4.18,8.59,0.0122
2025-10-20,197,20617,398947.0,4.09,8.49,0.0132
2025-10-20,198,30739,666481.0,4.1,8.55,0.0139
2025-10-20,200,10893,290098.0,4.57,9.32,0.0177
2025-10-20,201,3025,87302.0,5.99,13.86,0.0821
2025-10-20,202,3255,100170.0,5.54,11.16,0.0381
2025-10-20,203,9267,181175.0,5.45,10.91,0.032
2025-10-20,204,1247,35150.0,5.71,12.97,0.0549
2025-10-20,205,19432,381930.0,4.7,9.78,0.0234
2025-10-20,206,9902,190302.0,4.9,11.49,0.0437
2025-10-20,207,863,12936.0,3.52,7.04,0.0047
2025-10-20,208,15332,326335.0,4.33,9.32,0.0177
2025-10-20,209,10833,379673.0,4.2,8.15,0.0073
2025-10-20,210,14897,283854.0,3.79,7.66,0.009
2025-10-20,211,27035,932126.0,3.53,7.2,0.0051
2025-10-20,212,12435,219232.0,4.14,8.89,0.013
2025-10-20,213,22429,414636.0,4.55,9.58,0.0197
2025-10-20,214,4142,94626.0,4.88,11.28,0.0394
2025-10-20,215,14216,260369.0,4.4,9.06,0.0196
2025-10-20,216,29235,552851.0,3.69,7.66,0.0095
2025-10-20,217,8647,150388.0,4.77,9.73,0.0224
2025-10-20,218,9884,197314.0,4.41,8.97,0.0165
2025-10-20,219,8792,176137.0,4.66,9.51,0.0182
2025-10-20,220,18185,370677.0,4.15,8.52,0.0115
2025-10-20,221,6787,127735.0,5.17,11.6,0.039
2025-10-20,222,5806,119214.0,4.81,9.85,0.0243
2025-10-20,223,23659,499947.0,3.32,6.6,0.0049
2025-10-20,224,9493,256243.0,4.72,9.02,0.0121
2025-10-20,225,37992,842988.0,4.47,9.44,0.02
2025-10-20,226,30185,628656.0,3.83,7.63,0.0084
2025-10-20,227,11885,258039.0,4.15,8.37,0.0128
2025-10-20,228,30079,820139.0,4.46,9.82,0.0231
2025-10-20,229,27549,869321.0,3.4,6.61,0.0038
2025-10-20,230,58971,2631260.0,3.76,9.08,0.0177
2025-10-20,231,56516,2045469.0,3.57,6.96,0.0046
2025-10-20,232,20096,541588.0,4.71,9.56,0.0172
2025-10-20,233,25384,806471.0,3.78,7.45,0.0064
2025-10-20,234,53156,1845261.0,3.67,7.54,0.006
2025-10-20,235,19921,355795.0,4.72,10.0,0.0209
2025-10-20,236,35866,1161862.0,3.82,7.13,0.0043
2025-10-20,237,42324,1517356.0,3.42,6.49,0.0024
2025-10-20,238,23942,690068.0,3.83,7.48,0.0067
2025-10-20,239,29406,939957.0,3.67,7.06,0.0045
2025-10-20,240,3417,64963.0,4.66,9.44,0.0233
2025-10-20,241,18651,356069.0,4.23,8.69,0.0124
2025-10-20,242,18639,369729.0,4.05,8.54,0.0122
2025-10-20,243,25801,568426.0,4.11,8.56,0.0146
2025-10-20,244,36280,815953.0,3.99,8.55,0.0163
2025-10-20,245,3761,79307.0,5.31,11.52,0.0387
2025-10-20,246,54957,2008556.0,3.93,8.34,0.0116
2025-10-20,247,24028,421424.0,4.51,9.05,0.0141
2025-10-20,248,11503,208558.0,4.2,8.84,0.0149
2025-10-20,249,42643,1345170.0,3.65,7.63,0.0063
2025-10-20,250,11294,211647.0,3.95,8.18,0.0089
2025-10-20,251,3877,78889.0,4.93,10.92,0.0324
2025-10-20,252,6320,146715.0,4.83,10.1,0.022
2025-10-20,253,127,3092.0,4.68,9.64,0.0079
2025-10-20,254,22651,422625.0,4.51,9.43,0.0169
2025-10-20,255,48733,1325357.0,3.68,7.92,0.0075
2025-10-20,256,40579,1047120.0,3.91,8.18,0.0115
2025-10-20,257,7518,186416.0,3.68,7.13,0.0047
2025-10-20,258,14947,305437.0,4.22,8.5,0.0121
2025-10-20,259,16081,307568.0,4.85,10.04,0.0232
2025-10-20,260,22487,416873.0,3.53,7.02,0.005
2025-10-20,261,19518,832251.0,4.08,8.64,0.0129
2025-10-20,262,17018,485167.0,4.34,8.31,0.0093
2025-10-20,263,25923,757895.0,3.95,7.6,0.0063
2025-10-20,265,205,4730.0,6.42,14.27,0.0882
2025-10-27,2,7,226.0,17.32,22.87,0.5714
2025-10-27,3,10778,211115.0,4.1,8.57,0.0133
2025-10-27,4,15220,442234.0,4.5,9.03,0.0165
2025-10-27,5,1473,41291.0,5.97,13.21,0.0622
2025-10-27,6,3113,77388.0,4.95,11.62,0.0427
2025-10-27,7,49327,1088174.0,3.64,7.37,0.0079
2025-10-27,8,176,3837.0,3.8,7.07,0.0
2025-10-27,9,4791,103915.0,4.25,9.1,0.0186
2025-10-27,10,16287,366327.0,4.09,8.58,0.0135
2025-10-27,11,5725,123311.0,3.87,8.01,0.0121
2025-10-27,12,445,15393.0,3.89,9.02,0.0203
2025-10-27,13,22815,905417.0,3.97,8.01,0.0092
2025-10-27,14,28303,656535.0,3.92,8.27,0.0162
2025-10-27,15,3776,98203.0,5.31,11.42,0.0408
2025-10-27,16,10961,262224.0,4.4,9.85,0.0241
2025-10-27,17,43825,988726.0,4.81,10.12,0.0262
2025-10-27,18,23220,442205.0,4.3,8.9,0.0144
2025-10-27,19,4778,113194.0,4.75,9.95,0.0207
2025-10-27,20,15102,319152.0,4.28,9.26,0.0201
2025-10-27,21,13427,268041.0,3.94,7.92,0.0117
2025-10-27,22,18113,365768.0,4.0,8.0,0.0109
2025-10-27,23,8433,200190.0,5.34,12.74,0.0567
2025-10-27,24,7149,191173.0,4.11,7.96,0.0106
2025-10-27,25,29713,875665.0,4.33,9.01,0.0142
2025-10-27,26,27661,525857.0,4.51,8.94,0.0178
2025-10-27,27,177,7245.0,9.59,19.46,0.2195
2025-10-27,28,12933,281138.0,4.22,8.74,0.0148
2025-10-27,29,10214,209577.0,3.85,7.99,0.0112
2025-10-27,30,288,7747.0,7.58,16.95,0.1179
2025-10-27,31,2373,60233.0,4.61,10.14,0.0305
2025-10-27,32,11995,238453.0,4.12,8.88,0.014
2025-10-27,33,24526,778562.0,4.27,8.84,0.0146
2025-10-27,34,7004,305655.0,6.08,15.86,0.1146
2025-10-27,35,28083,547301.0,5.01,10.27,0.0273
2025-10-27,36,46737,1234372.0,4.47,10.1,0.0241
2025-10-27,37,66625,1766446.0,4.61,9.83,0.0225
2025-10-27,38,6112,142549.0,4.37,9.73,0.0225
2025-10-27,39,35575,696590.0,4.75,9.79,0.0233
2025-10-27,40,12708,345026.0,3.91,7.62,0.0065
2025-10-27,41,31259,717138.0,4.54,9.19,0.0178
2025-10-27,42,40677,858374.0,4.78,9.64,0.0212
2025-10-27,43,6751,240459.0,3.83,8.14,0.0131
2025-10-27,44,2275,68313.0,6.19,13.79,0.0739
2025-10-27,45,12296,362223.0,4.11,8.31,0.0126
2025-10-27,46,861,30690.0,7.91,15.16,0.1051
2025-10-27,47,16078,298565.0,4.38,8.86,0.016
2025-10-27,48,47804,1711083.0,3.83,8.25,0.0123
2025-10-27,49,33321,839518.0,4.29,8.92,0.0164
2025-10-27,50,29236,968731.0,4.15,8.53,0.0161
2025-10-27,51,19106,415397.0,4.62,9.68,0.0198
2025-10-27,52,7977,225832.0,3.76,7.6,0.0088
2025-10-27,53,8160,204066.0,5.02,11.11,0.0329
2025-10-27,54,3061,79755.0,3.84,7.86,0.0073
2025-10-27,55,13107,301043.0,4.3,9.29,0.0176
2025-10-27,56,15549,311854.0,4.33,8.79,0.015
2025-10-27,57,1167,23288.0,4.56,10.0,0.0277
2025-10-27,58,1834,42015.0,5.27,10.73,0.0237
2025-10-27,59,534,11891.0,4.39,9.29,0.0151
2025-10-27,60,10875,203241.0,4.61,9.31,0.0182
2025-10-27,61,68876,1571647.0,4.73,9.6,0.0213
2025-10-27,62,18608,419497.0,4.82,9.76,0.0227
2025-10-27,63,15241,318359.0,4.2,8.68,0.0153
2025-10-27,64,3584,94164.0,5.78,12.32,0.0466
2025-10-27,65,25154,743475.0,4.61,9.75,0.0215
2025-10-27,66,18814,574785.0,4.18,8.58,0.0107
2025-10-27,67,9682,208870.0,4.04,8.26,0.016
2025-10-27,68,55323,2155645.0,3.7,8.24,0.0144
2025-10-27,69,24297,484645.0,4.51,9.09,0.018
2025-10-27,70,12608,314412.0,3.95,8.26,0.0107
2025-10-27,71,20001,410453.0,4.55,9.44,0.0205
2025-10-27,72,23219,455990.0,4.97,10.11,0.0265
2025-10-27,73,5312,109380.0,4.18,8.92,0.0166
2025-10-27,74,33510,730797.0,4.73,9.62,0.0219
2025-10-27,75,30535,791817.0,4.48,9.12,0.0182
2025-10-27,76,54050,1033303.0,4.44,9.11,0.018
2025-10-27,77,15025,308460.0,4.61,9.32,0.0195
2025-10-27,78,20825,396344.0,4.37,9.1,0.018
2025-10-27,79,67709,2209946.0,3.84,8.21,0.011
2025-10-27,80,46667,1292451.0,4.26,9.39,0.0171
2025-10-27,81,13721,258683.0,4.65,9.46,0.0206
2025-10-27,82,37450,730824.0,4.11,8.66,0.015
2025-10-27,83,13136,259825.0,4.13,8.51,0.0161
2025-10-27,84,2606,70056.0,5.82,12.25,0.0512
2025-10-27,85,15414,339523.0,4.43,9.11,0.0151
2025-10-27,86,10407,246529.0,5.89,13.32,0.0682
2025-10-27,87,33070,1325147.0,3.95,8.32,0.0114
2025-10-27,88,14784,619376.0,4.1,8.57,0.0116
2025-10-27,89,41006,926876.0,4.18,8.7,0.015
2025-10-27,90,33804,1167459.0,3.56,7.52,0.008
2025-10-27,91,24046,504001.0,4.48,9.27,0.0173
2025-10-27,92,27998,671361.0,4.59,10.09,0.0274
2025-10-27,93,2548,54331.0,4.54,9.26,0.0166
2025-10-27,94,9988,187011.0,4.4,9.12,0.0188
2025-10-27,95,35573,798801.0,4.33,9.04,0.017
2025-10-27,96,745,17536.0,4.54,9.5,0.0297
2025-10-27,97,37033,1036373.0,4.5,9.64,0.0231
2025-10-27,98,4779,108276.0,4.56,9.55,0.0224
2025-10-27,99,123,2671.0,5.62,12.32,0.0744
2025-10-27,100,26252,1109266.0,4.09,9.49,0.0226
2025-10-27,101,4774,126156.0,4.88,11.1,0.0431
2025-10-27,102,12524,260886.0,4.45,9.53,0.0222
2025-10-27,106,11667,299049.0,3.94,7.84,0.0097
2025-10-27,107,39749,1280193.0,3.8,7.6,0.0072
2025-10-27,108,7545,153509.0,3.94,7.81,0.0106
2025-10-27,109,3654,89891.0,5.64,12.82,0.0536
2025-10-27,110,11,367.0,9.65,18.59,0.1818
2025-10-27,111,261,5943.0,3.83,7.87,0.0116
2025-10-27,112,53209,1426201.0,3.95,8.36,0.0113
2025-10-27,113,31136,1058631.0,3.79,7.81,0.0111
2025-10-27,114,32612,1122198.0,3.85,8.2,0.0139
2025-10-27,115,4157,85085.0,5.83,12.45,0.0503
2025-10-27,116,22924,509463.0,4.58,9.11,0.0165
2025-10-27,117,7589,191554.0,6.34,14.21,0.0819
2025-10-27,118,4949,127474.0,5.68,12.83,0.0591
2025-10-27,119,15602,304033.0,4.44,8.95,0.0173
2025-10-27,120,429,10280.0,4.14,9.71,0.0213
2025-10-27,121,12703,295930.0,4.39,9.2,0.0179
2025-10-27,122,6145,128262.0,4.36,9.53,0.0211
2025-10-27,123,16010,306585.0,3.92,8.06,0.0127
2025-10-27,124,7443,169826.0,4.93,10.09,0.0222
2025-10-27,125,19012,724662.0,3.67,7.52,0.0142
2025-10-27,126,15031,296198.0,4.6,9.61,0.0228
2025-10-27,127,18795,422246.0,3.96,9.0,0.0216
2025-10-27,128,1352,32747.0,3.85,7.84,0.0142
2025-10-27,129,39816,810605.0,4.17,8.88,0.0162
2025-10-27,130,39424,868423.0,4.31,9.65,0.0222
2025-10-27,131,8357,193370.0,4.3,8.84,0.0141
2025-10-27,132,75086,5703489.0,4.8,12.42,0.0643
2025-10-27,133,10074,220680.0,3.95,7.77,0.0084
2025-10-27,134,11884,255451.0,4.04,8.58,0.0134
2025-10-27,135,9983,233235.0,4.23,8.81,0.0164
2025-10-27,136,12782,259065.0,4.33,9.1,0.0167
2025-10-27,137,27000,802647.0,4.16,8.82,0.0164
2025-10-27,138,100604,6374837.0,5.17,13.06,0.0586
2025-10-27,139,9655,194536.0,4.5,9.33,0.0167
2025-10-27,140,27831,912296.0,4.13,9.12,0.0229
2025-10-27,141,32464,1036775.0,3.9,7.79,0.0098
2025-10-27,142,33866,1271303.0,4.0,8.39,0.0161
2025-10-27,143,24891,821066.0,4.13,8.46,0.0133
2025-10-27,144,36837,1242820.0,4.01,7.98,0.0077
2025-10-27,145,45236,1161737.0,3.98,8.61,0.014
2025-10-27,146,13143,334542.0,3.67,7.63,0.0077
2025-10-27,147,9948,197599.0,4.14,8.36,0.0132
2025-10-27,148,54993,1878284.0,4.02,9.12,0.0197
2025-10-27,149,13316,257465.0,3.86,7.92,0.0131
2025-10-27,150,5378,120168.0,4.01,8.41,0.0121
2025-10-27,151,13785,379954.0,4.16,8.09,0.01
2025-10-27,152,10931,255087.0,4.45,8.85,0.0139
2025-10-27,153,4621,82697.0,4.53,9.32,0.0199
2025-10-27,154,450,14088.0,5.46,12.93,0.0629
2025-10-27,155,14026,318692.0,4.6,9.74,0.0219
2025-10-27,156,6994,134819.0,4.99,11.55,0.0448
2025-10-27,157,17815,422851.0,4.55,9.82,0.0209
2025-10-27,158,29590,1077237.0,3.68,7.44,0.0071
2025-10-27,159,21882,431784.0,4.24,8.8,0.0143
2025-10-27,160,11873,260481.0,4.55,9.06,0.0153
2025-10-27,161,61051,2783938.0,3.85,8.73,0.0144
2025-10-27,162,42467,1815368.0,3.55,7.57,0.0079
2025-10-27,163,42957,1939978.0,3.67,7.79,0.0086
2025-10-27,164,51922,2006201.0,3.97,8.49,0.0123
2025-10-27,165,15881,340776.0,3.9,8.16,0.0157
2025-10-27,166,22603,611936.0,3.84,7.62,0.0088
2025-10-27,167,17556,341257.0,4.34,8.46,0.0122
2025-10-27,168,31173,653953.0,4.48,9.45,0.0221
2025-10-27,169,22305,417703.0,4.39,9.03,0.0162
2025-10-27,170,45153,1559595.0,3.97,8.32,0.012
2025-10-27,171,10491,220507.0,4.07,8.51,0.0114
2025-10-27,172,3294,79112.0,5.47,13.14,0.0605
2025-10-27,173,13034,254375.0,4.69,9.69,0.0222
2025-10-27,174,21063,432103.0,3.87,8.22,0.0116
2025-10-27,175,4313,106474.0,4.68,10.52,0.0366
2025-10-27,176,1767,45915.0,5.93,12.83,0.0593
2025-10-27,177,21968,463715.0,4.85,10.02,0.0247
2025-10-27,178,5434,108483.0,3.96,7.75,0.0095
2025-10-27,179,18511,417852.0,3.86,7.7,0.0071
2025-10-27,180,8516,167684.0,4.08,8.44,0.0108
2025-10-27,181,52024,1418496.0,3.7,8.27,0.0141
2025-10-27,182,12614,257108.0,4.12,8.39,0.0134
2025-10-27,183,6668,138622.0,4.23,8.76,0.0136
2025-10-27,184,1012,20016.0,4.68,9.11,0.0189
2025-10-27,185,15544,329486.0,4.21,8.83,0.0142
2025-10-27,186,32726,1280685.0,3.62,9.04,0.0237
2025-10-27,187,3883,77125.0,5.35,12.06,0.0476
2025-10-27,188,37380,847834.0,4.61,9.59,0.0219
2025-10-27,189,19375,510386.0,4.14,8.63,0.0137
2025-10-27,190,2470,61355.0,4.35,9.01,0.0201
2025-10-27,191,14894,326288.0,4.36,9.41,0.0196
2025-10-27,192,6532,143691.0,4.03,8.58,0.011
2025-10-27,193,8867,210344.0,3.83,7.88,0.0103
2025-10-27,194,878,31112.0,5.87,12.2,0.0578
2025-10-27,195,10454,315039.0,4.44,9.63,0.0216
2025-10-27,196,13345,286634.0,4.31,8.85,0.0157
2025-10-27,197,22206,448852.0,4.21,8.84,0.0152
2025-10-27,198,38547,954745.0,4.59,9.86,0.0231
2025-10-27,199,1,50.0,13.73,13.73,0.0
2025-10-27,200,11408,313501.0,4.71,10.12,0.0267
2025-10-27,201,3152,93243.0,5.88,14.1,0.0816
2025-10-27,202,3435,114802.0,5.47,11.21,0.0293
2025-10-27,203,9647,194736.0,5.52,11.26,0.0343
2025-10-27,204,1422,41323.0,5.78,12.94,0.0576
2025-10-27,205,20840,426448.0,4.8,10.09,0.0244
2025-10-27,206,10944,224203.0,5.17,12.5,0.0585
2025-10-27,207,960,15157.0,3.69,7.91,0.0063
2025-10-27,208,16471,365454.0,4.49,9.62,0.0194
2025-10-27,209,11210,417209.0,4.27,8.23,0.0115
2025-10-27,210,16400,319778.0,3.88,7.98,0.0112
2025-10-27,211,28256,1035240.0,3.63,7.5,0.0126
2025-10-27,212,13401,247540.0,4.36,8.92,0.0145
2025-10-27,213,23486,453811.0,4.63,9.54,0.0203
2025-10-27,214,4354,106701.0,4.92,11.79,0.042
2025-10-27,215,14939,283573.0,4.47,9.24,0.0184
2025-10-27,216,30797,607073.0,3.85,8.16,0.0118
2025-10-27,217,9315,176127.0,4.83,10.25,0.0315
2025-10-27,218,10488,224126.0,4.64,9.15,0.0165
2025-10-27,219,9128,193900.0,4.86,9.71,0.0225
2025-10-27,220,18897,401250.0,4.34,9.03,0.0169
2025-10-27,221,7256,146097.0,5.22,11.99,0.0476
2025-10-27,222,6040,128762.0,4.86,10.18,0.0271
2025-10-27,223,26167,589149.0,3.51,7.17,0.0067
2025-10-27,224,10865,316932.0,4.89,9.65,0.0198
2025-10-27,225,43598,1054952.0,4.83,9.82,0.0228
2025-10-27,226,32600,709084.0,4.05,8.17,0.0117
2025-10-27,227,13031,284798.0,4.28,8.72,0.0144
2025-10-27,228,29844,850075.0,4.5,9.66,0.0216
2025-10-27,229,28648,956548.0,3.58,7.0,0.0054
2025-10-27,230,60359,2782501.0,3.95,9.22,0.0193
2025-10-27,231,59793,2173362.0,3.63,7.19,0.0068
2025-10-27,232,21657,638995.0,4.82,9.76,0.0224
2025-10-27,233,27330,896975.0,4.01,8.23,0.0121
2025-10-27,234,55103,2005271.0,3.82,7.88,0.0087
2025-10-27,235,20455,388499.0,4.75,9.76,0.0203
2025-10-27,236,37654,1265791.0,3.96,7.65,0.0081
2025-10-27,237,44266,1660305.0,3.58,7.02,0.0047
2025-10-27,238,26321,786599.0,4.03,7.87,0.0102
2025-10-27,239,30808,1115153.0,3.95,8.11,0.0135
2025-10-27,240,3737,74686.0,4.84,9.87,0.0229
2025-10-27,241,18748,377408.0,4.36,8.89,0.0148
2025-10-27,242,19285,397165.0,4.16,8.84,0.0154
2025-10-27,243,27129,629565.0,4.26,8.75,0.0145
2025-10-27,244,37120,886017.0,4.19,8.85,0.0197
2025-10-27,245,4099,88552.0,5.63,12.14,0.0492
2025-10-27,246,60096,2211171.0,4.07,8.49,0.0112
2025-10-27,247,24609,462581.0,4.63,9.43,0.0206
2025-10-27,248,12018,230671.0,4.39,9.17,0.0163
2025-10-27,249,45731,1559933.0,3.79,7.82,0.0103
2025-10-27,250,12364,244391.0,4.08,8.36,0.0129
2025-10-27,251,4091,88511.0,5.06,11.29,0.0364
2025-10-27,252,7020,171680.0,5.01,10.23,0.0231
2025-10-27,253,132,3840.0,4.91,10.89,0.0303
2025-10-27,254,23868,466617.0,4.58,9.46,0.0196
2025-10-27,255,52812,1642417.0,3.86,8.67,0.0138
2025-10-27,256,46875,1352249.0,4.02,8.77,0.0158
2025-10-27,257,8261,211159.0,3.91,8.05,0.0069
2025-10-27,258,15995,345348.0,4.32,8.8,0.0145
2025-10-27,259,17301,344385.0,4.93,10.12,0.0249
2025-10-27,260,23708,460901.0,3.72,7.71,0.0086
2025-10-27,261,19888,876413.0,4.14,8.64,0.0139
2025-10-27,262,17831,553994.0,4.48,9.1,0.0177
2025-10-27,263,27129,845616.0,4.14,8.21,0.0114
2025-10-27,265,194,5281.0,6.72,15.44,0.1129
2025-11-03,1,1,92.0,7.8,7.8,0.0
2025-11-03,2,10,264.0,7.43,17.61,0.1
2025-11-03,3,10299,187361.0,3.79,7.63,0.0084
2025-11-03,4,12794,331658.0,4.06,8.03,0.0098
2025-11-03,5,1307,34934.0,5.57,13.03,0.053
2025-11-03,6,2700,59686.0,4.75,10.93,0.03
2025-11-03,7,44396,925925.0,3.24,6.36,0.004
2025-11-03,8,135,2890.0,2.99,5.93,0.0
2025-11-03,9,4216,90996.0,3.87,7.76,0.008
2025-11-03,10,15032,317572.0,3.7,7.26,0.0083
2025-11-03,11,5095,106021.0,3.62,7.23,0.007
2025-11-03,12,439,15104.0,3.72,7.91,0.0092
2025-11-03,13,22114,867658.0,3.72,7.5,0.006
2025-11-03,14,25469,580916.0,3.54,6.77,0.0057
2025-11-03,15,3410,85573.0,4.85,10.31,0.0256
2025-11-03,16,9675,218045.0,3.98,8.49,0.0134
2025-11-03,17,38207,788751.0,4.11,8.33,0.0126
2025-11-03,18,21814,397282.0,3.9,7.94,0.0108
2025-11-03,19,4374,96454.0,4.5,9.18,0.0173
2025-11-03,20,13862,273501.0,3.76,7.93,0.0105
2025-11-03,21,12171,235650.0,3.78,7.41,0.0088
2025-11-03,22,15960,308356.0,3.74,7.35,0.0091
2025-11-03,23,7823,180122.0,5.06,12.08,0.049
2025-11-03,24,6116,151252.0,3.57,6.57,0.0039
2025-11-03,25,29158,801480.0,3.9,7.92,0.0087
2025-11-03,26,25131,458485.0,4.4,8.59,0.0139
2025-11-03,27,182,7749.0,9.84,20.17,0.2086
2025-11-03,28,11869,249461.0,3.96,7.86,0.0103
2025-11-03,29,9268,184302.0,3.63,7.4,0.0075
2025-11-03,30,213,5593.0,7.25,14.5,0.0922
2025-11-03,31,1778,42026.0,4.13,8.78,0.0158
2025-11-03,32,11114,208191.0,3.85,7.91,0.0099
2025-11-03,33,23789,731137.0,3.84,7.78,0.0096
2025-11-03,34,3743,89837.0,4.22,8.78,0.0129
2025-11-03,35,27219,504684.0,4.45,9.04,0.018
2025-11-03,36,37231,819079.0,3.81,8.34,0.0158
2025-11-03,37,51739,1145300.0,3.83,7.83,0.0103
2025-11-03,38,5875,135536.0,4.1,8.78,0.0165
2025-11-03,39,33712,629267.0,4.28,8.49,0.0159
2025-11-03,40,11646,307993.0,3.58,6.75,0.0047
2025-11-03,41,30124,651555.0,4.0,7.79,0.0089
2025-11-03,42,40084,794237.0,4.21,8.37,0.0118
2025-11-03,43,7633,254491.0,3.45,7.15,0.0055
2025-11-03,44,2046,58054.0,5.98,13.65,0.0716
2025-11-03,45,12275,343749.0,3.89,7.76,0.009
2025-11-03,46,851,29066.0,7.08,15.5,0.1086
2025-11-03,47,15164,264158.0,3.94,7.8,0.0104
2025-11-03,48,45640,1560376.0,3.25,7.01,0.0072
2025-11-03,49,29219,679743.0,3.69,7.27,0.0079
2025-11-03,50,24827,744007.0,3.58,7.04,0.0073
2025-11-03,51,17978,372822.0,4.46,9.3,0.0176
2025-11-03,52,8005,220197.0,3.43,6.83,0.0055
2025-11-03,53,7234,176111.0,4.55,10.28,0.0287
2025-11-03,54,3045,76825.0,3.6,7.1,0.004
2025-11-03,55,12087,270599.0,4.03,8.74,0.0165
2025-11-03,56,13909,267848.0,3.91,7.83,0.0099
2025-11-03,57,1057,19646.0,4.23,8.49,0.0143
2025-11-03,58,1551,34233.0,5.0,10.24,0.0251
2025-11-03,59,519,9924.0,4.17,8.4,0.0098
2025-11-03,60,10278,181625.0,4.23,8.39,0.0144
2025-11-03,61,61002,1276000.0,4.12,8.24,0.012
2025-11-03,62,17211,366802.0,4.25,8.62,0.0143
2025-11-03,63,14483,291113.0,3.79,7.62,0.0099
2025-11-03,64,3304,82396.0,5.58,11.56,0.0413
2025-11-03,65,23972,677722.0,4.05,8.67,0.0139
2025-11-03,66,18633,548959.0,3.89,7.99,0.0105
2025-11-03,67,8439,177895.0,3.73,7.3,0.0066
2025-11-03,68,52617,1992962.0,3.28,7.27,0.0081
2025-11-03,69,23206,437202.0,4.08,8.26,0.0126
2025-11-03,70,11563,268519.0,3.61,7.53,0.0093
2025-11-03,71,19145,369020.0,4.14,8.3,0.0124
2025-11-03,72,22606,419047.0,4.47,8.93,0.0153
2025-11-03,73,4907,98367.0,4.04,8.25,0.0099
2025-11-03,74,31822,637360.0,4.23,8.47,0.0126
2025-11-03,75,29218,708638.0,4.08,8.15,0.0103
2025-11-03,76,52540,954091.0,4.0,8.04,0.0122
2025-11-03,77,13420,251366.0,4.15,8.23,0.0123
2025-11-03,78,19984,358950.0,3.99,8.22,0.0128
2025-11-03,79,58427,1678959.0,3.35,7.09,0.0076
2025-11-03,80,37365,871212.0,3.62,7.4,0.0082
2025-11-03,81,12922,234013.0,4.32,9.01,0.014
2025-11-03,82,34184,635243.0,3.72,7.62,0.0097
2025-11-03,83,11714,218533.0,3.73,7.53,0.0087
2025-11-03,84,2333,62669.0,5.58,11.94,0.0436
2025-11-03,85,14455,305550.0,4.04,8.36,0.0171
2025-11-03,86,10361,236133.0,5.81,12.67,0.0582
2025-11-03,87,29885,1152972.0,3.53,7.05,0.0052
2025-11-03,88,13521,544123.0,3.66,7.36,0.0056
2025-11-03,89,36832,783895.0,3.79,7.53,0.0097
2025-11-03,90,32162,1064134.0,3.12,6.41,0.0039
2025-11-03,91,22633,444527.0,4.13,7.99,0.0123
2025-11-03,92,26672,621579.0,4.25,9.61,0.0244
2025-11-03,93,2579,51731.0,4.14,7.98,0.0133
2025-11-03,94,9439,167886.0,3.98,8.08,0.0111
2025-11-03,95,33467,725768.0,3.9,7.96,0.0094
2025-11-03,96,652,14764.0,4.11,7.64,0.0093
2025-11-03,97,33628,842094.0,3.84,8.07,0.0115
2025-11-03,98,4282,94966.0,4.25,8.74,0.0116
2025-11-03,99,117,2575.0,5.45,9.65,0.0085
2025-11-03,100,26675,1091405.0,3.6,8.48,0.0129
2025-11-03,101,4662,121329.0,4.52,10.3,0.0266
2025-11-03,102,11211,220675.0,3.96,8.22,0.0127
2025-11-03,105,1,18.0,5.07,5.07,0.0
2025-11-03,106,11782,283585.0,3.7,7.01,0.0051
2025-11-03,107,36553,1094926.0,3.35,6.53,0.0035
2025-11-03,108,6802,137291.0,3.78,7.35,0.0069
2025-11-03,109,3440,81260.0,5.45,12.11,0.0509
2025-11-03,110,4,215.0,7.05,11.98,0.0
2025-11-03,111,178,3725.0,3.5,7.76,0.0169
2025-11-03,112,47321,1171589.0,3.51,6.88,0.0046
2025-11-03,113,29108,926431.0,3.35,6.64,0.0039
2025-11-03,114,30459,968004.0,3.41,7.22,0.0063
2025-11-03,115,3911,78731.0,5.31,11.54,0.0397
2025-11-03,116,20587,438970.0,3.93,7.74,0.0094
2025-11-03,117,7078,172575.0,6.04,13.44,0.064
2025-11-03,118,4882,118980.0,5.42,12.25,0.0526
2025-11-03,119,15410,285776.0,4.07,8.18,0.0104
2025-11-03,120,409,9140.0,4.09,8.14,0.0075
2025-11-03,121,10934,244347.0,4.0,8.11,0.0109
2025-11-03,122,5887,117469.0,4.1,8.75,0.0178
2025-11-03,123,14721,269390.0,3.76,7.26,0.0082
2025-11-03,124,6803,147364.0,4.51,9.1,0.0176
2025-11-03,125,18423,669881.0,3.37,6.7,0.0061
2025-11-03,126,14053,267661.0,4.26,9.06,0.0186
2025-11-03,127,17052,360139.0,3.48,7.13,0.0067
2025-11-03,128,1381,33563.0,3.49,7.13,0.0051
2025-11-03,129,35319,683137.0,3.72,7.39,0.0081
2025-11-03,130,36854,760918.0,3.93,8.29,0.0139
2025-11-03,131,7653,168889.0,3.94,7.84,0.0102
2025-11-03,132,69054,5308221.0,4.28,10.9,0.0421
2025-11-03,133,8722,185623.0,3.65,7.18,0.0055
2025-11-03,134,11148,230814.0,3.72,7.56,0.0086
2025-11-03,135,8980,204100.0,3.93,7.9,0.0104
2025-11-03,136,11828,225632.0,3.87,7.92,0.0099
2025-11-03,137,24283,651897.0,3.63,7.33,0.0063
2025-11-03,138,95873,6220225.0,4.96,13.34,0.0686
2025-11-03,139,9084,180842.0,4.21,8.39,0.0124
2025-11-03,140,26891,833469.0,3.72,7.8,0.0104
2025-11-03,141,30742,929447.0,3.47,6.57,0.0028
2025-11-03,142,32939,1133246.0,3.42,6.56,0.0033
2025-11-03,143,23852,704902.0,3.57,6.78,0.0025
2025-11-03,144,35147,1123739.0,3.63,7.35,0.007
2025-11-03,145,41034,986229.0,3.38,6.69,0.005
2025-11-03,146,12244,294146.0,3.23,6.49,0.0049
2025-11-03,147,9305,175850.0,3.77,7.48,0.01
2025-11-03,148,49798,1520451.0,3.51,7.79,0.0121
2025-11-03,149,11466,217400.0,3.66,7.11,0.007
2025-11-03,150,4776,103946.0,3.76,7.79,0.0092
2025-11-03,151,12771,336545.0,3.62,6.85,0.0037
2025-11-03,152,9803,213731.0,3.98,7.79,0.0105
2025-11-03,153,4387,75885.0,4.05,8.26,0.0106
2025-11-03,154,365,11106.0,5.44,12.03,0.0386
2025-11-03,155,12817,282840.0,4.3,9.21,0.0189
2025-11-03,156,6481,119300.0,4.64,10.51,0.0308
2025-11-03,157,15507,334565.0,4.14,9.32,0.0195
2025-11-03,158,28328,999509.0,3.3,6.66,0.004
2025-11-03,159,20489,382818.0,3.84,7.81,0.0101
2025-11-03,160,10458,216818.0,4.07,7.98,0.0108
2025-11-03,161,64023,2852715.0,3.55,8.21,0.0106
2025-11-03,162,41299,1711789.0,3.23,6.8,0.005
2025-11-03,163,43549,1914682.0,3.3,6.9,0.0037
2025-11-03,164,51740,1943762.0,3.49,7.52,0.0085
2025-11-03,165,14662,305473.0,3.72,7.12,0.0078
2025-11-03,166,19681,494891.0,3.43,6.62,0.0049
2025-11-03,167,16804,309444.0,3.92,7.66,0.0083
2025-11-03,168,29465,600622.0,4.08,8.5,0.0152
2025-11-03,169,21962,393015.0,3.99,8.09,0.0113
2025-11-03,170,43104,1438593.0,3.49,7.11,0.0056
2025-11-03,171,9406,191597.0,3.85,7.96,0.0098
2025-11-03,172,3004,68285.0,5.13,11.98,0.0462
2025-11-03,173,11574,215350.0,4.21,8.42,0.0161
2025-11-03,174,20180,390837.0,3.58,7.29,0.008
2025-11-03,175,3832,92831.0,4.39,9.11,0.0142
2025-11-03,176,1640,41782.0,5.59,12.34,0.0444
2025-11-03,177,20109,389781.0,4.2,8.53,0.0146
2025-11-03,178,5074,95788.0,3.82,7.18,0.0064
2025-11-03,179,16769,367708.0,3.5,6.84,0.0051
2025-11-03,180,7827,148134.0,3.67,7.27,0.007
2025-11-03,181,48537,1245475.0,3.35,6.96,0.0067
2025-11-03,182,12135,237556.0,3.85,7.7,0.0085
2025-11-03,183,6168,121138.0,3.9,8.19,0.0114
2025-11-03,184,990,20507.0,4.34,9.12,0.0193
2025-11-03,185,14325,287032.0,3.88,7.91,0.0102
2025-11-03,186,29943,1128143.0,3.08,7.62,0.0118
2025-11-03,187,3607,68005.0,4.87,10.73,0.0291
2025-11-03,188,34634,735767.0,4.07,8.18,0.0111
2025-11-03,189,18074,448742.0,3.64,7.34,0.0076
2025-11-03,190,2681,62577.0,3.93,7.98,0.0128
2025-11-03,191,13877,291447.0,4.11,8.69,0.0152
2025-11-03,192,6201,131390.0,3.8,7.86,0.0072
2025-11-03,193,8625,202869.0,3.58,7.5,0.0084
2025-11-03,194,1072,35868.0,6.11,12.62,0.0543
2025-11-03,195,9360,265640.0,4.2,8.78,0.0179
2025-11-03,196,12608,260408.0,3.94,7.89,0.0096
2025-11-03,197,20215,392940.0,3.8,7.63,0.0093
2025-11-03,198,29865,644694.0,3.89,7.84,0.0108
2025-11-03,199,1,72.0,11.77,11.77,0.0
2025-11-03,200,10798,291142.0,4.41,8.95,0.0175
2025-11-03,201,2882,85063.0,5.73,13.45,0.07
2025-11-03,202,3286,106380.0,5.32,11.09,0.0246
2025-11-03,203,9028,176437.0,5.13,10.26,0.0245
2025-11-03,204,1227,35275.0,5.55,12.8,0.0546
2025-11-03,205,19255,374067.0,4.36,8.85,0.0167
2025-11-03,206,9701,186069.0,4.56,10.86,0.0367
2025-11-03,207,829,12508.0,3.5,6.52,0.0072
2025-11-03,208,14905,316147.0,4.19,9.1,0.0174
2025-11-03,209,10718,374243.0,3.8,7.46,0.0065
2025-11-03,210,14405,271240.0,3.69,7.27,0.0081
2025-11-03,211,28448,998701.0,3.33,6.72,0.0051
2025-11-03,212,12733,223891.0,3.97,8.16,0.0084
2025-11-03,213,22133,407520.0,4.27,8.91,0.0161
2025-11-03,214,4078,95752.0,4.65,11.1,0.0401
2025-11-03,215,13854,253622.0,4.09,8.12,0.013
2025-11-03,216,28453,541622.0,3.46,6.94,0.0066
2025-11-03,217,8720,147576.0,4.53,9.01,0.0151
2025-11-03,218,9802,200465.0,4.18,8.08,0.0107
2025-11-03,219,8538,173852.0,4.47,8.61,0.0146
2025-11-03,220,17133,351040.0,3.9,7.75,0.0088
2025-11-03,221,6772,130906.0,4.88,11.13,0.0367
2025-11-03,222,5890,120839.0,4.43,8.8,0.0168
2025-11-03,223,23271,496848.0,3.2,6.17,0.0038
2025-11-03,224,8975,244145.0,4.39,8.2,0.01
2025-11-03,225,37120,813853.0,4.1,8.05,0.0116
2025-11-03,226,29816,622440.0,3.67,7.14,0.0074
2025-11-03,227,11478,243180.0,4.04,8.0,0.0094
2025-11-03,228,23874,561512.0,4.0,7.69,0.0095
2025-11-03,229,27125,889951.0,3.26,6.29,0.0029
2025-11-03,230,61520,2821700.0,3.53,8.61,0.0173
2025-11-03,231,56661,2012041.0,3.32,6.34,0.0025
2025-11-03,232,19212,521539.0,4.4,8.82,0.0135
2025-11-03,233,25358,803199.0,3.51,6.85,0.0053
2025-11-03,234,54381,1868056.0,3.43,7.02,0.0049
2025-11-03,235,19793,357534.0,4.33,9.04,0.0153
2025-11-03,236,36797,1195702.0,3.61,6.75,0.0031
2025-11-03,237,45587,1637981.0,3.26,6.27,0.0017
2025-11-03,238,23762,688529.0,3.55,6.69,0.0042
2025-11-03,239,29391,945199.0,3.43,6.43,0.0027
2025-11-03,240,3358,62739.0,4.45,9.23,0.0195
2025-11-03,241,17423,333904.0,3.95,7.66,0.0085
2025-11-03,242,18735,373405.0,3.83,8.06,0.0121
2025-11-03,243,24948,561759.0,3.81,7.73,0.0107
2025-11-03,244,34877,790700.0,3.69,7.66,0.0112
2025-11-03,245,3815,80866.0,5.16,11.17,0.0374
2025-11-03,246,54665,1999275.0,3.71,7.77,0.0082
2025-11-03,247,23701,432233.0,4.18,8.35,0.0131
2025-11-03,248,11543,209773.0,3.99,8.32,0.0108
2025-11-03,249,43555,1385822.0,3.38,6.96,0.005
2025-11-03,250,11629,216892.0,3.81,7.7,0.0095
2025-11-03,251,3822,79203.0,4.67,10.03,0.0277
2025-11-03,252,6045,141924.0,4.6,9.63,0.0226
2025-11-03,253,137,3409.0,4.17,8.04,0.0146
2025-11-03,254,22394,413676.0,4.25,8.75,0.0143
2025-11-03,255,49355,1360374.0,3.51,7.5,0.0081
2025-11-03,256,39944,1031328.0,3.62,7.44,0.0076
2025-11-03,257,7139,181364.0,3.6,6.8,0.0045
2025-11-03,258,14565,303921.0,3.95,7.75,0.0087
2025-11-03,259,16248,309864.0,4.55,9.48,0.0187
2025-11-03,260,21224,395344.0,3.37,6.62,0.004
2025-11-03,261,19254,843581.0,3.81,7.94,0.0099
2025-11-03,262,16767,476833.0,4.01,7.67,0.0069
2025-11-03,263,25616,755324.0,3.65,6.91,0.0044
2025-11-03,265,211,5138.0,6.63,14.62,0.0909
2025-11-10,2,14,383.0,9.52,16.0,0.1429
2025-11-10,3,10865,196366.0,3.92,8.19,0.0114
2025-11-10,4,13490,346478.0,4.13,8.52,0.0142
2025-11-10,5,1290,35223.0,5.84,13.3,0.0626
2025-11-10,6,2819,63298.0,4.8,10.88,0.0279
2025-11-10,7,46443,958610.0,3.29,6.61,0.0039
2025-11-10,8,146,2831.0,3.25,6.52,0.0068
2025-11-10,9,4371,94218.0,3.96,8.28,0.0072
2025-11-10,10,15240,315187.0,3.87,8.02,0.0101
2025-11-10,11,5192,106518.0,3.73,7.53,0.0079
2025-11-10,12,431,16259.0,3.5,7.81,0.0047
2025-11-10,13,23253,882084.0,3.7,7.51,0.0079
2025-11-10,14,26402,586216.0,3.56,6.99,0.0044
2025-11-10,15,3527,87263.0,4.94,11.0,0.0292
2025-11-10,16,9786,221224.0,4.03,8.62,0.0141
2025-11-10,17,39648,802223.0,4.06,8.38,0.0124
2025-11-10,18,22951,412988.0,4.07,8.53,0.0119
2025-11-10,19,4286,95103.0,4.62,9.76,0.0152
2025-11-10,20,14240,280038.0,3.89,8.26,0.0121
2025-11-10,21,13105,245807.0,3.8,7.94,0.0104
2025-11-10,22,16743,318310.0,3.81,7.75,0.0082
2025-11-10,23,8061,183096.0,5.19,12.51,0.0464
2025-11-10,24,6925,162089.0,3.63,6.91,0.0053
2025-11-10,25,29906,793626.0,3.86,7.98,0.0103
2025-11-10,26,25844,470983.0,4.35,8.58,0.0137
2025-11-10,27,194,7116.0,10.14,20.22,0.237
2025-11-10,28,11993,248301.0,4.01,8.4,0.0097
2025-11-10,29,10220,204432.0,3.68,7.82,0.0094
2025-11-10,30,266,7398.0,8.07,16.22,0.1212
2025-11-10,31,1932,47452.0,4.24,9.02,0.025
2025-11-10,32,11985,229019.0,4.01,8.45,0.0103
2025-11-10,33,24551,732106.0,3.77,7.67,0.0077
2025-11-10,34,4279,123618.0,4.67,12.16,0.0557
2025-11-10,35,27437,503083.0,4.48,9.32,0.0183
2025-11-10,36,38752,825624.0,3.8,8.38,0.0114
2025-11-10,37,54670,1196373.0,3.9,8.19,0.0106
2025-11-10,38,6203,156034.0,4.23,8.87,0.0181
2025-11-10,39,34848,634949.0,4.31,8.68,0.0157
2025-11-10,40,12514,324098.0,3.57,6.83,0.0049
2025-11-10,41,32517,681877.0,4.1,8.1,0.0105
2025-11-10,42,41872,826005.0,4.31,8.75,0.0122
2025-11-10,43,7289,242222.0,3.48,7.22,0.0043
2025-11-10,44,2064,54122.0,5.93,13.6,0.0676
2025-11-10,45,12602,349614.0,3.82,7.9,0.01
2025-11-10,46,797,25949.0,8.29,15.79,0.123
2025-11-10,47,15800,274524.0,4.1,8.33,0.0112
2025-11-10,48,47373,1599322.0,3.34,7.26,0.0081
2025-11-10,49,30960,709150.0,3.7,7.45,0.0078
2025-11-10,50,26137,745699.0,3.6,7.02,0.0053
2025-11-10,51,19088,400640.0,4.64,9.82,0.021
2025-11-10,52,8309,221148.0,3.46,6.95,0.005
2025-11-10,53,7390,173039.0,4.74,10.86,0.0346
2025-11-10,54,3233,83923.0,3.67,7.45,0.0063
2025-11-10,55,12911,273834.0,4.1,8.94,0.0181
2025-11-10,56,14785,284935.0,4.0,8.19,0.0112
2025-11-10,57,1204,22806.0,4.23,9.3,0.0234
2025-11-10,58,1600,35482.0,5.16,10.45,0.0232
2025-11-10,59,525,10099.0,4.19,8.25,0.0077
2025-11-10,60,10785,192244.0,4.34,8.93,0.0148
2025-11-10,61,63302,1308586.0,4.14,8.57,0.0133
2025-11-10,62,18572,394923.0,4.3,8.75,0.0136
2025-11-10,63,14201,281542.0,3.87,8.03,0.0104
2025-11-10,64,3249,81627.0,5.58,11.56,0.036
2025-11-10,65,23985,643400.0,4.07,8.8,0.0131
2025-11-10,66,19379,558016.0,3.9,7.96,0.0099
2025-11-10,67,8485,173807.0,3.75,7.47,0.0079
2025-11-10,68,55289,2102828.0,3.27,7.18,0.0078
2025-11-10,69,24388,458251.0,4.2,8.74,0.0131
2025-11-10,70,11620,263756.0,3.63,7.96,0.011
2025-11-10,71,19617,376920.0,4.25,8.61,0.0136
2025-11-10,72,22974,419899.0,4.53,9.25,0.0195
2025-11-10,73,5125,102598.0,4.08,8.9,0.0148
2025-11-10,74,32727,646201.0,4.34,8.73,0.0138
2025-11-10,75,31098,739828.0,4.17,8.39,0.0101
2025-11-10,76,53479,965979.0,4.12,8.43,0.0136
2025-11-10,77,13333,250102.0,4.24,8.76,0.015
2025-11-10,78,21314,383331.0,4.11,8.67,0.0145
2025-11-10,79,61631,1736955.0,3.36,7.38,0.0095
2025-11-10,80,39118,881836.0,3.64,7.67,0.0077
2025-11-10,81,13630,250380.0,4.57,9.38,0.0172
2025-11-10,82,35942,667947.0,3.86,8.14,0.0113
2025-11-10,83,11814,220454.0,3.85,8.07,0.0096
2025-11-10,84,2311,59792.0,5.4,12.01,0.0416
2025-11-10,85,16164,358423.0,4.24,9.54,0.0241
2025-11-10,86,10447,235915.0,6.06,13.44,0.0674
2025-11-10,87,30292,1155428.0,3.53,7.25,0.0067
2025-11-10,88,14325,573742.0,3.67,7.72,0.0085
2025-11-10,89,42145,923523.0,3.9,8.12,0.0125
2025-11-10,90,32972,1065744.0,3.13,6.53,0.0052
2025-11-10,91,22951,451941.0,4.19,8.46,0.0132
2025-11-10,92,27937,650709.0,4.44,10.32,0.0306
2025-11-10,93,2931,72548.0,4.54,10.25,0.0381
2025-11-10,94,9921,175887.0,4.11,8.58,0.0126
2025-11-10,95,34126,730767.0,3.99,8.22,0.0103
2025-11-10,96,647,15379.0,4.34,8.73,0.0171
2025-11-10,97,33771,801455.0,3.8,7.96,0.0107
2025-11-10,98,4466,99356.0,4.32,9.41,0.0142
2025-11-10,99,131,3207.0,5.65,12.55,0.0615
2025-11-10,100,27018,1122857.0,3.73,9.25,0.0226
2025-11-10,101,4795,127090.0,4.78,10.81,0.0287
2025-11-10,102,11754,233606.0,4.13,8.84,0.0135
2025-11-10,106,11978,279782.0,3.7,6.97,0.0051
2025-11-10,107,38456,1132095.0,3.31,6.5,0.0037
2025-11-10,108,7339,141816.0,3.8,7.61,0.0091
2025-11-10,109,3413,80976.0,5.49,12.5,0.0505
2025-11-10,110,9,192.0,6.75,10.08,0.0
2025-11-10,111,180,4067.0,3.59,7.23,0.0056
2025-11-10,112,49600,1189356.0,3.52,7.17,0.0062
2025-11-10,113,30534,936595.0,3.29,6.56,0.0047
2025-11-10,114,32176,995039.0,3.32,7.19,0.007
2025-11-10,115,3921,76697.0,5.44,11.92,0.0406
2025-11-10,116,21666,453750.0,3.96,7.96,0.01
2025-11-10,117,7236,173345.0,6.26,14.09,0.0769
2025-11-10,118,4888,117970.0,5.35,12.66,0.0559
2025-11-10,119,15746,288193.0,4.13,8.53,0.0114
2025-11-10,120,361,7673.0,4.04,8.29,0.0199
2025-11-10,121,11092,246144.0,4.13,8.73,0.011
2025-11-10,122,5994,119836.0,4.29,9.17,0.0201
2025-11-10,123,16137,299427.0,3.79,7.67,0.0077
2025-11-10,124,6943,149894.0,4.69,9.45,0.0174
2025-11-10,125,18973,670321.0,3.39,6.74,0.0068
2025-11-10,126,14763,275570.0,4.33,9.24,0.0175
2025-11-10,127,17590,371679.0,3.56,7.65,0.0099
2025-11-10,128,1387,32821.0,3.51,7.23,0.0051
2025-11-10,129,36946,711040.0,3.81,7.87,0.0092
2025-11-10,130,36987,758280.0,4.0,8.63,0.0151
2025-11-10,131,7714,171077.0,4.1,8.51,0.0128
2025-11-10,132,73865,5609257.0,4.5,11.35,0.0431
2025-11-10,133,9403,193461.0,3.69,7.54,0.0069
2025-11-10,134,11307,236426.0,3.75,7.8,0.0098
2025-11-10,135,9159,203009.0,3.99,8.23,0.0114
2025-11-10,136,12324,233531.0,3.99,8.74,0.0149
2025-11-10,137,25043,655305.0,3.58,7.35,0.0073
2025-11-10,138,99032,6221726.0,5.18,13.57,0.07
2025-11-10,139,9517,191048.0,4.28,8.87,0.0154
2025-11-10,140,28463,853220.0,3.78,8.07,0.0114
2025-11-10,141,32327,940796.0,3.51,6.72,0.0031
2025-11-10,142,34940,1165773.0,3.43,6.62,0.003
2025-11-10,143,25436,720415.0,3.57,6.77,0.0035
2025-11-10,144,35582,1101200.0,3.6,7.42,0.0075
2025-11-10,145,41836,985732.0,3.4,6.9,0.0052
2025-11-10,146,12460,294495.0,3.25,6.72,0.0047
2025-11-10,147,9633,182523.0,3.91,8.12,0.0099
2025-11-10,148,51970,1570726.0,3.54,8.11,0.0139
2025-11-10,149,12764,239671.0,3.7,7.33,0.0084
2025-11-10,150,5178,111263.0,3.86,8.16,0.0128
2025-11-10,151,14217,355777.0,3.71,7.18,0.006
2025-11-10,152,10998,235828.0,4.0,7.98,0.0097
2025-11-10,153,4567,79600.0,4.14,8.72,0.0137
2025-11-10,154,343,10950.0,5.34,11.32,0.0468
2025-11-10,155,13301,289988.0,4.41,9.49,0.0213
2025-11-10,156,6620,123221.0,4.76,10.98,0.0409
2025-11-10,157,15994,347053.0,4.27,9.57,0.0192
2025-11-10,158,29380,1006408.0,3.32,6.64,0.004
2025-11-10,159,21505,400784.0,3.98,8.35,0.0121
2025-11-10,160,10791,221223.0,4.17,8.3,0.0121
2025-11-10,161,62796,2763916.0,3.62,8.32,0.0145
2025-11-10,162,40517,1659341.0,3.21,6.79,0.0053
2025-11-10,163,43990,1928509.0,3.37,7.22,0.0073
2025-11-10,164,51816,1924016.0,3.56,7.84,0.0111
2025-11-10,165,16094,331228.0,3.73,7.31,0.0075
2025-11-10,166,22806,558211.0,3.47,6.81,0.005
2025-11-10,167,17358,318853.0,4.05,8.19,0.0103
2025-11-10,168,30444,597654.0,4.18,8.71,0.0137
2025-11-10,169,22448,399671.0,4.11,8.67,0.0109
2025-11-10,170,43452,1417455.0,3.48,7.32,0.0099
2025-11-10,171,9951,200496.0,3.89,8.37,0.012
2025-11-10,172,3162,71332.0,5.25,12.06,0.0454
2025-11-10,173,12296,227845.0,4.3,9.09,0.0177
2025-11-10,174,21510,413320.0,3.71,7.8,0.0086
2025-11-10,175,3955,96463.0,4.41,9.68,0.0159
2025-11-10,176,1673,44076.0,5.37,12.02,0.0504
2025-11-10,177,19580,382039.0,4.3,8.83,0.0141
2025-11-10,178,5522,107044.0,3.87,7.43,0.0066
2025-11-10,179,17444,376661.0,3.56,7.12,0.0069
2025-11-10,180,8010,147661.0,3.85,7.74,0.0087
2025-11-10,181,48514,1185974.0,3.3,6.54,0.0056
2025-11-10,182,12459,238108.0,3.92,7.96,0.0075
2025-11-10,183,6406,123848.0,4.07,8.66,0.0128
2025-11-10,184,917,17120.0,4.39,9.49,0.0155
2025-11-10,185,15386,308988.0,4.05,8.36,0.0116
2025-11-10,186,31888,1201158.0,3.16,8.15,0.0191
2025-11-10,187,3545,65673.0,4.94,10.88,0.0324
2025-11-10,188,38029,784766.0,4.12,8.35,0.0111
2025-11-10,189,18665,447033.0,3.64,7.38,0.0088
2025-11-10,190,2730,62290.0,3.94,8.1,0.0085
2025-11-10,191,13791,286695.0,4.21,8.87,0.0161
2025-11-10,192,6320,134610.0,3.85,8.23,0.0091
2025-11-10,193,8717,198286.0,3.66,7.86,0.0096
2025-11-10,194,880,29245.0,5.73,12.28,0.0488
2025-11-10,195,9975,274670.0,4.29,8.97,0.0193
2025-11-10,196,13084,267737.0,4.08,8.47,0.0125
2025-11-10,197,20701,399194.0,3.93,8.12,0.011
2025-11-10,198,31139,657557.0,3.92,8.09,0.0104
2025-11-10,199,2,66.0,19.05,30.4,0.5
2025-11-10,200,10819,287015.0,4.42,9.34,0.0207
2025-11-10,201,3224,94415.0,6.05,13.98,0.077
2025-11-10,202,3679,115079.0,5.57,11.85,0.0378
2025-11-10,203,9284,180925.0,5.24,10.45,0.0295
2025-11-10,204,1258,35876.0,5.59,11.99,0.0384
2025-11-10,205,19690,384054.0,4.53,9.26,0.0171
2025-11-10,206,9961,191207.0,4.74,11.59,0.0417
2025-11-10,207,817,11998.0,3.42,6.36,0.0012
2025-11-10,208,15510,323507.0,4.34,9.41,0.0196
2025-11-10,209,10874,379991.0,3.89,7.69,0.0088
2025-11-10,210,15939,298231.0,3.71,7.73,0.0074
2025-11-10,211,29746,1004332.0,3.32,6.77,0.0047
2025-11-10,212,13200,228552.0,4.13,8.62,0.014
2025-11-10,213,23193,424463.0,4.44,9.32,0.0172
2025-11-10,214,4176,94514.0,4.65,11.04,0.0327
2025-11-10,215,14254,265408.0,4.23,8.61,0.0134
2025-11-10,216,28991,545414.0,3.58,7.42,0.0079
2025-11-10,217,9030,150183.0,4.51,9.36,0.0213
2025-11-10,218,9980,200349.0,4.3,8.42,0.0126
2025-11-10,219,8765,177490.0,4.63,9.43,0.0185
2025-11-10,220,18006,366189.0,3.95,8.16,0.0106
2025-11-10,221,6811,129837.0,4.93,11.49,0.0403
2025-11-10,222,6092,123990.0,4.47,9.03,0.019
2025-11-10,223,23519,497236.0,3.23,6.53,0.0046
2025-11-10,224,9659,255029.0,4.32,8.25,0.0095
2025-11-10,225,38100,823080.0,4.12,8.28,0.0125
2025-11-10,226,30596,627618.0,3.72,7.59,0.0076
2025-11-10,227,12080,252915.0,4.03,8.33,0.0121
2025-11-10,228,24703,576296.0,4.13,8.18,0.0117
2025-11-10,229,27690,874797.0,3.23,6.23,0.0028
2025-11-10,230,63548,2888028.0,3.69,9.0,0.0215
2025-11-10,231,58890,2036466.0,3.29,6.32,0.0038
2025-11-10,232,20409,539867.0,4.35,8.95,0.0162
2025-11-10,233,25516,791093.0,3.54,7.02,0.004
2025-11-10,234,55298,1856747.0,3.42,7.08,0.0061
2025-11-10,235,20213,366497.0,4.42,9.43,0.0176
2025-11-10,236,37595,1167016.0,3.57,6.58,0.0027
2025-11-10,237,45881,1590312.0,3.26,6.21,0.0023
2025-11-10,238,25602,701647.0,3.53,6.71,0.0034
2025-11-10,239,31581,967867.0,3.42,6.37,0.0034
2025-11-10,240,3561,66434.0,4.56,9.4,0.0173
2025-11-10,241,18457,355923.0,4.11,8.47,0.0107
2025-11-10,242,19136,375753.0,3.99,8.56,0.0129
2025-11-10,243,25692,574728.0,3.88,8.15,0.0112
2025-11-10,244,36595,827361.0,3.79,8.15,0.0141
2025-11-10,245,3858,79055.0,5.21,11.49,0.0383
2025-11-10,246,56850,2045882.0,3.68,7.59,0.0068
2025-11-10,247,24605,437203.0,4.29,8.78,0.0134
2025-11-10,248,11889,214104.0,4.13,8.68,0.0097
2025-11-10,249,45548,1407458.0,3.33,6.91,0.0057
2025-11-10,250,12077,224868.0,3.94,8.32,0.0099
2025-11-10,251,3924,78908.0,4.75,10.06,0.0222
2025-11-10,252,6435,152695.0,4.79,10.27,0.0233
2025-11-10,253,176,5101.0,4.75,12.97,0.0686
2025-11-10,254,23858,447684.0,4.44,9.38,0.0176
2025-11-10,255,50088,1329626.0,3.45,7.64,0.0087
2025-11-10,256,42032,1054842.0,3.62,7.6,0.0091
2025-11-10,257,7683,189850.0,3.63,6.97,0.005
2025-11-10,258,14913,308808.0,4.02,8.16,0.0106
2025-11-10,259,16777,318093.0,4.76,9.85,0.0216
2025-11-10,260,21967,403333.0,3.45,6.94,0.0056
2025-11-10,261,19480,813774.0,3.78,7.87,0.0108
2025-11-10,262,17464,483419.0,4.02,7.69,0.0059
2025-11-10,263,27236,770246.0,3.69,7.02,0.004
2025-11-10,265,197,4556.0,6.7,15.08,0.1094
2025-11-17,2,15,485.0,8.1,17.0,0.1333
2025-11-17,3,11110,201251.0,3.97,8.16,0.0114
2025-11-17,4,13367,348743.0,4.15,8.43,0.0135
2025-11-17,5,1394,34239.0,5.71,12.96,0.0403
2025-11-17,6,2848,62704.0,4.75,10.98,0.0347
2025-11-17,7,47158,967465.0,3.26,6.67,0.0046
2025-11-17,8,123,2628.0,3.42,7.12,0.0
2025-11-17,9,4486,96416.0,3.99,8.3,0.0086
2025-11-17,10,16012,330570.0,3.88,8.38,0.0145
2025-11-17,11,5547,113380.0,3.79,7.89,0.0099
2025-11-17,12,447,16175.0,3.44,7.66,0.0182
2025-11-17,13,22710,899685.0,3.69,7.7,0.0084
2025-11-17,14,27038,603699.0,3.59,7.15,0.0064
2025-11-17,15,3574,92275.0,5.04,10.92,0.0274
2025-11-17,16,10151,229572.0,4.13,8.83,0.0154
2025-11-17,17,40266,838361.0,4.19,8.84,0.0164
2025-11-17,18,23236,418699.0,4.08,8.6,0.0134
2025-11-17,19,4575,100545.0,4.72,10.16,0.0204
2025-11-17,20,15235,310492.0,3.97,8.6,0.0135
2025-11-17,21,14069,263080.0,3.79,7.9,0.0113
2025-11-17,22,17781,336818.0,3.83,7.99,0.0114
2025-11-17,23,8372,190324.0,5.19,12.33,0.0462
2025-11-17,24,6834,166026.0,3.81,7.33,0.0091
2025-11-17,25,28844,799128.0,3.87,8.03,0.0117
2025-11-17,26,26227,477066.0,4.31,8.58,0.0139
2025-11-17,27,171,6262.0,9.25,19.61,0.2157
2025-11-17,28,12567,255551.0,3.99,8.24,0.0103
2025-11-17,29,10542,207054.0,3.62,7.52,0.0083
2025-11-17,30,256,6366.0,7.07,13.14,0.06
2025-11-17,31,2080,48893.0,4.32,9.1,0.0189
2025-11-17,32,11938,225229.0,4.0,8.67,0.0129
2025-11-17,33,23848,737768.0,3.83,7.84,0.011
2025-11-17,34,5602,170220.0,5.35,13.92,0.0821
2025-11-17,35,29409,529727.0,4.51,9.51,0.022
2025-11-17,36,39061,823602.0,3.87,8.43,0.0124
2025-11-17,37,55534,1212704.0,3.93,8.45,0.0143
2025-11-17,38,6454,153837.0,4.32,9.7,0.025
2025-11-17,39,36546,663497.0,4.42,9.21,0.0176
2025-11-17,40,12024,320814.0,3.57,7.05,0.005
2025-11-17,41,32028,679852.0,4.18,8.32,0.0111
2025-11-17,42,43301,847003.0,4.41,9.08,0.0156
2025-11-17,43,6846,235622.0,3.49,7.28,0.0058
2025-11-17,44,2190,58670.0,5.99,13.66,0.0711
2025-11-17,45,12163,336432.0,3.82,7.95,0.0097
2025-11-17,46,847,27368.0,8.09,15.2,0.106
2025-11-17,47,16571,285510.0,4.22,8.69,0.0143
2025-11-17,48,45874,1582446.0,3.31,7.21,0.0075
2025-11-17,49,30883,731821.0,3.81,7.92,0.0094
2025-11-17,50,25718,770962.0,3.63,7.2,0.0068
2025-11-17,51,19494,403849.0,4.62,9.8,0.0202
2025-11-17,52,8060,222950.0,3.46,6.96,0.0045
2025-11-17,53,7937,183810.0,4.69,10.78,0.0276
2025-11-17,54,2989,74670.0,3.57,7.26,0.0081
2025-11-17,55,13707,293565.0,4.11,9.03,0.017
2025-11-17,56,15753,296641.0,4.12,8.63,0.0122
2025-11-17,57,1231,22311.0,4.58,10.43,0.0335
2025-11-17,58,1649,36398.0,5.26,11.04,0.0269
2025-11-17,59,603,11583.0,4.37,8.07,0.0167
2025-11-17,60,11496,202765.0,4.51,9.38,0.0175
2025-11-17,61,64630,1351181.0,4.24,8.95,0.0164
2025-11-17,62,18605,411099.0,4.45,9.13,0.0168
2025-11-17,63,15234,300242.0,3.88,8.24,0.0111
2025-11-17,64,3369,85988.0,5.69,11.92,0.0368
2025-11-17,65,24586,688986.0,4.11,8.82,0.0142
2025-11-17,66,18910,550797.0,3.93,8.05,0.0106
2025-11-17,67,9162,186803.0,3.8,7.73,0.0086
2025-11-17,68,51590,2036121.0,3.24,7.22,0.0073
2025-11-17,69,25172,474882.0,4.27,8.95,0.0158
2025-11-17,70,11984,269804.0,3.65,7.71,0.0109
2025-11-17,71,20977,400559.0,4.33,9.14,0.0167
2025-11-17,72,24266,442150.0,4.63,9.7,0.023
2025-11-17,73,5361,104685.0,4.0,8.98,0.0149
2025-11-17,74,33712,663822.0,4.45,8.96,0.0147
2025-11-17,75,30514,731294.0,4.2,8.56,0.0124
2025-11-17,76,55801,999842.0,4.1,8.51,0.013
2025-11-17,77,14228,266689.0,4.19,8.88,0.0156
2025-11-17,78,21704,388357.0,4.17,9.04,0.0166
2025-11-17,79,59686,1718548.0,3.31,7.06,0.0067
2025-11-17,80,38962,892612.0,3.73,8.11,0.0113
2025-11-17,81,14048,249408.0,4.49,9.54,0.0192
2025-11-17,82,38358,700467.0,3.84,8.04,0.0098
2025-11-17,83,12574,227732.0,3.85,7.79,0.0089
2025-11-17,84,2384,59944.0,5.48,11.87,0.0473
2025-11-17,85,16126,343339.0,4.23,9.17,0.0162
2025-11-17,86,11063,245744.0,5.89,13.37,0.0652
2025-11-17,87,30259,1210530.0,3.65,7.66,0.0117
2025-11-17,88,13849,583083.0,3.72,8.16,0.0149
2025-11-17,89,42487,908815.0,3.97,8.22,0.0118
2025-11-17,90,32106,1084631.0,3.15,6.5,0.0034
2025-11-17,91,23992,470513.0,4.29,8.88,0.0153
2025-11-17,92,27783,629690.0,4.33,9.73,0.0231
2025-11-17,93,2585,57736.0,4.52,10.93,0.0504
2025-11-17,94,10035,176574.0,4.14,8.62,0.0106
2025-11-17,95,35277,752819.0,3.96,8.17,0.0107
2025-11-17,96,634,12869.0,4.32,9.52,0.0175
2025-11-17,97,35295,902916.0,3.9,8.61,0.0171
2025-11-17,98,4653,99750.0,4.35,9.49,0.015
2025-11-17,99,121,2841.0,6.02,11.38,0.0672
2025-11-17,100,26980,1177887.0,3.63,8.72,0.0169
2025-11-17,101,4726,121796.0,4.81,10.79,0.0359
2025-11-17,102,12377,243015.0,4.14,9.2,0.0216
2025-11-17,106,11565,276515.0,3.73,7.2,0.0058
2025-11-17,107,37050,1137404.0,3.38,6.81,0.0043
2025-11-17,108,7809,148529.0,3.8,7.97,0.0072
2025-11-17,109,3584,83679.0,5.41,12.16,0.0519
2025-11-17,110,1,10.0,3.02,3.02,0.0
2025-11-17,111,186,4103.0,3.59,6.48,0.0
2025-11-17,112,49205,1204242.0,3.56,7.61,0.008
2025-11-17,113,30145,973727.0,3.34,6.79,0.0042
2025-11-17,114,30565,969457.0,3.38,7.06,0.0051
2025-11-17,115,4170,79746.0,5.44,12.13,0.0451
2025-11-17,116,21977,457077.0,4.14,8.47,0.013
2025-11-17,117,7755,184457.0,6.11,13.77,0.0733
2025-11-17,118,4968,117764.0,5.46,12.73,0.0553
2025-11-17,119,16201,295371.0,4.24,8.78,0.014
2025-11-17,120,397,7942.0,4.05,9.64,0.0205
2025-11-17,121,11970,265416.0,4.13,8.76,0.0131
2025-11-17,122,6315,124626.0,4.31,9.68,0.0224
2025-11-17,123,16415,298164.0,3.73,7.46,0.0072
2025-11-17,124,7383,163410.0,4.73,9.91,0.0226
2025-11-17,125,17994,666774.0,3.37,6.72,0.0059
2025-11-17,126,15837,290302.0,4.44,9.54,0.0211
2025-11-17,127,17863,379481.0,3.58,7.78,0.009
2025-11-17,128,1397,32821.0,3.5,7.21,0.005
2025-11-17,129,38423,734909.0,3.77,7.7,0.0083
2025-11-17,130,38788,786949.0,4.05,8.77,0.0142
2025-11-17,131,8002,174049.0,4.04,8.62,0.0129
2025-11-17,132,64765,5104880.0,4.3,10.67,0.0315
2025-11-17,133,9541,198940.0,3.7,7.64,0.008
2025-11-17,134,11678,244416.0,3.75,7.93,0.0101
2025-11-17,135,9574,217753.0,4.03,8.63,0.0127
2025-11-17,136,13066,248606.0,4.05,8.7,0.0132
2025-11-17,137,25869,688067.0,3.65,7.61,0.0085
2025-11-17,138,95845,6170088.0,5.05,13.23,0.0672
2025-11-17,139,9755,193528.0,4.34,9.03,0.0157
2025-11-17,140,28153,861380.0,3.85,8.18,0.0115
2025-11-17,141,31765,940132.0,3.51,6.81,0.0037
2025-11-17,142,34536,1171257.0,3.46,6.83,0.0039
2025-11-17,143,25059,728199.0,3.66,7.08,0.0048
2025-11-17,144,34391,1097223.0,3.56,7.11,0.0047
2025-11-17,145,42914,1025605.0,3.45,7.21,0.0074
2025-11-17,146,13008,316021.0,3.28,6.82,0.0048
2025-11-17,147,10685,198455.0,4.05,8.3,0.0116
2025-11-17,148,49064,1460158.0,3.53,7.74,0.0104
2025-11-17,149,13188,242477.0,3.67,7.29,0.0065
2025-11-17,150,5217,112539.0,3.74,7.99,0.0093
2025-11-17,151,13665,344539.0,3.77,7.36,0.0069
2025-11-17,152,11260,242553.0,4.21,8.45,0.0156
2025-11-17,153,4711,81344.0,4.25,8.93,0.0146
2025-11-17,154,312,8400.0,4.61,9.96,0.0229
2025-11-17,155,13733,298296.0,4.43,9.52,0.021
2025-11-17,156,7079,127235.0,4.78,10.96,0.0321
2025-11-17,157,17894,384547.0,4.38,9.83,0.021
2025-11-17,158,27731,984538.0,3.35,6.78,0.0041
2025-11-17,159,23095,423109.0,4.09,8.62,0.0119
2025-11-17,160,11375,230505.0,4.24,8.91,0.0147
2025-11-17,161,62862,2881380.0,3.58,8.25,0.0117
2025-11-17,162,41556,1793149.0,3.27,6.85,0.0044
2025-11-17,163,42044,1879241.0,3.28,6.81,0.0042
2025-11-17,164,51163,1998851.0,3.52,7.84,0.0101
2025-11-17,165,16422,340206.0,3.76,7.54,0.0068
2025-11-17,166,22618,567416.0,3.57,7.07,0.0076
2025-11-17,167,18483,337949.0,4.17,8.46,0.0112
2025-11-17,168,32811,632705.0,4.22,9.03,0.0147
2025-11-17,169,22999,406776.0,4.21,8.91,0.0142
2025-11-17,170,43551,1503126.0,3.48,7.33,0.007
2025-11-17,171,10252,202458.0,3.83,8.13,0.0115
2025-11-17,172,3314,72755.0,5.27,12.12,0.0429
2025-11-17,173,13147,238075.0,4.35,9.18,0.0185
2025-11-17,174,22204,426119.0,3.75,8.15,0.011
2025-11-17,175,4232,103202.0,4.39,9.34,0.0148
2025-11-17,176,1689,43755.0,5.63,12.48,0.0552
2025-11-17,177,20793,397415.0,4.4,9.33,0.0198
2025-11-17,178,5584,105637.0,3.85,7.42,0.0078
2025-11-17,179,17828,384591.0,3.52,7.09,0.0058
2025-11-17,180,8405,155457.0,3.76,7.68,0.0072
2025-11-17,181,49330,1295551.0,3.35,6.96,0.0103
2025-11-17,182,12880,247057.0,3.97,8.49,0.0119
2025-11-17,183,6514,126207.0,4.06,8.79,0.0143
2025-11-17,184,948,17468.0,4.29,9.43,0.0181
2025-11-17,185,15942,319589.0,4.09,8.7,0.014
2025-11-17,186,29719,1156794.0,3.15,7.88,0.016
2025-11-17,187,3836,69909.0,5.0,11.66,0.0457
2025-11-17,188,39025,810592.0,4.28,8.84,0.0162
2025-11-17,189,19131,477528.0,3.75,7.53,0.0081
2025-11-17,190,2907,69292.0,4.02,8.02,0.0076
2025-11-17,191,14750,303362.0,4.28,9.41,0.0192
2025-11-17,192,6673,139706.0,3.84,7.98,0.0087
2025-11-17,193,8612,193543.0,3.67,7.87,0.0114
2025-11-17,194,632,21911.0,5.94,12.41,0.0472
2025-11-17,195,9790,271500.0,4.39,9.39,0.0193
2025-11-17,196,14077,289536.0,4.14,8.65,0.0131
2025-11-17,197,21281,408311.0,3.93,8.3,0.0116
2025-11-17,198,32483,688180.0,4.02,8.49,0.0144
2025-11-17,200,11172,300757.0,4.45,9.39,0.0183
2025-11-17,201,2857,81632.0,5.76,13.3,0.0671
2025-11-17,202,3133,97538.0,5.16,10.83,0.0324
2025-11-17,203,9571,183811.0,5.38,10.84,0.0314
2025-11-17,204,1318,36002.0,5.6,13.19,0.0566
2025-11-17,205,20728,403352.0,4.55,9.71,0.0211
2025-11-17,206,10395,188291.0,4.71,11.2,0.0392
2025-11-17,207,873,13484.0,3.44,6.33,0.0046
2025-11-17,208,15609,328609.0,4.38,9.83,0.0215
2025-11-17,209,10625,380162.0,4.03,8.2,0.0108
2025-11-17,210,16822,317651.0,3.72,7.75,0.0085
2025-11-17,211,27887,964432.0,3.28,6.59,0.0038
2025-11-17,212,13512,234799.0,4.11,9.0,0.0156
2025-11-17,213,24353,444566.0,4.46,9.61,0.019
2025-11-17,214,4294,97509.0,4.64,11.25,0.0363
2025-11-17,215,15348,279250.0,4.26,9.25,0.0187
2025-11-17,216,29977,549729.0,3.56,7.53,0.0084
2025-11-17,217,8568,144641.0,4.57,9.64,0.0215
2025-11-17,218,10543,213231.0,4.34,8.91,0.0152
2025-11-17,219,9171,187380.0,4.61,9.48,0.0169
2025-11-17,220,18765,379765.0,4.03,8.35,0.0127
2025-11-17,221,7146,133085.0,5.05,11.6,0.0444
2025-11-17,222,6382,127782.0,4.56,9.21,0.0158
2025-11-17,223,23882,503076.0,3.18,6.42,0.0039
2025-11-17,224,9521,263216.0,4.47,8.76,0.0107
2025-11-17,225,39274,859346.0,4.25,8.89,0.0169
2025-11-17,226,30770,641734.0,3.74,7.66,0.0088
2025-11-17,227,12381,255331.0,4.05,8.23,0.012
2025-11-17,228,24705,573389.0,4.06,8.0,0.0104
2025-11-17,229,27720,893652.0,3.27,6.16,0.0025
2025-11-17,230,61513,2907906.0,3.54,8.54,0.0161
2025-11-17,231,58073,2102586.0,3.32,6.38,0.0033
2025-11-17,232,19701,532142.0,4.47,9.18,0.0171
2025-11-17,233,25857,828713.0,3.55,6.96,0.0049
2025-11-17,234,54713,1949302.0,3.44,7.16,0.0055
2025-11-17,235,20713,373152.0,4.57,9.81,0.0219
2025-11-17,236,36132,1154788.0,3.61,6.78,0.004
2025-11-17,237,44483,1596380.0,3.25,6.22,0.0022
2025-11-17,238,25356,724006.0,3.59,7.12,0.0057
2025-11-17,239,30136,945813.0,3.47,6.67,0.0034
2025-11-17,240,3430,60496.0,4.61,9.5,0.0235
2025-11-17,241,19237,370523.0,4.12,8.57,0.0124
2025-11-17,242,20028,393297.0,3.98,8.62,0.0133
2025-11-17,243,25759,575559.0,3.91,8.2,0.0112
2025-11-17,244,37006,848201.0,3.84,8.38,0.0139
2025-11-17,245,3958,79919.0,5.06,11.36,0.0381
2025-11-17,246,53639,2024955.0,3.72,7.87,0.0082
2025-11-17,247,24563,432616.0,4.33,8.87,0.0157
2025-11-17,248,12178,220205.0,4.13,9.01,0.0164
2025-11-17,249,42861,1378314.0,3.33,6.86,0.004
2025-11-17,250,12605,233086.0,3.89,8.26,0.01
2025-11-17,251,4142,79511.0,4.74,10.43,0.0279
2025-11-17,252,6521,148602.0,4.66,10.16,0.0193
2025-11-17,253,211,5573.0,5.25,15.58,0.1053
2025-11-17,254,24394,450315.0,4.47,9.6,0.0206
2025-11-17,255,47754,1293825.0,3.43,7.53,0.0064
2025-11-17,256,41777,1067745.0,3.68,7.86,0.0106
2025-11-17,257,7596,192235.0,3.7,7.09,0.005
2025-11-17,258,15595,320976.0,4.06,8.42,0.0127
2025-11-17,259,17232,320761.0,4.79,9.95,0.0221
2025-11-17,260,22465,410755.0,3.45,6.95,0.0058
2025-11-17,261,18723,823232.0,3.82,7.98,0.0115
2025-11-17,262,17533,491926.0,4.13,8.15,0.0099
2025-11-17,263,26618,767958.0,3.76,7.31,0.0058
2025-11-17,265,245,6070.0,6.34,15.16,0.1037
2025-11-24,2,15,450.0,6.25,12.9,0.0667
2025-11-24,3,10817,203683.0,4.01,8.71,0.0134
2025-11-24,4,10728,284772.0,3.88,7.67,0.0089
2025-11-24,5,1453,39859.0,6.22,13.54,0.0646
2025-11-24,6,2894,66693.0,4.91,11.48,0.0422
2025-11-24,7,45373,922268.0,3.28,6.52,0.0044
2025-11-24,8,111,2576.0,3.48,5.88,0.0
2025-11-24,9,4241,90980.0,4.25,9.2,0.0163
2025-11-24,10,15993,335029.0,3.99,8.43,0.0138
2025-11-24,11,5589,114397.0,3.76,7.7,0.0103
2025-11-24,12,525,17289.0,3.15,6.92,0.0076
2025-11-24,13,13418,519249.0,3.32,6.72,0.0053
2025-11-24,14,26772,597206.0,3.63,7.3,0.007
2025-11-24,15,3608,94812.0,5.25,11.54,0.0357
2025-11-24,16,10615,261849.0,4.45,9.83,0.025
2025-11-24,17,37772,780975.0,4.02,8.2,0.0131
2025-11-24,18,25817,485048.0,4.15,8.79,0.0139
2025-11-24,19,4372,100561.0,4.71,9.89,0.0188
2025-11-24,20,14968,314909.0,3.99,8.76,0.0147
2025-11-24,21,13820,263387.0,3.77,7.72,0.0097
2025-11-24,22,18458,353270.0,3.85,7.7,0.0089
2025-11-24,23,7633,176715.0,5.57,13.05,0.0608
2025-11-24,24,6140,165042.0,3.68,7.38,0.0105
2025-11-24,25,24125,642881.0,3.64,7.45,0.0082
2025-11-24,26,26467,468621.0,4.33,8.58,0.0135
2025-11-24,27,270,10669.0,8.95,19.28,0.228
2025-11-24,28,12295,261044.0,4.09,8.5,0.0114
2025-11-24,29,10152,205565.0,3.69,7.59,0.0082
2025-11-24,30,316,8598.0,7.36,16.15,0.1234
2025-11-24,31,2165,58627.0,4.49,9.67,0.0265
2025-11-24,32,12947,251440.0,4.08,8.72,0.0128
2025-11-24,33,17969,548326.0,3.48,6.96,0.007
2025-11-24,34,2176,50673.0,4.11,9.68,0.0305
2025-11-24,35,31012,567537.0,4.46,8.89,0.0163
2025-11-24,36,33767,719443.0,3.76,8.01,0.0122
2025-11-24,37,48843,1090226.0,3.77,7.87,0.0112
2025-11-24,38,6254,147844.0,4.39,9.75,0.0238
2025-11-24,39,37971,705469.0,4.31,8.77,0.0183
2025-11-24,40,9516,253701.0,3.54,6.61,0.0044
2025-11-24,41,30459,649657.0,4.05,8.15,0.0122
2025-11-24,42,44133,885342.0,4.31,8.92,0.0157
2025-11-24,43,6435,207883.0,3.45,7.39,0.0088
2025-11-24,44,2242,64158.0,6.46,15.07,0.1025
2025-11-24,45,10474,286912.0,3.58,7.34,0.0094
2025-11-24,46,814,28381.0,8.17,16.4,0.1313
2025-11-24,47,16956,302773.0,4.25,8.83,0.0136
2025-11-24,48,38491,1294390.0,3.11,7.08,0.0108
2025-11-24,49,26556,632799.0,3.63,7.36,0.0066
2025-11-24,50,21128,627124.0,3.44,7.1,0.0097
2025-11-24,51,21019,458536.0,4.75,10.03,0.0252
2025-11-24,52,6401,173383.0,3.29,6.47,0.0038
2025-11-24,53,7968,187112.0,4.8,10.91,0.0314
2025-11-24,54,2305,61624.0,3.6,6.84,0.0062
2025-11-24,55,13769,306199.0,4.15,8.98,0.017
2025-11-24,56,16764,320531.0,4.06,8.13,0.0107
2025-11-24,57,1223,23428.0,4.19,8.23,0.0189
2025-11-24,58,1749,39447.0,5.01,10.75,0.03
2025-11-24,59,529,9905.0,4.45,8.45,0.0076
2025-11-24,60,12094,217211.0,4.51,9.28,0.0165
2025-11-24,61,62610,1299547.0,4.05,8.24,0.0121
2025-11-24,62,17665,375115.0,4.17,8.24,0.0107
2025-11-24,63,16025,325008.0,3.96,7.97,0.0118
2025-11-24,64,3469,92267.0,5.87,12.33,0.0455
2025-11-24,65,20177,542998.0,3.69,8.03,0.0121
2025-11-24,66,15037,429757.0,3.53,7.23,0.0088
2025-11-24,67,9130,188186.0,3.82,7.51,0.0062
2025-11-24,68,39609,1415510.0,3.08,7.13,0.012
2025-11-24,69,26821,514709.0,4.27,9.0,0.0144
2025-11-24,70,11953,252981.0,3.72,8.13,0.0119
2025-11-24,71,21434,415482.0,4.14,8.14,0.0119
2025-11-24,72,25620,470657.0,4.45,8.85,0.0162
2025-11-24,73,5231,105045.0,4.13,8.64,0.0145
2025-11-24,74,35588,704455.0,4.26,8.59,0.0138
2025-11-24,75,28888,684330.0,4.0,8.14,0.0106
2025-11-24,76,58262,1086994.0,4.14,8.45,0.0135
2025-11-24,77,14717,280465.0,4.21,8.42,0.0136
2025-11-24,78,22434,411686.0,4.21,9.0,0.0158
2025-11-24,79,43012,1269574.0,3.0,6.07,0.0035
2025-11-24,80,30485,708450.0,3.52,7.49,0.0085
2025-11-24,81,14733,276635.0,4.56,9.58,0.0217
2025-11-24,82,39833,722852.0,3.9,8.15,0.014
2025-11-24,83,12840,233007.0,3.78,7.59,0.0078
2025-11-24,84,2398,66916.0,5.94,13.02,0.0607
2025-11-24,85,16077,328729.0,4.01,7.98,0.0096
2025-11-24,86,11356,266202.0,6.2,13.81,0.0724
2025-11-24,87,19921,767906.0,3.26,6.72,0.0077
2025-11-24,88,9065,343351.0,3.32,6.89,0.0055
2025-11-24,89,42233,908414.0,3.85,7.62,0.0084
2025-11-24,90,21949,722085.0,2.86,6.0,0.0031
2025-11-24,91,24706,490444.0,4.18,8.36,0.0132
2025-11-24,92,28631,653592.0,4.51,10.02,0.0261
2025-11-24,93,1923,40952.0,4.4,8.87,0.0152
2025-11-24,94,11160,202833.0,4.23,9.07,0.0154
2025-11-24,95,33172,717920.0,4.06,8.4,0.0117
2025-11-24,96,597,13058.0,4.35,9.26,0.0169
2025-11-24,97,29422,719813.0,3.68,7.7,0.0099
2025-11-24,98,4407,99043.0,4.5,9.93,0.0161
2025-11-24,99,129,2809.0,5.73,12.23,0.0391
2025-11-24,100,21078,789062.0,3.25,8.6,0.0188
2025-11-24,101,4560,123150.0,5.1,11.32,0.0419
2025-11-24,102,12439,246087.0,4.07,8.65,0.0151
2025-11-24,105,1,73.0,3.67,3.67,0.0
2025-11-24,106,8910,210699.0,3.66,7.0,0.0062
2025-11-24,107,25734,789275.0,3.09,6.18,0.0037
2025-11-24,108,7458,146767.0,3.8,7.9,0.0098
2025-11-24,109,3821,94285.0,5.9,13.23,0.0657
2025-11-24,110,4,128.0,4.88,12.78,0.0
2025-11-24,111,152,3125.0,3.52,7.56,0.0066
2025-11-24,112,38140,927537.0,3.37,6.78,0.0052
2025-11-24,113,20733,683118.0,3.03,6.19,0.0046
2025-11-24,114,21879,673277.0,3.0,6.21,0.0045
2025-11-24,115,4177,87555.0,5.59,12.56,0.0591
2025-11-24,116,22288,483453.0,4.1,8.6,0.014
2025-11-24,117,8695,219892.0,6.47,14.44,0.0878
2025-11-24,118,5176,130384.0,5.74,13.52,0.0704
2025-11-24,119,17381,326890.0,4.21,8.85,0.0128
2025-11-24,120,417,9085.0,4.3,10.41,0.0367
2025-11-24,121,10774,245597.0,4.3,9.15,0.0172
2025-11-24,122,6241,130160.0,4.34,9.49,0.022
2025-11-24,123,14408,266522.0,3.69,7.37,0.0086
2025-11-24,124,7038,159775.0,4.7,9.44,0.0169
2025-11-24,125,11102,395544.0,3.13,6.57,0.0144
2025-11-24,126,15904,296568.0,4.43,9.43,0.0215
2025-11-24,127,18125,387630.0,3.71,8.24,0.0117
2025-11-24,128,1244,27827.0,3.73,7.88,0.013
2025-11-24,129,40290,775504.0,3.84,7.78,0.0084
2025-11-24,130,38240,794462.0,4.12,8.83,0.0165
2025-11-24,131,7686,175899.0,4.23,8.97,0.0147
2025-11-24,132,65382,4760311.0,4.75,12.03,0.0567
2025-11-24,133,9531,198211.0,3.64,7.32,0.0063
2025-11-24,134,10986,232864.0,3.83,7.76,0.0081
2025-11-24,135,8451,193560.0,4.13,8.61,0.0136
2025-11-24,136,13796,264368.0,4.15,9.09,0.0158
2025-11-24,137,19544,529533.0,3.31,7.01,0.0074
2025-11-24,138,82147,4533919.0,5.53,15.5,0.1102
2025-11-24,139,9850,203482.0,4.46,9.56,0.0219
2025-11-24,140,22028,677779.0,3.57,7.62,0.009
2025-11-24,141,25935,796301.0,3.35,6.49,0.0032
2025-11-24,142,28406,994702.0,3.35,6.83,0.006
2025-11-24,143,20408,631459.0,3.42,6.48,0.004
2025-11-24,144,25299,805002.0,3.27,6.7,0.0081
2025-11-24,145,37166,905775.0,3.35,6.82,0.0065
2025-11-24,146,10866,256907.0,3.23,6.59,0.0048
2025-11-24,147,11100,210210.0,4.03,8.3,0.0114
2025-11-24,148,35587,1020440.0,3.11,6.5,0.0051
2025-11-24,149,12473,235083.0,3.64,7.28,0.0071
2025-11-24,150,4741,103691.0,3.85,7.99,0.0081
2025-11-24,151,13121,355474.0,3.69,7.44,0.0084
2025-11-24,152,9946,217273.0,4.12,8.54,0.0143
2025-11-24,153,4768,87259.0,4.29,8.99,0.0127
2025-11-24,154,290,8853.0,4.88,9.73,0.0213
2025-11-24,155,14221,312920.0,4.48,9.67,0.0227
2025-11-24,156,7385,140435.0,5.06,12.03,0.0479
2025-11-24,157,15770,316862.0,4.09,8.79,0.016
2025-11-24,158,18089,629868.0,3.08,6.06,0.0049
2025-11-24,159,22848,422601.0,4.07,8.36,0.0122
2025-11-24,160,11606,237266.0,4.21,8.26,0.0117
2025-11-24,161,43296,1686648.0,3.17,7.31,0.0094
2025-11-24,162,27681,1023719.0,2.93,5.94,0.0027
2025-11-24,163,31081,1268508.0,3.02,6.39,0.0049
2025-11-24,164,38697,1341315.0,3.11,7.02,0.0095
2025-11-24,165,15431,325972.0,3.73,7.32,0.007
2025-11-24,166,19243,554012.0,3.58,7.46,0.0099
2025-11-24,167,19509,363567.0,4.14,8.42,0.0121
2025-11-24,168,32260,633190.0,4.17,8.68,0.015
2025-11-24,169,24994,454763.0,4.2,8.81,0.0148
2025-11-24,170,31471,997468.0,3.13,6.56,0.0059
2025-11-24,171,10417,205572.0,4.0,8.56,0.013
2025-11-24,172,3338,78379.0,5.52,13.24,0.0721
2025-11-24,173,13875,252174.0,4.29,8.63,0.0131
2025-11-24,174,21975,431159.0,3.87,8.28,0.012
2025-11-24,175,3836,97469.0,4.61,10.38,0.0241
2025-11-24,176,1712,45568.0,5.7,13.26,0.0663
2025-11-24,177,21384,419276.0,4.29,8.67,0.0172
2025-11-24,178,4916,95126.0,3.82,7.66,0.0064
2025-11-24,179,16918,369206.0,3.6,7.11,0.0058
2025-11-24,180,8598,163118.0,3.78,7.7,0.0075
2025-11-24,181,40212,1029317.0,3.28,6.7,0.0064
2025-11-24,182,14132,277900.0,4.08,8.34,0.011
2025-11-24,183,6642,132754.0,4.19,9.2,0.0175
2025-11-24,184,801,13709.0,4.49,8.58,0.0075
2025-11-24,185,15419,315154.0,4.14,8.62,0.0133
2025-11-24,186,25398,877747.0,2.88,7.57,0.014
2025-11-24,187,3900,75896.0,5.17,11.85,0.0476
2025-11-24,188,38101,792665.0,4.04,8.11,0.0112
2025-11-24,189,15945,393121.0,3.5,6.92,0.0062
2025-11-24,190,2694,64176.0,3.72,7.57,0.0086
2025-11-24,191,14651,318651.0,4.35,9.5,0.0215
2025-11-24,192,6475,132557.0,3.93,8.2,0.01
2025-11-24,193,7854,176872.0,3.64,7.83,0.01
2025-11-24,194,487,16517.0,6.05,12.6,0.0424
2025-11-24,195,7614,220694.0,4.23,8.91,0.0183
2025-11-24,196,13183,268678.0,4.16,8.43,0.0124
2025-11-24,197,21021,401081.0,3.97,8.24,0.0112
2025-11-24,198,29994,636445.0,3.87,7.88,0.0119
2025-11-24,199,3,177.0,15.03,23.68,0.6667
2025-11-24,200,9954,265377.0,4.58,9.97,0.024
2025-11-24,201,3808,103419.0,5.97,14.06,0.0775
2025-11-24,202,2922,94127.0,5.36,10.6,0.0252
2025-11-24,203,9488,197147.0,5.37,11.21,0.0384
2025-11-24,204,1361,41119.0,6.2,14.16,0.0758
2025-11-24,205,21172,436375.0,4.62,9.81,0.0234
2025-11-24,206,10486,205234.0,5.03,12.4,0.0535
2025-11-24,207,915,13143.0,3.4,6.38,0.0066
2025-11-24,208,16153,348482.0,4.43,9.91,0.0229
2025-11-24,209,7504,262460.0,3.54,6.96,0.0056
2025-11-24,210,15911,312535.0,3.78,7.76,0.0106
2025-11-24,211,20224,694862.0,3.03,6.47,0.0094
2025-11-24,212,14601,256974.0,4.12,8.6,0.0119
2025-11-24,213,25364,476570.0,4.47,9.45,0.0189
2025-11-24,214,3858,90988.0,4.93,11.91,0.0448
2025-11-24,215,15068,283704.0,4.27,8.84,0.0161
2025-11-24,216,30331,563288.0,3.66,7.6,0.0086
2025-11-24,217,8848,142571.0,4.52,9.18,0.0173
2025-11-24,218,10697,223350.0,4.41,9.15,0.0184
2025-11-24,219,9023,189985.0,4.74,9.73,0.0204
2025-11-24,220,18150,373417.0,4.09,8.68,0.0126
2025-11-24,221,7108,136180.0,5.14,12.0,0.0446
2025-11-24,222,6751,140175.0,4.58,9.38,0.0213
2025-11-24,223,22774,478330.0,3.25,6.41,0.004
2025-11-24,224,8082,229379.0,4.08,7.81,0.0072
2025-11-24,225,37374,819329.0,4.05,8.15,0.0132
2025-11-24,226,29447,588510.0,3.73,7.41,0.0069
2025-11-24,227,12777,265822.0,4.08,8.07,0.0111
2025-11-24,228,21874,491374.0,4.1,8.06,0.0103
2025-11-24,229,22253,697751.0,3.14,5.93,0.0019
2025-11-24,230,46943,1955778.0,3.33,8.62,0.0234
2025-11-24,231,35941,1284828.0,3.11,6.18,0.0052
2025-11-24,232,16960,470956.0,4.18,8.32,0.0111
2025-11-24,233,19726,606791.0,3.25,6.35,0.0031
2025-11-24,234,36214,1168384.0,3.03,6.31,0.004
2025-11-24,235,23309,437030.0,4.6,9.8,0.021
2025-11-24,236,29309,958079.0,3.45,6.51,0.003
2025-11-24,237,32958,1163758.0,3.1,5.93,0.0023
2025-11-24,238,22462,674813.0,3.57,7.06,0.0064
2025-11-24,239,27100,918624.0,3.42,6.82,0.0056
2025-11-24,240,3600,66517.0,4.65,9.63,0.0216
2025-11-24,241,20198,397660.0,4.26,8.84,0.0139
2025-11-24,242,18605,362282.0,4.11,8.76,0.0152
2025-11-24,243,27295,610599.0,3.98,8.68,0.0157
2025-11-24,244,37510,857625.0,3.87,8.54,0.0158
2025-11-24,245,4442,102325.0,5.56,12.62,0.0583
2025-11-24,246,34004,1137811.0,3.38,7.18,0.0065
2025-11-24,247,25906,465315.0,4.31,8.93,0.0159
2025-11-24,248,13250,240097.0,4.16,8.71,0.0133
2025-11-24,249,30110,940793.0,2.97,5.93,0.0037
2025-11-24,250,12184,226680.0,3.97,8.32,0.0108
2025-11-24,251,4381,90194.0,5.0,11.18,0.0348
2025-11-24,252,6465,149623.0,4.91,10.59,0.0255
2025-11-24,253,107,2377.0,4.63,9.93,0.0
2025-11-24,254,25517,481889.0,4.47,9.42,0.0186
2025-11-24,255,37166,961772.0,3.1,6.44,0.0049
2025-11-24,256,32933,824352.0,3.42,6.98,0.0068
2025-11-24,257,6910,175602.0,3.57,6.81,0.0056
2025-11-24,258,16221,336431.0,4.09,8.24,0.0102
2025-11-24,259,18005,350021.0,4.88,10.21,0.0246
2025-11-24,260,23567,421773.0,3.43,6.85,0.0043
2025-11-24,261,12738,500891.0,3.41,7.31,0.0084
2025-11-24,262,14450,427587.0,3.85,7.34,0.0044
2025-11-24,263,21728,643637.0,3.52,6.8,0.0051
2025-11-24,265,256,6133.0,7.11,15.84,0.1102
2025-12-01,2,12,453.0,8.63,14.71,0.0909
2025-12-01,3,11215,196568.0,4.05,8.64,0.0121
2025-12-01,4,14811,370543.0,4.1,8.33,0.012
2025-12-01,5,1383,35364.0,5.69,12.85,0.0504
2025-12-01,6,3045,68518.0,4.79,11.07,0.0361
2025-12-01,7,48842,988408.0,3.47,7.26,0.0065
2025-12-01,8,138,3243.0,3.4,7.01,0.0145
2025-12-01,9,4647,97151.0,4.13,9.02,0.0123
2025-12-01,10,16928,365669.0,4.14,8.93,0.0148
2025-12-01,11,5701,113576.0,3.83,8.14,0.0131
2025-12-01,12,546,21208.0,3.81,8.56,0.0092
2025-12-01,13,23841,991737.0,3.82,8.04,0.0098
2025-12-01,14,28761,638108.0,3.7,7.61,0.0077
2025-12-01,15,3642,92898.0,5.14,11.51,0.0315
2025-12-01,16,10633,238454.0,4.24,9.1,0.0156
2025-12-01,17,43107,865610.0,4.38,9.24,0.0171
2025-12-01,18,24097,431057.0,4.13,9.03,0.0138
2025-12-01,19,4558,101315.0,4.95,10.31,0.0223
2025-12-01,20,15384,298977.0,4.02,8.93,0.0145
2025-12-01,21,14197,264503.0,3.85,8.16,0.0103
2025-12-01,22,18545,346987.0,3.89,8.12,0.0085
2025-12-01,23,9075,207520.0,5.41,12.54,0.05
2025-12-01,24,7138,168501.0,3.89,7.8,0.0083
2025-12-01,25,30444,826413.0,4.07,8.46,0.012
2025-12-01,26,29016,513128.0,4.43,8.93,0.0162
2025-12-01,27,212,8074.0,10.58,20.47,0.2872
2025-12-01,28,12791,257964.0,4.15,9.02,0.0136
2025-12-01,29,10757,212418.0,3.78,8.21,0.0113
2025-12-01,30,242,6583.0,8.21,15.44,0.1218
2025-12-01,31,1907,47269.0,4.44,9.63,0.0222
2025-12-01,32,12437,233012.0,4.07,8.93,0.0135
2025-12-01,33,25701,777673.0,3.97,8.2,0.0094
2025-12-01,34,3465,80643.0,4.46,9.56,0.0206
2025-12-01,35,29828,535653.0,4.78,10.13,0.0229
2025-12-01,36,40850,847238.0,4.05,8.94,0.0154
2025-12-01,37,55011,1180898.0,4.08,8.73,0.0143
2025-12-01,38,6350,141567.0,4.53,10.14,0.023
2025-12-01,39,37660,666037.0,4.62,9.78,0.0235
2025-12-01,40,13434,354162.0,3.69,7.24,0.0067
2025-12-01,41,33549,697658.0,4.36,8.8,0.0141
2025-12-01,42,44211,863767.0,4.58,9.52,0.0194
2025-12-01,43,7977,291569.0,3.9,8.06,0.0097
2025-12-01,44,2338,66368.0,6.31,14.1,0.0816
2025-12-01,45,13451,392892.0,3.98,8.24,0.0126
2025-12-01,46,814,27392.0,8.3,16.17,0.1263
2025-12-01,47,17064,295436.0,4.23,8.92,0.0135
2025-12-01,48,47848,1806552.0,3.66,8.48,0.0158
2025-12-01,49,33477,768897.0,3.96,8.12,0.0105
2025-12-01,50,27230,885612.0,3.92,8.19,0.0112
2025-12-01,51,20698,432895.0,4.87,10.31,0.0261
2025-12-01,52,8886,240001.0,3.61,7.21,0.0047
2025-12-01,53,8035,191680.0,4.95,11.41,0.036
2025-12-01,54,3232,84085.0,3.82,7.67,0.0091
2025-12-01,55,13604,290177.0,4.27,9.55,0.0203
2025-12-01,56,15908,296109.0,4.23,8.98,0.0154
2025-12-01,57,1219,22330.0,4.47,9.34,0.0198
2025-12-01,58,1754,39220.0,5.26,11.04,0.0305
2025-12-01,59,570,11227.0,4.46,9.14,0.0106
2025-12-01,60,11403,198508.0,4.54,9.7,0.0202
2025-12-01,61,66679,1364147.0,4.39,9.25,0.0152
2025-12-01,62,19261,402093.0,4.48,9.34,0.016
2025-12-01,63,15501,302185.0,4.05,8.8,0.0156
2025-12-01,64,3511,91258.0,5.81,12.55,0.0458
2025-12-01,65,25170,714212.0,4.3,9.42,0.0173
2025-12-01,66,20944,617669.0,4.17,8.77,0.0132
2025-12-01,67,11027,258130.0,3.97,8.24,0.0107
2025-12-01,68,55910,2313944.0,3.42,7.71,0.0089
2025-12-01,69,26124,495434.0,4.35,9.55,0.0204
2025-12-01,70,13001,310539.0,3.86,8.63,0.015
2025-12-01,71,21075,402375.0,4.55,9.56,0.0198
2025-12-01,72,24841,455636.0,4.88,10.18,0.024
2025-12-01,73,5281,101677.0,4.19,9.29,0.0203
2025-12-01,74,33877,667043.0,4.57,9.55,0.0192
2025-12-01,75,32167,772600.0,4.4,9.19,0.0154
2025-12-01,76,58257,1026732.0,4.31,9.22,0.0174
2025-12-01,77,14537,268883.0,4.42,9.54,0.0176
2025-12-01,78,22260,398203.0,4.22,9.44,0.0181
2025-12-01,79,63740,1817713.0,3.45,7.19,0.0065
2025-12-01,80,41523,930646.0,3.88,8.51,0.0134
2025-12-01,81,14684,263762.0,4.67,9.98,0.0213
2025-12-01,82,38862,696521.0,4.02,8.69,0.0138
2025-12-01,83,12733,228386.0,3.97,8.37,0.0101
2025-12-01,84,2439,65192.0,5.71,11.92,0.0447
2025-12-01,85,16991,353790.0,4.41,9.71,0.0228
2025-12-01,86,11405,253617.0,6.16,13.74,0.0735
2025-12-01,87,32966,1337986.0,3.89,8.14,0.0102
2025-12-01,88,15449,675974.0,3.93,8.18,0.0113
2025-12-01,89,43943,936838.0,4.11,8.75,0.0152
2025-12-01,90,34644,1212654.0,3.27,6.82,0.0047
2025-12-01,91,24520,476080.0,4.39,9.21,0.018
2025-12-01,92,27964,640962.0,4.45,9.94,0.0253
2025-12-01,93,2653,63108.0,4.39,9.33,0.0197
2025-12-01,94,10360,181681.0,4.26,9.14,0.013
2025-12-01,95,36320,762578.0,4.15,8.78,0.0141
2025-12-01,96,553,11590.0,4.54,9.82,0.0146
2025-12-01,97,36241,881439.0,4.1,8.51,0.0114
2025-12-01,98,4846,104043.0,4.64,10.16,0.0201
2025-12-01,99,137,3703.0,5.79,13.18,0.0519
2025-12-01,100,29042,1411379.0,4.14,10.75,0.0377
2025-12-01,101,5029,128896.0,5.0,11.2,0.0376
2025-12-01,102,12519,244125.0,4.33,9.6,0.0185
2025-12-01,105,1,33.0,2.45,2.45,0.0
2025-12-01,106,12610,303985.0,3.89,7.47,0.0079
2025-12-01,107,40630,1294535.0,3.52,7.2,0.0059
2025-12-01,108,7891,154195.0,3.82,8.09,0.009
2025-12-01,109,3813,89222.0,5.63,12.88,0.0543
2025-12-01,110,13,482.0,5.81,19.73,0.1667
2025-12-01,111,177,3881.0,3.36,5.98,0.0057
2025-12-01,112,52546,1262853.0,3.71,7.58,0.0078
2025-12-01,113,31842,1038881.0,3.47,7.08,0.0052
2025-12-01,114,32880,1107072.0,3.53,7.29,0.0057
2025-12-01,115,4404,83691.0,5.63,12.19,0.0433
2025-12-01,116,23252,476106.0,4.29,8.96,0.0148
2025-12-01,117,7932,190004.0,6.34,14.05,0.0799
2025-12-01,118,5463,131098.0,5.49,12.97,0.0574
2025-12-01,119,16284,294798.0,4.29,9.37,0.0142
2025-12-01,120,345,7368.0,4.02,9.38,0.0149
2025-12-01,121,12494,269714.0,4.32,9.47,0.0166
2025-12-01,122,6298,124373.0,4.53,10.3,0.0275
2025-12-01,123,17286,309459.0,3.81,7.65,0.008
2025-12-01,124,7736,167921.0,4.89,10.2,0.0221
2025-12-01,125,19385,726053.0,3.59,7.09,0.007
2025-12-01,126,16080,302614.0,4.55,10.28,0.025
2025-12-01,127,18366,381882.0,3.68,8.04,0.011
2025-12-01,128,1458,33920.0,3.61,7.49,0.0063
2025-12-01,129,40232,749777.0,4.01,8.46,0.0122
2025-12-01,130,41061,836684.0,4.32,9.67,0.0221
2025-12-01,131,8306,178925.0,4.26,9.19,0.0152
2025-12-01,132,78546,6289402.0,4.78,12.03,0.0573
2025-12-01,133,10100,209399.0,3.83,8.0,0.0086
2025-12-01,134,11715,246574.0,3.98,8.4,0.0131
2025-12-01,135,9823,221832.0,4.22,8.97,0.0147
2025-12-01,136,13065,248722.0,4.08,8.98,0.0132
2025-12-01,137,27255,748534.0,3.83,8.39,0.0121
2025-12-01,138,115739,7478187.0,6.02,15.95,0.119
2025-12-01,139,10026,196365.0,4.59,9.84,0.02
2025-12-01,140,30257,941959.0,4.01,8.58,0.0121
2025-12-01,141,33834,1015476.0,3.72,7.28,0.0051
2025-12-01,142,37102,1323138.0,3.72,7.51,0.0068
2025-12-01,143,26148,773658.0,3.9,7.56,0.0065
2025-12-01,144,37235,1247961.0,3.75,7.63,0.0069
2025-12-01,145,44768,1050599.0,3.68,7.76,0.0086
2025-12-01,146,12883,308610.0,3.5,7.59,0.0078
2025-12-01,147,10267,189236.0,4.15,9.23,0.0152
2025-12-01,148,52760,1646579.0,3.64,8.04,0.0119
2025-12-01,149,13486,244942.0,3.68,7.4,0.0075
2025-12-01,150,5569,124989.0,3.96,8.83,0.0104
2025-12-01,151,14911,375837.0,4.0,7.99,0.0076
2025-12-01,152,12094,253532.0,4.24,8.75,0.0132
2025-12-01,153,4893,84166.0,4.29,9.25,0.0161
2025-12-01,154,349,11170.0,5.24,10.76,0.0406
2025-12-01,155,14324,313872.0,4.55,10.12,0.0254
2025-12-01,156,7573,135609.0,4.88,11.28,0.0373
2025-12-01,157,18468,403487.0,4.51,9.64,0.0167
2025-12-01,158,29918,1122408.0,3.41,6.74,0.004
2025-12-01,159,23603,427004.0,4.16,9.08,0.0156
2025-12-01,160,11771,237034.0,4.43,9.31,0.016
2025-12-01,161,65192,3439304.0,4.43,11.5,0.0484
2025-12-01,162,43887,2065387.0,3.51,8.16,0.0139
2025-12-01,163,46724,2284228.0,3.71,8.13,0.0118
2025-12-01,164,54300,2326160.0,3.89,9.01,0.019
2025-12-01,165,17301,352252.0,3.84,7.76,0.0076
2025-12-01,166,24029,566562.0,3.72,7.56,0.0074
2025-12-01,167,18801,340971.0,4.22,8.94,0.0116
2025-12-01,168,32278,635057.0,4.35,9.51,0.0196
2025-12-01,169,23920,419239.0,4.25,9.31,0.0153
2025-12-01,170,46585,1726426.0,3.84,8.64,0.0165
2025-12-01,171,10327,200366.0,4.04,8.91,0.0147
2025-12-01,172,3379,75906.0,5.23,12.25,0.0471
2025-12-01,173,13552,243312.0,4.57,9.6,0.02
2025-12-01,174,22603,429181.0,3.88,8.58,0.0136
2025-12-01,175,4410,107311.0,4.7,10.6,0.0245
2025-12-01,176,1788,45727.0,5.48,12.65,0.0546
2025-12-01,177,21299,405906.0,4.62,9.79,0.021
2025-12-01,178,5911,111407.0,3.9,7.72,0.0072
2025-12-01,179,18722,400842.0,3.8,7.89,0.0096
2025-12-01,180,8836,158681.0,3.9,8.05,0.0084
2025-12-01,181,52499,1310507.0,3.49,7.13,0.0058
2025-12-01,182,13612,258412.0,4.1,8.83,0.0122
2025-12-01,183,6895,132134.0,4.15,8.99,0.0146
2025-12-01,184,917,16798.0,4.47,9.2,0.0197
2025-12-01,185,16495,324840.0,4.16,9.18,0.0158
2025-12-01,186,32458,1321607.0,3.37,8.37,0.0134
2025-12-01,187,4113,76835.0,5.05,10.97,0.0379
2025-12-01,188,39280,813691.0,4.43,9.14,0.0161
2025-12-01,189,20874,512352.0,3.92,7.95,0.009
2025-12-01,190,2950,70187.0,4.31,9.05,0.0175
2025-12-01,191,15259,311278.0,4.43,9.89,0.0238
2025-12-01,192,6753,138211.0,4.01,8.86,0.0094
2025-12-01,193,9187,209662.0,3.91,8.49,0.0114
2025-12-01,194,656,23069.0,6.23,14.27,0.0725
2025-12-01,195,9087,251814.0,4.39,9.69,0.0251
2025-12-01,196,14055,282504.0,4.27,8.95,0.0124
2025-12-01,197,22335,422527.0,4.1,8.89,0.0158
2025-12-01,198,33365,693723.0,4.13,8.71,0.015
2025-12-01,199,1,43.0,16.02,16.02,1.0
2025-12-01,200,11707,313810.0,4.55,9.64,0.0219
2025-12-01,201,3202,90879.0,5.82,13.75,0.0731
2025-12-01,202,3020,93274.0,5.55,11.58,0.0351
2025-12-01,203,10028,191592.0,5.67,11.53,0.0368
2025-12-01,204,1295,35460.0,5.58,12.51,0.04
2025-12-01,205,21297,408931.0,4.78,10.35,0.0271
2025-12-01,206,11102,206866.0,4.82,11.33,0.0385
2025-12-01,207,1075,16057.0,3.62,6.89,0.0037
2025-12-01,208,16447,341178.0,4.45,10.07,0.0225
2025-12-01,209,11769,439691.0,4.23,8.58,0.0128
2025-12-01,210,16585,303435.0,3.83,8.09,0.0101
2025-12-01,211,29952,1082490.0,3.45,6.96,0.0052
2025-12-01,212,14295,239170.0,4.28,9.33,0.0181
2025-12-01,213,24792,449107.0,4.64,10.32,0.0274
2025-12-01,214,4435,99025.0,4.69,11.26,0.0368
2025-12-01,215,15517,278854.0,4.45,9.56,0.019
2025-12-01,216,30670,571534.0,3.72,7.98,0.0106
2025-12-01,217,10926,173998.0,4.85,10.19,0.0273
2025-12-01,218,10720,214254.0,4.62,9.74,0.0205
2025-12-01,219,9285,187236.0,4.93,10.22,0.0225
2025-12-01,220,19406,387752.0,4.15,8.75,0.0138
2025-12-01,221,7594,137869.0,5.08,11.58,0.0391
2025-12-01,222,6330,125593.0,4.81,10.28,0.0239
2025-12-01,223,25447,530528.0,3.39,7.06,0.0062
2025-12-01,224,9988,269345.0,4.46,8.78,0.0126
2025-12-01,225,40446,874160.0,4.4,9.22,0.0161
2025-12-01,226,33609,684344.0,3.97,8.28,0.0109
2025-12-01,227,12770,257577.0,4.14,8.83,0.0146
2025-12-01,228,25623,579753.0,4.12,8.33,0.0103
2025-12-01,229,29598,992599.0,3.35,6.56,0.0036
2025-12-01,230,61320,3303708.0,4.3,11.6,0.0516
2025-12-01,231,63196,2335191.0,3.49,6.79,0.004
2025-12-01,232,20620,553084.0,4.48,9.11,0.0158
2025-12-01,233,27119,912329.0,3.73,7.72,0.0088
2025-12-01,234,59043,2244629.0,3.64,7.69,0.009
2025-12-01,235,21058,381690.0,4.62,10.15,0.0207
2025-12-01,236,39754,1290591.0,3.82,7.24,0.0052
2025-12-01,237,48863,1790223.0,3.51,6.91,0.0041
2025-12-01,238,27670,782736.0,3.76,7.59,0.0073
2025-12-01,239,32857,1066656.0,3.7,7.19,0.0055
2025-12-01,240,3482,60274.0,4.69,9.77,0.024
2025-12-01,241,19249,368732.0,4.19,9.01,0.0139
2025-12-01,242,20749,401312.0,4.15,9.31,0.0175
2025-12-01,243,26544,583270.0,4.0,8.43,0.0119
2025-12-01,244,38533,854029.0,3.94,8.64,0.0147
2025-12-01,245,4101,83071.0,5.16,11.08,0.0346
2025-12-01,246,57571,2288491.0,3.9,8.38,0.0109
2025-12-01,247,24999,438492.0,4.4,9.48,0.0183
2025-12-01,248,12394,220528.0,4.29,9.61,0.0186
2025-12-01,249,48149,1604118.0,3.48,7.03,0.005
2025-12-01,250,13031,236403.0,4.04,8.83,0.0135
2025-12-01,251,4327,87094.0,4.82,10.46,0.0264
2025-12-01,252,6710,156432.0,4.86,10.7,0.0279
2025-12-01,253,154,4062.0,4.45,10.59,0.026
2025-12-01,254,25259,457636.0,4.57,9.89,0.0214
2025-12-01,255,52034,1390242.0,3.63,7.81,0.0079
2025-12-01,256,43919,1101982.0,3.78,7.94,0.0106
2025-12-01,257,8332,207519.0,3.77,7.77,0.0075
2025-12-01,258,15851,318068.0,4.24,8.96,0.0135
2025-12-01,259,18217,339965.0,4.94,10.51,0.0268
2025-12-01,260,23523,427343.0,3.58,7.41,0.0057
2025-12-01,261,20538,955209.0,4.03,8.59,0.0153
2025-12-01,262,18848,539746.0,4.32,8.64,0.0104
2025-12-01,263,28486,825596.0,3.91,7.63,0.0063
2025-12-01,265,245,5987.0,7.06,14.13,0.072
2025-12-08,1,1,30.0,,,
2025-12-08,2,3,116.0,6.53,11.67,0.0
2025-12-08,3,11739,208503.0,4.48,9.63,0.0207
2025-12-08,4,15208,425078.0,4.51,9.58,0.0207
2025-12-08,5,1562,40218.0,6.39,14.2,0.0788
2025-12-08,6,3282,71807.0,5.33,12.76,0.0555
2025-12-08,7,51640,1035485.0,3.87,8.2,0.0105
2025-12-08,8,102,2300.0,3.98,7.95,0.0
2025-12-08,9,4949,105272.0,4.38,9.93,0.025
2025-12-08,10,17649,374265.0,4.31,9.5,0.0186
2025-12-08,11,6059,118289.0,4.06,8.67,0.0168
2025-12-08,12,442,18053.0,4.29,9.03,0.0227
2025-12-08,13,24346,1086128.0,4.26,8.93,0.0173
2025-12-08,14,31237,680368.0,4.0,8.3,0.0114
2025-12-08,15,3842,95508.0,5.39,12.36,0.0463
2025-12-08,16,11157,244401.0,4.42,10.03,0.0242
2025-12-08,17,47195,1013817.0,5.0,10.49,0.0287
2025-12-08,18,25133,450157.0,4.6,9.93,0.0228
2025-12-08,19,4679,100625.0,5.01,11.02,0.0314
2025-12-08,20,15305,302518.0,4.5,9.87,0.0228
2025-12-08,21,14946,271510.0,4.04,8.56,0.0147
2025-12-08,22,20052,364054.0,4.18,9.02,0.0154
2025-12-08,23,9317,218038.0,5.62,13.41,0.0671
2025-12-08,24,6859,174974.0,4.53,9.35,0.0177
2025-12-08,25,32443,941984.0,4.71,9.67,0.0209
2025-12-08,26,30231,524073.0,4.83,9.95,0.0227
2025-12-08,27,173,6736.0,11.5,23.16,0.3766
2025-12-08,28,13618,271285.0,4.44,9.45,0.0198
2025-12-08,29,11155,213808.0,3.97,8.4,0.0142
2025-12-08,30,252,7397.0,7.76,14.24,0.0891
2025-12-08,31,2159,53927.0,4.96,10.54,0.0298
2025-12-08,32,12948,238229.0,4.46,9.91,0.0227
2025-12-08,33,27824,879269.0,4.57,9.41,0.0185
2025-12-08,34,4915,136495.0,5.71,13.19,0.0739
2025-12-08,35,30091,536265.0,5.28,11.26,0.0362
2025-12-08,36,44848,948868.0,4.56,9.9,0.0227
2025-12-08,37,60941,1380438.0,4.64,10.01,0.0238
2025-12-08,38,6550,146359.0,4.95,11.2,0.0377
2025-12-08,39,38603,686629.0,5.06,10.82,0.0329
2025-12-08,40,14772,390946.0,4.27,8.34,0.0115
2025-12-08,41,33738,751823.0,4.94,9.92,0.0238
2025-12-08,42,44407,915609.0,5.11,10.54,0.0272
2025-12-08,43,8912,347347.0,4.44,9.02,0.0163
2025-12-08,44,2455,68544.0,6.42,14.56,0.0892
2025-12-08,45,14340,452735.0,4.53,9.58,0.0203
2025-12-08,46,863,29979.0,8.4,17.53,0.1549
2025-12-08,47,16830,290861.0,4.77,10.13,0.0243
2025-12-08,48,51998,2183614.0,4.22,9.49,0.0225
2025-12-08,49,37218,920737.0,4.68,9.69,0.0194
2025-12-08,50,27429,962938.0,4.35,8.93,0.0141
2025-12-08,51,21388,440397.0,5.19,11.37,0.0367
2025-12-08,52,9777,270388.0,4.08,8.31,0.0116
2025-12-08,53,8608,208653.0,5.3,12.33,0.0515
2025-12-08,54,3574,92269.0,4.09,8.4,0.0113
2025-12-08,55,14199,297146.0,4.52,10.34,0.0281
2025-12-08,56,16838,309293.0,4.74,10.32,0.0267
2025-12-08,57,1273,21697.0,4.88,10.59,0.0261
2025-12-08,58,1822,40794.0,5.59,12.38,0.0438
2025-12-08,59,545,10386.0,4.89,10.55,0.0297
2025-12-08,60,11761,205865.0,5.1,10.97,0.0294
2025-12-08,61,69377,1479604.0,4.91,10.38,0.0253
2025-12-08,62,20549,439076.0,5.01,10.57,0.029
2025-12-08,63,16166,310244.0,4.38,9.73,0.0204
2025-12-08,64,3675,94451.0,6.07,12.83,0.056
2025-12-08,65,25916,793410.0,5.09,11.05,0.033
2025-12-08,66,22287,710930.0,4.82,10.18,0.0253
2025-12-08,67,12043,268548.0,4.26,9.22,0.0175
2025-12-08,68,61479,2819585.0,3.95,8.75,0.0157
2025-12-08,69,25731,490829.0,4.8,10.41,0.0256
2025-12-08,70,14177,345561.0,4.18,9.65,0.0206
2025-12-08,71,21831,411619.0,5.04,10.78,0.03
2025-12-08,72,25090,459693.0,5.36,11.17,0.0354
2025-12-08,73,5655,107381.0,4.49,9.88,0.0264
2025-12-08,74,34095,697239.0,4.96,10.3,0.0263
2025-12-08,75,33121,832907.0,4.86,10.05,0.0214
2025-12-08,76,60384,1052105.0,4.63,10.03,0.0242
2025-12-08,77,14654,270106.0,4.81,10.57,0.0279
2025-12-08,78,22620,409438.0,4.75,10.5,0.0285
2025-12-08,79,69111,2250347.0,4.01,8.32,0.0116
2025-12-08,80,43207,1008453.0,4.56,9.53,0.0198
2025-12-08,81,15222,270851.0,5.03,10.99,0.0356
2025-12-08,82,42904,757163.0,4.63,10.11,0.0251
2025-12-08,83,13553,241452.0,4.45,9.48,0.0211
2025-12-08,84,2619,68576.0,5.9,12.95,0.0595
2025-12-08,85,16839,341639.0,4.87,10.46,0.0294
2025-12-08,86,11827,259220.0,6.2,14.12,0.0811
2025-12-08,87,36955,1680834.0,4.48,9.47,0.0187
2025-12-08,88,18159,866015.0,4.69,10.29,0.0312
2025-12-08,89,43791,912452.0,4.45,9.41,0.019
2025-12-08,90,38250,1455213.0,3.8,7.79,0.0079
2025-12-08,91,25694,493071.0,4.82,10.46,0.0299
2025-12-08,92,29886,680145.0,4.82,10.83,0.0335
2025-12-08,93,2470,57480.0,5.02,11.03,0.0334
2025-12-08,94,10548,187052.0,4.64,10.15,0.0211
2025-12-08,95,38606,798963.0,4.57,9.81,0.023
2025-12-08,96,481,9810.0,4.66,10.91,0.0211
2025-12-08,97,37824,970913.0,4.77,9.94,0.0235
2025-12-08,98,5062,108878.0,4.84,10.83,0.0297
2025-12-08,99,166,3753.0,6.04,13.44,0.0617
2025-12-08,100,31745,1706083.0,4.84,11.73,0.048
2025-12-08,101,5298,137309.0,5.19,11.79,0.048
2025-12-08,102,13017,250933.0,4.69,10.48,0.0284
2025-12-08,106,13649,333401.0,4.39,8.61,0.0137
2025-12-08,107,43769,1565308.0,4.11,8.32,0.0111
2025-12-08,108,8188,158448.0,4.02,8.4,0.012
2025-12-08,109,3875,92161.0,5.96,13.49,0.0679
2025-12-08,110,6,218.0,7.37,21.5,0.1667
2025-12-08,111,167,3290.0,3.81,7.95,0.0
2025-12-08,112,62501,1584071.0,4.38,9.16,0.0164
2025-12-08,113,34246,1228706.0,4.13,8.14,0.0094
2025-12-08,114,37963,1425451.0,4.19,8.38,0.0117
2025-12-08,115,4497,93931.0,6.28,13.95,0.073
2025-12-08,116,24762,540519.0,4.93,10.36,0.0275
2025-12-08,117,8198,194745.0,6.51,14.53,0.0901
2025-12-08,118,5731,140410.0,6.02,13.9,0.0757
2025-12-08,119,16474,308056.0,4.72,10.18,0.0225
2025-12-08,120,366,7772.0,4.41,8.96,0.0138
2025-12-08,121,12749,271796.0,4.53,9.93,0.0229
2025-12-08,122,6802,132216.0,4.86,11.21,0.0376
2025-12-08,123,18282,314838.0,3.99,8.07,0.0101
2025-12-08,124,8247,179929.0,5.04,10.69,0.0307
2025-12-08,125,21773,883791.0,4.01,8.16,0.0135
2025-12-08,126,16416,298615.0,4.95,11.11,0.0337
2025-12-08,127,19198,408603.0,4.06,8.83,0.0167
2025-12-08,128,1511,33384.0,4.11,8.74,0.0167
2025-12-08,129,42951,793577.0,4.38,9.3,0.0193
2025-12-08,130,42711,845877.0,4.64,10.27,0.0269
2025-12-08,131,8694,183743.0,4.55,9.98,0.0237
2025-12-08,132,68837,5551658.0,4.52,11.6,0.0507
2025-12-08,133,10733,222146.0,4.17,8.7,0.0145
2025-12-08,134,12401,254588.0,4.19,9.17,0.018
2025-12-08,135,10234,222390.0,4.43,9.45,0.0185
2025-12-08,136,13314,255754.0,4.63,9.97,0.0223
2025-12-08,137,27902,844400.0,4.41,9.44,0.0182
2025-12-08,138,105969,7381031.0,5.73,13.55,0.0697
2025-12-08,139,10663,204596.0,4.9,10.66,0.0311
2025-12-08,140,31110,993352.0,4.45,9.33,0.0169
2025-12-08,141,35894,1112809.0,4.13,7.9,0.0075
2025-12-08,142,38364,1504254.0,4.24,8.46,0.0112
2025-12-08,143,26337,854069.0,4.37,8.57,0.0119
2025-12-08,144,41679,1524553.0,4.3,8.64,0.0133
2025-12-08,145,50153,1190301.0,4.42,9.36,0.0175
2025-12-08,146,13716,329123.0,4.0,8.71,0.0143
2025-12-08,147,10465,192535.0,4.54,10.24,0.0225
2025-12-08,148,60625,2109942.0,4.22,9.32,0.0193
2025-12-08,149,14050,247893.0,3.98,8.11,0.011
2025-12-08,150,5723,121679.0,4.22,9.07,0.0184
2025-12-08,151,15008,414062.0,4.52,9.09,0.0161
2025-12-08,152,11801,261334.0,4.98,10.51,0.0293
2025-12-08,153,5345,93216.0,4.78,10.13,0.027
2025-12-08,154,291,7648.0,5.15,11.03,0.045
2025-12-08,155,15293,328718.0,4.97,11.02,0.0369
2025-12-08,156,7694,139237.0,5.18,12.05,0.0497
2025-12-08,157,21069,506225.0,5.19,11.56,0.0405
2025-12-08,158,34825,1460481.0,3.92,7.71,0.0074
2025-12-08,159,23434,434506.0,4.63,10.12,0.0249
2025-12-08,160,12362,247897.0,4.74,10.24,0.0253
2025-12-08,161,67494,3942727.0,5.34,13.29,0.0716
2025-12-08,162,46415,2421683.0,3.98,9.25,0.0218
2025-12-08,163,48068,2619665.0,4.32,9.41,0.0198
2025-12-08,164,59209,2834159.0,4.55,10.26,0.0295
2025-12-08,165,18136,358414.0,4.12,8.57,0.012
2025-12-08,166,23039,596977.0,4.32,9.03,0.0166
2025-12-08,167,18639,342503.0,4.68,9.8,0.0214
2025-12-08,168,33717,669022.0,4.81,10.49,0.0264
2025-12-08,169,24219,428708.0,4.69,10.37,0.0267
2025-12-08,170,48946,1993544.0,4.38,9.83,0.0254
2025-12-08,171,11172,210657.0,4.29,9.53,0.0216
2025-12-08,172,3545,80874.0,5.85,13.82,0.073
2025-12-08,173,14400,250823.0,4.92,10.7,0.0308
2025-12-08,174,23423,449325.0,4.29,9.65,0.0214
2025-12-08,175,4525,107643.0,4.77,10.54,0.0257
2025-12-08,176,1848,47849.0,6.16,13.73,0.0771
2025-12-08,177,22043,422105.0,5.08,10.97,0.0329
2025-12-08,178,6144,113875.0,4.15,8.25,0.0077
2025-12-08,179,19846,418913.0,4.09,8.55,0.013
2025-12-08,180,8991,162322.0,4.06,8.56,0.0119
2025-12-08,181,55329,1375896.0,3.97,8.02,0.011
2025-12-08,182,14161,264328.0,4.42,9.66,0.0215
2025-12-08,183,7112,137631.0,4.58,10.0,0.0269
2025-12-08,184,924,15130.0,4.77,10.37,0.0206
2025-12-08,185,16888,331438.0,4.63,10.09,0.025
2025-12-08,186,34826,1588762.0,3.93,9.5,0.0215
2025-12-08,187,4135,77873.0,5.55,12.58,0.0562
2025-12-08,188,41198,860106.0,4.92,10.25,0.025
2025-12-08,189,22225,556006.0,4.49,9.08,0.0171
2025-12-08,190,3431,86915.0,4.84,10.38,0.0244
2025-12-08,191,15962,325042.0,4.69,10.63,0.0306
2025-12-08,192,7067,143475.0,4.19,9.36,0.0145
2025-12-08,193,10282,243169.0,4.37,9.37,0.0178
2025-12-08,194,589,20935.0,6.34,13.71,0.0758
2025-12-08,195,10689,312305.0,4.97,11.25,0.0408
2025-12-08,196,14950,300289.0,4.73,10.1,0.0253
2025-12-08,197,23060,428470.0,4.25,9.37,0.0202
2025-12-08,198,36387,763049.0,4.65,10.04,0.0243
2025-12-08,200,11937,326541.0,5.02,10.91,0.0338
2025-12-08,201,3499,99567.0,6.16,14.27,0.0807
2025-12-08,202,3054,98798.0,5.94,12.44,0.0523
2025-12-08,203,10267,195705.0,5.91,12.17,0.0503
2025-12-08,204,1400,40478.0,5.84,13.28,0.0631
2025-12-08,205,22357,423659.0,5.19,11.45,0.0398
2025-12-08,206,11304,214966.0,5.34,12.81,0.0608
2025-12-08,207,1113,17181.0,4.01,7.53,0.0045
2025-12-08,208,17166,358032.0,4.83,11.04,0.0341
2025-12-08,209,13479,537956.0,4.82,9.66,0.0194
2025-12-08,210,17437,307656.0,4.03,8.51,0.0142
2025-12-08,211,33548,1322456.0,3.94,7.85,0.0087
2025-12-08,212,14500,244201.0,4.77,10.44,0.0271
2025-12-08,213,25662,464198.0,5.01,11.14,0.0364
2025-12-08,214,4556,104706.0,5.1,12.37,0.0552
2025-12-08,215,15896,283154.0,4.78,10.57,0.0329
2025-12-08,216,32624,604576.0,3.84,8.5,0.0142
2025-12-08,217,11228,186293.0,5.47,11.31,0.0373
2025-12-08,218,11343,223017.0,4.84,10.29,0.0264
2025-12-08,219,9783,198320.0,5.1,10.73,0.0294
2025-12-08,220,20105,408506.0,4.6,9.76,0.0224
2025-12-08,221,7780,148134.0,5.65,12.89,0.0602
2025-12-08,222,6466,127889.0,5.1,11.14,0.0338
2025-12-08,223,27428,558167.0,3.66,7.53,0.0086
2025-12-08,224,10315,310537.0,5.17,10.17,0.0246
2025-12-08,225,42821,989805.0,4.89,10.53,0.029
2025-12-08,226,35822,731397.0,4.4,9.54,0.0223
2025-12-08,227,14280,285816.0,4.53,9.57,0.0205
2025-12-08,228,27067,612728.0,4.55,9.32,0.0182
2025-12-08,229,33521,1214226.0,3.71,7.33,0.0064
2025-12-08,230,67772,4014488.0,5.07,12.56,0.0596
2025-12-08,231,71238,2809041.0,3.85,7.52,0.0071
2025-12-08,232,21674,635198.0,5.04,10.6,0.0303
2025-12-08,233,28253,1037537.0,4.16,8.69,0.0141
2025-12-08,234,64273,2738097.0,4.33,8.8,0.0139
2025-12-08,235,20841,386666.0,5.04,11.07,0.0306
2025-12-08,236,42367,1421799.0,4.24,7.8,0.0067
2025-12-08,237,53887,2099351.0,3.92,7.71,0.0072
2025-12-08,238,28297,865677.0,4.31,8.5,0.011
2025-12-08,239,34464,1199296.0,4.17,8.05,0.0086
2025-12-08,240,3498,61152.0,5.13,11.08,0.0343
2025-12-08,241,20065,385965.0,4.67,9.92,0.0201
2025-12-08,242,21761,419224.0,4.61,10.22,0.0276
2025-12-08,243,27725,626751.0,4.47,9.84,0.0222
2025-12-08,244,40727,952435.0,4.5,10.06,0.0251
2025-12-08,245,4311,87634.0,5.61,12.72,0.0577
2025-12-08,246,63852,2886119.0,4.43,9.39,0.0201
2025-12-08,247,25670,465459.0,4.84,10.24,0.0249
2025-12-08,248,12724,225687.0,4.73,10.35,0.0258
2025-12-08,249,53084,1968054.0,4.05,7.92,0.0093
2025-12-08,250,13510,245504.0,4.44,9.79,0.0203
2025-12-08,251,4570,90670.0,5.42,11.81,0.0393
2025-12-08,252,6980,161978.0,5.18,11.7,0.0372
2025-12-08,253,150,3646.0,4.76,12.93,0.0671
2025-12-08,254,26008,465806.0,4.98,10.99,0.0341
2025-12-08,255,58006,1637244.0,4.39,9.15,0.0157
2025-12-08,256,50521,1383415.0,4.56,9.7,0.0217
2025-12-08,257,8821,217860.0,4.01,8.1,0.0124
2025-12-08,258,16614,329250.0,4.42,9.75,0.0225
2025-12-08,259,18415,342168.0,5.29,11.42,0.0388
2025-12-08,260,24749,442476.0,3.99,8.43,0.0117
2025-12-08,261,23203,1121809.0,4.64,9.67,0.0218
2025-12-08,262,19576,587393.0,4.69,9.34,0.0143
2025-12-08,263,29716,904385.0,4.34,8.31,0.0095
2025-12-08,265,256,6586.0,7.55,16.22,0.128
2025-12-15,1,1,41.0,3.5,3.5,0.0
2025-12-15,2,4,75.0,9.38,10.65,0.0
2025-12-15,3,12018,222047.0,4.68,10.31,0.0269
2025-12-15,4,13424,428927.0,4.92,10.17,0.0241
2025-12-15,5,1693,45101.0,6.57,14.5,0.0866
2025-12-15,6,3217,72835.0,5.28,12.03,0.0447
2025-12-15,7,53563,1082674.0,3.63,7.61,0.0083
2025-12-15,8,108,2169.0,3.5,7.99,0.0
2025-12-15,9,5118,111657.0,4.49,10.02,0.0298
2025-12-15,10,18032,379058.0,4.18,9.25,0.0208
2025-12-15,11,6706,135384.0,4.17,9.26,0.0195
2025-12-15,12,498,20661.0,4.37,9.6,0.0224
2025-12-15,13,21343,959256.0,4.26,8.7,0.0132
2025-12-15,14,33262,736936.0,4.15,8.56,0.0132
2025-12-15,15,4086,104766.0,5.46,12.82,0.0529
2025-12-15,16,11860,277109.0,4.56,10.19,0.0245
2025-12-15,17,43787,1007506.0,5.09,10.88,0.031
2025-12-15,18,25246,467677.0,4.81,10.55,0.0285
2025-12-15,19,5091,112552.0,5.13,11.33,0.0295
2025-12-15,20,16663,380285.0,4.8,10.57,0.0279
2025-12-15,21,15706,295099.0,4.17,8.93,0.0165
2025-12-15,22,21086,390263.0,4.37,9.44,0.0197
2025-12-15,23,9298,214634.0,5.84,13.47,0.0684
2025-12-15,24,6831,210293.0,4.66,10.09,0.0236
2025-12-15,25,29729,903593.0,4.8,10.04,0.0243
2025-12-15,26,28680,521541.0,5.01,10.43,0.0275
2025-12-15,27,213,7919.0,10.11,19.55,0.225
2025-12-15,28,13966,284413.0,4.46,9.63,0.0195
2025-12-15,29,11929,226506.0,4.12,8.66,0.0165
2025-12-15,30,327,8706.0,7.65,16.37,0.1289
2025-12-15,31,2229,56305.0,5.16,11.25,0.0348
2025-12-15,32,13422,255093.0,4.69,10.34,0.0263
2025-12-15,33,25318,860304.0,4.62,9.49,0.0191
2025-12-15,34,3929,121491.0,6.0,13.57,0.0745
2025-12-15,35,31039,578897.0,5.32,11.5,0.0393
2025-12-15,36,40605,907827.0,4.41,9.89,0.0238
2025-12-15,37,56434,1358968.0,4.62,10.25,0.0268
2025-12-15,38,7094,159646.0,4.97,11.28,0.038
2025-12-15,39,40345,738316.0,5.04,10.82,0.0321
2025-12-15,40,13699,386661.0,4.28,8.52,0.0113
2025-12-15,41,33089,767864.0,5.14,10.44,0.0266
2025-12-15,42,44253,940110.0,5.27,11.03,0.0321
2025-12-15,43,7965,316024.0,4.49,9.22,0.0168
2025-12-15,44,2598,72257.0,6.56,14.62,0.0902
2025-12-15,45,12410,392534.0,4.62,9.83,0.0211
2025-12-15,46,920,31415.0,8.89,17.16,0.146
2025-12-15,47,17351,311280.0,4.97,10.67,0.0266
2025-12-15,48,45141,1917844.0,4.27,9.61,0.0253
2025-12-15,49,32342,867724.0,4.72,9.96,0.0238
2025-12-15,50,24350,890615.0,4.39,8.87,0.0146
2025-12-15,51,24290,521546.0,5.49,12.04,0.0445
2025-12-15,52,9298,275105.0,4.16,8.49,0.0121
2025-12-15,53,8752,211496.0,5.38,12.32,0.0488
2025-12-15,54,3339,94440.0,4.24,8.68,0.0157
2025-12-15,55,14919,315035.0,4.63,10.61,0.0313
2025-12-15,56,18066,339058.0,4.65,10.29,0.0244
2025-12-15,57,1391,24284.0,4.67,10.49,0.0363
2025-12-15,58,1932,43457.0,5.83,12.52,0.0452
2025-12-15,59,556,10596.0,5.0,10.4,0.0296
2025-12-15,60,12180,220289.0,5.14,11.12,0.0328
2025-12-15,61,67461,1527177.0,4.94,10.69,0.0297
2025-12-15,62,19515,451971.0,5.17,11.14,0.0315
2025-12-15,63,16858,334347.0,4.28,9.56,0.0208
2025-12-15,64,3833,96632.0,6.07,13.16,0.0577
2025-12-15,65,23128,733302.0,5.19,11.2,0.0354
2025-12-15,66,19232,629542.0,4.8,10.17,0.027
2025-12-15,67,13242,299822.0,4.43,9.77,0.024
2025-12-15,68,51230,2335076.0,3.86,8.56,0.0163
2025-12-15,69,26669,524264.0,5.04,11.02,0.0327
2025-12-15,70,13631,309581.0,3.92,8.72,0.0147
2025-12-15,71,22372,447579.0,5.21,11.17,0.0342
2025-12-15,72,26133,496593.0,5.49,11.59,0.0406
2025-12-15,73,5915,114266.0,4.5,10.12,0.0278
2025-12-15,74,33949,723504.0,5.1,10.75,0.0285
2025-12-15,75,31496,837248.0,5.11,10.82,0.0293
2025-12-15,76,63718,1132323.0,4.58,10.08,0.0239
2025-12-15,77,15368,289759.0,4.78,10.59,0.0299
2025-12-15,78,22564,422053.0,4.88,10.82,0.0287
2025-12-15,79,58773,2120529.0,4.15,8.72,0.015
2025-12-15,80,38116,941889.0,4.41,9.49,0.02
2025-12-15,81,15946,291160.0,5.35,11.77,0.0439
2025-12-15,82,46516,844902.0,4.66,10.5,0.0336
2025-12-15,83,14221,259243.0,4.37,9.27,0.0192
2025-12-15,84,2757,72153.0,6.1,13.24,0.055
2025-12-15,85,17088,355131.0,5.05,10.56,0.03
2025-12-15,86,12359,287674.0,6.64,14.64,0.092
2025-12-15,87,30063,1406549.0,4.41,9.24,0.0174
2025-12-15,88,14258,667796.0,4.5,9.45,0.0209
2025-12-15,89,43801,957691.0,4.58,9.61,0.0208
2025-12-15,90,31622,1289141.0,3.87,7.86,0.0097
2025-12-15,91,26788,535120.0,4.97,10.53,0.0299
2025-12-15,92,30203,666506.0,4.74,10.85,0.0322
2025-12-15,93,1934,46838.0,4.78,10.51,0.0327
2025-12-15,94,10742,196582.0,4.91,10.67,0.0264
2025-12-15,95,39557,839407.0,4.46,9.71,0.0211
2025-12-15,96,581,12084.0,4.61,10.4,0.033
2025-12-15,97,35755,982431.0,4.87,10.44,0.0286
2025-12-15,98,5230,112273.0,4.78,10.54,0.0266
2025-12-15,99,176,4340.0,6.15,12.3,0.0568
2025-12-15,100,26711,1364407.0,4.8,11.64,0.0455
2025-12-15,101,5702,149983.0,5.38,12.19,0.0473
2025-12-15,102,13745,273253.0,4.58,10.48,0.0296
2025-12-15,106,12385,310518.0,4.4,8.61,0.0124
2025-12-15,107,37878,1452250.0,4.2,8.5,0.0122
2025-12-15,108,8652,165799.0,4.24,9.0,0.0162
2025-12-15,109,4192,101469.0,6.11,13.83,0.0754
2025-12-15,110,8,177.0,4.17,14.17,0.0
2025-12-15,111,170,3423.0,4.42,8.21,0.0059
2025-12-15,112,53579,1395101.0,4.25,9.02,0.015
2025-12-15,113,28213,1112332.0,4.13,8.22,0.0108
2025-12-15,114,30461,1169022.0,4.14,8.59,0.0139
2025-12-15,115,4327,88318.0,6.06,13.76,0.077
2025-12-15,116,23981,549851.0,5.19,10.94,0.0316
2025-12-15,117,8490,210565.0,6.83,15.48,0.1092
2025-12-15,118,6334,151766.0,6.17,13.96,0.0727
2025-12-15,119,16770,325882.0,4.88,10.6,0.0245
2025-12-15,120,426,10182.0,5.29,11.56,0.0452
2025-12-15,121,12654,278424.0,4.68,10.3,0.0264
2025-12-15,122,7012,141146.0,4.91,11.27,0.039
2025-12-15,123,19040,336144.0,4.09,8.35,0.0124
2025-12-15,124,8848,193136.0,4.98,10.58,0.0276
2025-12-15,125,16947,698944.0,3.93,8.23,0.0168
2025-12-15,126,16793,312186.0,5.15,11.33,0.0371
2025-12-15,127,20057,437048.0,4.35,9.63,0.0206
2025-12-15,128,1552,34885.0,4.38,9.55,0.0229
2025-12-15,129,45731,855236.0,4.23,9.11,0.0175
2025-12-15,130,44835,900411.0,4.66,10.37,0.0302
2025-12-15,131,9049,199638.0,4.6,10.18,0.0241
2025-12-15,132,60834,4702332.0,4.35,11.48,0.0491
2025-12-15,133,10482,223979.0,4.27,9.03,0.0163
2025-12-15,134,12834,271553.0,4.16,9.11,0.019
2025-12-15,135,10285,230197.0,4.44,9.65,0.0198
2025-12-15,136,13517,267097.0,4.91,10.76,0.0277
2025-12-15,137,25852,841160.0,4.51,9.43,0.0195
2025-12-15,138,86501,5844579.0,4.97,12.19,0.0498
2025-12-15,139,11557,226802.0,4.92,10.72,0.0261
2025-12-15,140,29229,998013.0,4.53,9.67,0.0193
2025-12-15,141,34254,1162536.0,4.15,8.08,0.0083
2025-12-15,142,35497,1475925.0,4.43,8.89,0.0149
2025-12-15,143,24064,876272.0,4.56,8.92,0.0133
2025-12-15,144,35767,1347106.0,4.31,8.88,0.0145
2025-12-15,145,47449,1186954.0,4.17,8.87,0.0161
2025-12-15,146,13684,335454.0,3.71,8.06,0.0117
2025-12-15,147,10926,207678.0,4.72,10.44,0.0225
2025-12-15,148,48025,1676334.0,4.11,8.98,0.0157
2025-12-15,149,14697,266841.0,4.09,8.39,0.0129
2025-12-15,150,5836,123184.0,4.43,9.48,0.0163
2025-12-15,151,14277,441999.0,4.76,9.73,0.0209
2025-12-15,152,10412,246579.0,5.12,10.73,0.031
2025-12-15,153,5603,98802.0,5.19,10.75,0.0261
2025-12-15,154,277,7063.0,5.22,13.38,0.0659
2025-12-15,155,16795,371659.0,5.18,11.67,0.0423
2025-12-15,156,8140,149178.0,5.39,12.47,0.0543
2025-12-15,157,18075,379140.0,4.73,10.31,0.0265
2025-12-15,158,27988,1185334.0,3.9,7.89,0.0086
2025-12-15,159,24212,453695.0,4.79,10.34,0.0239
2025-12-15,160,13180,270087.0,4.76,10.44,0.0271
2025-12-15,161,58084,3152423.0,5.02,12.81,0.0652
2025-12-15,162,39917,1991700.0,3.75,8.53,0.0172
2025-12-15,163,42983,2225899.0,4.18,9.11,0.0171
2025-12-15,164,50396,2358252.0,4.4,9.92,0.0254
2025-12-15,165,17820,363931.0,4.26,8.82,0.0157
2025-12-15,166,21862,748810.0,4.62,9.75,0.0227
2025-12-15,167,18934,354254.0,4.89,10.36,0.0257
2025-12-15,168,33697,671498.0,4.96,10.7,0.0279
2025-12-15,169,24343,449455.0,4.91,10.69,0.0298
2025-12-15,170,43766,1769711.0,4.24,9.24,0.0191
2025-12-15,171,11546,221752.0,4.29,9.63,0.0228
2025-12-15,172,3806,85521.0,5.94,13.59,0.0737
2025-12-15,173,15622,279224.0,4.96,10.96,0.035
2025-12-15,174,23703,463667.0,4.49,9.94,0.0235
2025-12-15,175,4632,111235.0,4.94,10.71,0.0279
2025-12-15,176,1867,49920.0,6.21,13.74,0.0742
2025-12-15,177,22261,447448.0,4.9,11.04,0.0347
2025-12-15,178,6243,117613.0,4.28,8.75,0.0129
2025-12-15,179,20098,432385.0,3.8,7.86,0.0099
2025-12-15,180,9799,177652.0,4.05,8.57,0.0117
2025-12-15,181,55553,1473391.0,4.06,8.39,0.0125
2025-12-15,182,14850,286996.0,4.71,10.12,0.0236
2025-12-15,183,7690,151449.0,4.86,10.52,0.0297
2025-12-15,184,1080,18781.0,4.96,10.98,0.0391
2025-12-15,185,17831,359130.0,4.86,10.62,0.0283
2025-12-15,186,29886,1378305.0,3.94,9.58,0.0237
2025-12-15,187,4478,83664.0,5.61,12.7,0.056
2025-12-15,188,40665,898881.0,5.17,10.88,0.0322
2025-12-15,189,20186,551016.0,4.52,9.51,0.019
2025-12-15,190,2633,63554.0,5.02,10.3,0.0231
2025-12-15,191,16983,351881.0,4.75,10.71,0.0323
2025-12-15,192,7305,153013.0,4.21,9.38,0.016
2025-12-15,193,9648,221320.0,4.12,9.02,0.0171
2025-12-15,194,464,17376.0,6.57,14.58,0.092
2025-12-15,195,9305,255191.0,4.93,10.79,0.0329
2025-12-15,196,15873,322539.0,4.76,10.35,0.0246
2025-12-15,197,24382,463169.0,4.27,9.56,0.0207
2025-12-15,198,35778,788508.0,4.59,10.17,0.026
2025-12-15,199,1,40.0,23.03,23.03,1.0
2025-12-15,200,11857,329209.0,5.23,11.23,0.0368
2025-12-15,201,3882,108487.0,6.41,14.52,0.0897
2025-12-15,202,3010,102263.0,5.74,11.65,0.0393
2025-12-15,203,11049,212891.0,6.1,12.65,0.052
2025-12-15,204,1422,39938.0,6.06,13.3,0.0578
2025-12-15,205,23587,459321.0,5.16,11.55,0.0421
2025-12-15,206,11690,217037.0,5.4,12.48,0.0522
2025-12-15,207,1075,16031.0,3.61,6.71,0.0065
2025-12-15,208,18003,381413.0,4.88,11.04,0.0328
2025-12-15,209,11606,482583.0,4.75,9.64,0.0207
2025-12-15,210,18877,340448.0,4.14,8.81,0.0174
2025-12-15,211,27765,1112200.0,3.92,8.32,0.0132
2025-12-15,212,14908,262722.0,4.83,10.57,0.0282
2025-12-15,213,26707,496935.0,5.16,11.51,0.0396
2025-12-15,214,4781,108971.0,5.21,12.55,0.053
2025-12-15,215,16887,306896.0,4.81,10.79,0.0319
2025-12-15,216,34109,628731.0,3.82,8.45,0.0137
2025-12-15,217,10187,172552.0,5.76,11.72,0.0401
2025-12-15,218,11995,237148.0,4.76,10.31,0.0288
2025-12-15,219,10182,207049.0,5.11,10.82,0.0308
2025-12-15,220,20628,424736.0,4.9,10.33,0.0272
2025-12-15,221,7865,153859.0,5.51,12.83,0.0567
2025-12-15,222,7076,144606.0,5.05,11.25,0.0351
2025-12-15,223,28005,582599.0,3.44,6.93,0.0052
2025-12-15,224,9832,357822.0,5.46,10.71,0.0298
2025-12-15,225,40092,966849.0,4.95,10.84,0.0301
2025-12-15,226,35616,729805.0,4.23,9.02,0.0163
2025-12-15,227,14431,297301.0,4.7,10.27,0.0274
2025-12-15,228,28197,629323.0,4.63,9.42,0.0181
2025-12-15,229,30345,1132436.0,3.7,7.27,0.0059
2025-12-15,230,56357,3242575.0,5.07,12.83,0.0651
2025-12-15,231,57691,2348780.0,3.77,7.4,0.0074
2025-12-15,232,19158,611915.0,5.28,11.08,0.0345
2025-12-15,233,26505,995831.0,4.12,8.36,0.0119
2025-12-15,234,53330,2266489.0,4.19,8.53,0.0137
2025-12-15,235,21444,413347.0,5.28,11.59,0.037
2025-12-15,236,38174,1405545.0,4.31,8.3,0.0084
2025-12-15,237,46671,1866507.0,3.79,7.5,0.0068
2025-12-15,238,26416,902654.0,4.47,8.97,0.0144
2025-12-15,239,31359,1227215.0,4.32,8.44,0.0105
2025-12-15,240,3795,67225.0,5.36,11.15,0.0324
2025-12-15,241,20050,397114.0,4.91,10.43,0.0252
2025-12-15,242,22036,428229.0,4.72,10.42,0.0281
2025-12-15,243,27733,654494.0,4.77,10.17,0.0234
2025-12-15,244,39335,968217.0,4.75,10.52,0.0302
2025-12-15,245,4463,91202.0,5.8,12.71,0.0611
2025-12-15,246,49167,2097369.0,4.27,8.93,0.0159
2025-12-15,247,26670,492187.0,5.02,10.53,0.027
2025-12-15,248,13095,243345.0,4.93,10.99,0.0347
2025-12-15,249,44925,1762100.0,4.0,8.19,0.0122
2025-12-15,250,14103,259730.0,4.62,10.27,0.0256
2025-12-15,251,4868,96307.0,5.32,11.64,0.041
2025-12-15,252,7391,170580.0,5.18,11.4,0.0333
2025-12-15,253,155,3941.0,5.21,13.48,0.0724
2025-12-15,254,26732,496346.0,5.27,11.68,0.041
2025-12-15,255,50105,1461154.0,4.31,9.18,0.0183
2025-12-15,256,43158,1205978.0,4.54,9.67,0.0204
2025-12-15,257,8624,222913.0,4.14,8.41,0.0108
2025-12-15,258,17615,359475.0,4.43,9.95,0.0219
2025-12-15,259,19311,366755.0,5.61,12.01,0.044
2025-12-15,260,25835,466935.0,3.8,7.98,0.0106
2025-12-15,261,19073,928200.0,4.62,9.73,0.0233
2025-12-15,262,18538,625484.0,4.84,9.67,0.0172
2025-12-15,263,27791,958698.0,4.48,8.91,0.0128
2025-12-15,265,246,6055.0,8.42,15.95,0.1411
2025-12-22,1,1,40.0,,,
2025-12-22,2,9,222.0,7.98,20.89,0.2222
2025-12-22,3,11034,199438.0,4.67,10.35,0.0231
2025-12-22,4,8419,232981.0,4.27,9.16,0.0155
2025-12-22,5,1406,40357.0,6.97,14.87,0.0972
2025-12-22,6,2724,62013.0,5.55,12.86,0.0607
2025-12-22,7,44574,899731.0,3.59,7.54,0.0072
2025-12-22,8,88,1714.0,3.78,8.2,0.0345
2025-12-22,9,4212,89403.0,4.54,10.31,0.0301
2025-12-22,10,16240,342252.0,4.29,9.39,0.0203
2025-12-22,11,6437,128826.0,4.12,8.96,0.0145
2025-12-22,12,523,16919.0,3.39,7.81,0.0038
2025-12-22,13,9670,374844.0,3.44,7.15,0.0058
2025-12-22,14,28169,610969.0,4.04,8.43,0.0118
2025-12-22,15,3382,88361.0,5.81,12.66,0.0571
2025-12-22,16,9785,233739.0,4.74,10.8,0.0324
2025-12-22,17,32643,679081.0,4.41,9.44,0.018
2025-12-22,18,26165,477519.0,4.79,10.56,0.0253
2025-12-22,19,4387,100753.0,5.17,11.52,0.0382
2025-12-22,20,14047,263288.0,4.62,10.25,0.0222
2025-12-22,21,14906,274701.0,4.07,8.94,0.0164
2025-12-22,22,20695,375223.0,4.16,8.91,0.0147
2025-12-22,23,7077,168164.0,5.86,13.52,0.0683
2025-12-22,24,4932,136065.0,4.04,8.83,0.0129
2025-12-22,25,20020,562011.0,3.97,8.52,0.0131
2025-12-22,26,27530,467095.0,4.56,9.16,0.0188
2025-12-22,27,256,10221.0,11.43,21.84,0.3191
2025-12-22,28,12792,264474.0,4.5,9.84,0.0194
2025-12-22,29,10631,201615.0,3.99,8.6,0.0134
2025-12-22,30,285,7757.0,8.69,18.17,0.1818
2025-12-22,31,1905,47977.0,5.03,10.69,0.0286
2025-12-22,32,13088,249540.0,4.75,10.51,0.0267
2025-12-22,33,14670,479258.0,3.65,7.58,0.008
2025-12-22,34,1402,31151.0,4.3,9.29,0.0251
2025-12-22,35,29381,528206.0,5.05,11.14,0.0327
2025-12-22,36,29041,626516.0,4.16,9.62,0.0212
2025-12-22,37,41557,955892.0,4.28,9.66,0.0203
2025-12-22,38,6271,151458.0,5.11,11.48,0.0462
2025-12-22,39,37205,673966.0,4.84,10.74,0.0326
2025-12-22,40,8180,232273.0,3.79,7.47,0.0061
2025-12-22,41,27833,587311.0,4.41,9.38,0.0166
2025-12-22,42,40426,803422.0,4.67,10.33,0.0224
2025-12-22,43,7030,225641.0,3.77,8.01,0.0078
2025-12-22,44,2297,66408.0,6.79,15.37,0.1103
2025-12-22,45,9926,282218.0,3.9,8.17,0.0086
2025-12-22,46,769,27351.0,9.76,18.16,0.1778
2025-12-22,47,16014,277690.0,4.71,10.12,0.0196
2025-12-22,48,34771,1226550.0,3.41,7.75,0.012
2025-12-22,49,21106,518966.0,3.91,8.26,0.0109
2025-12-22,50,16639,510078.0,3.69,7.41,0.0083
2025-12-22,51,23194,500883.0,5.67,12.46,0.0513
2025-12-22,52,5400,154535.0,3.49,7.01,0.007
2025-12-22,53,8369,196161.0,5.5,12.76,0.0543
2025-12-22,54,2077,56350.0,3.88,7.62,0.0034
2025-12-22,55,13164,282824.0,4.49,10.28,0.0268
2025-12-22,56,18796,350780.0,4.59,9.99,0.0211
2025-12-22,57,1425,25619.0,4.89,10.94,0.0289
2025-12-22,58,1736,39690.0,6.0,12.66,0.0516
2025-12-22,59,469,8717.0,5.14,9.63,0.0171
2025-12-22,60,12002,208420.0,4.98,10.53,0.0278
2025-12-22,61,56052,1167954.0,4.44,9.76,0.0195
2025-12-22,62,15743,337568.0,4.52,9.69,0.0196
2025-12-22,63,16891,331470.0,4.44,9.89,0.0201
2025-12-22,64,3245,88115.0,6.43,13.86,0.0727
2025-12-22,65,16256,453598.0,4.03,8.91,0.0151
2025-12-22,66,12510,374192.0,3.72,8.15,0.0123
2025-12-22,67,12595,297204.0,4.4,9.87,0.0284
2025-12-22,68,33338,1196875.0,3.19,6.98,0.0058
2025-12-22,69,26352,502574.0,4.8,10.43,0.0232
2025-12-22,70,13055,277740.0,4.16,9.36,0.0174
2025-12-22,71,20818,396353.0,4.71,10.25,0.025
2025-12-22,72,24694,447090.0,5.02,10.78,0.0293
2025-12-22,73,5695,111893.0,4.53,10.41,0.0306
2025-12-22,74,32095,627689.0,4.58,9.51,0.0176
2025-12-22,75,26910,636593.0,4.4,9.18,0.0153
2025-12-22,76,58161,1051804.0,4.62,10.25,0.0265
2025-12-22,77,14218,262813.0,4.77,10.46,0.0276
2025-12-22,78,22131,394019.0,4.74,10.36,0.0242
2025-12-22,79,30566,906641.0,3.19,6.64,0.0057
2025-12-22,80,23661,554978.0,3.93,8.6,0.0145
2025-12-22,81,14836,272012.0,5.25,11.56,0.0383
2025-12-22,82,45575,816513.0,4.62,10.68,0.0332
2025-12-22,83,13547,240670.0,4.27,9.3,0.0163
2025-12-22,84,2211,64025.0,6.51,14.11,0.0792
2025-12-22,85,15075,298679.0,4.42,9.37,0.0173
2025-12-22,86,11333,261308.0,6.53,14.53,0.0896
2025-12-22,87,16872,678387.0,3.43,7.14,0.0077
2025-12-22,88,7883,310785.0,3.51,7.42,0.0091
2025-12-22,89,38998,823339.0,4.19,8.82,0.0156
2025-12-22,90,17045,572198.0,2.98,6.04,0.0023
2025-12-22,91,25085,485027.0,4.65,9.92,0.0246
2025-12-22,92,29038,639240.0,5.0,11.59,0.0414
2025-12-22,93,1081,22428.0,4.49,9.94,0.0298
2025-12-22,94,11275,205040.0,4.86,10.64,0.0233
2025-12-22,95,33594,707924.0,4.47,9.8,0.0211
2025-12-22,96,549,11675.0,4.58,9.95,0.0128
2025-12-22,97,24383,612419.0,4.01,8.93,0.0175
2025-12-22,98,4619,102039.0,4.84,11.01,0.0248
2025-12-22,99,152,3356.0,5.86,14.92,0.0987
2025-12-22,100,19505,745981.0,3.59,8.95,0.0217
2025-12-22,101,4672,119132.0,5.52,12.6,0.0563
2025-12-22,102,12868,248946.0,4.55,10.17,0.0258
2025-12-22,105,1,17.0,13.17,13.17,0.0
2025-12-22,106,7367,184419.0,3.94,7.81,0.0083
2025-12-22,107,19702,619312.0,3.2,6.32,0.0031
2025-12-22,108,7465,147256.0,4.13,8.93,0.0153
2025-12-22,109,3583,90270.0,6.44,14.28,0.0875
2025-12-22,110,7,92.0,7.48,10.85,0.0
2025-12-22,111,114,2660.0,3.94,7.86,0.0089
2025-12-22,112,29477,735611.0,3.66,7.59,0.0086
2025-12-22,113,15241,507495.0,3.15,6.18,0.0038
2025-12-22,114,15537,484439.0,3.14,6.45,0.0051
2025-12-22,115,3992,81034.0,6.2,13.74,0.0707
2025-12-22,116,20657,449073.0,4.54,9.96,0.0232
2025-12-22,117,8022,197882.0,6.78,15.21,0.1051
2025-12-22,118,5503,138731.0,6.1,13.97,0.078
2025-12-22,119,17195,325091.0,4.66,10.11,0.0205
2025-12-22,120,378,8047.0,4.45,9.92,0.0298
2025-12-22,121,9827,215972.0,4.79,10.67,0.0276
2025-12-22,122,6516,135060.0,4.98,11.43,0.0421
2025-12-22,123,16583,277297.0,3.92,7.9,0.009
2025-12-22,124,7618,167844.0,5.09,10.84,0.0325
2025-12-22,125,8123,295718.0,3.17,6.27,0.0061
2025-12-22,126,15117,275313.0,5.04,11.23,0.0338
2025-12-22,127,17609,377339.0,4.27,9.69,0.0206
2025-12-22,128,1176,25406.0,4.21,8.49,0.0112
2025-12-22,129,43334,812893.0,4.32,9.44,0.0198
2025-12-22,130,39943,801058.0,4.55,10.26,0.0285
2025-12-22,131,7846,170329.0,4.66,10.31,0.0227
2025-12-22,132,55365,3779221.0,4.58,11.08,0.0359
2025-12-22,133,9644,205099.0,3.99,8.19,0.0085
2025-12-22,134,11011,234343.0,4.1,8.76,0.015
2025-12-22,135,8301,176972.0,4.48,9.85,0.0176
2025-12-22,136,13467,254057.0,4.85,10.53,0.0242
2025-12-22,137,15883,451941.0,3.48,7.28,0.0064
2025-12-22,138,65076,3265553.0,5.13,13.86,0.0795
2025-12-22,139,10055,201109.0,5.02,11.21,0.0403
2025-12-22,140,19285,600374.0,3.76,7.68,0.0058
2025-12-22,141,21340,689239.0,3.49,6.64,0.0034
2025-12-22,142,23194,811235.0,3.55,7.09,0.0056
2025-12-22,143,15298,495424.0,3.66,7.15,0.0057
2025-12-22,144,21309,690733.0,3.42,7.09,0.0067
2025-12-22,145,31372,770609.0,3.64,7.96,0.0115
2025-12-22,146,10336,243315.0,3.55,7.59,0.007
2025-12-22,147,10714,203083.0,4.61,10.36,0.0237
2025-12-22,148,27538,839150.0,3.31,7.1,0.0053
2025-12-22,149,12653,226074.0,3.84,8.08,0.0109
2025-12-22,150,5012,102234.0,4.22,9.3,0.019
2025-12-22,151,11383,325183.0,4.02,8.63,0.0137
2025-12-22,152,8342,180484.0,4.52,10.09,0.0236
2025-12-22,153,5188,89515.0,4.96,10.95,0.0319
2025-12-22,154,240,6292.0,5.29,11.96,0.0638
2025-12-22,155,15596,335000.0,5.05,11.83,0.0485
2025-12-22,156,7295,139139.0,5.34,12.69,0.0592
2025-12-22,157,14135,262057.0,4.43,9.51,0.0186
2025-12-22,158,13232,463241.0,3.16,6.37,0.0037
2025-12-22,159,22409,405612.0,4.58,10.07,0.0195
2025-12-22,160,12279,246743.0,4.67,10.01,0.0208
2025-12-22,161,34725,1394233.0,4.0,11.11,0.0486
2025-12-22,162,21561,802822.0,3.04,6.48,0.0055
2025-12-22,163,29241,1195055.0,3.27,7.02,0.0077
2025-12-22,164,34046,1189859.0,3.29,7.25,0.0085
2025-12-22,165,16418,316517.0,3.97,8.16,0.011
2025-12-22,166,12451,338102.0,3.93,8.58,0.0132
2025-12-22,167,18972,348334.0,4.63,10.0,0.0198
2025-12-22,168,30499,593657.0,4.72,10.2,0.0227
2025-12-22,169,24972,449256.0,4.76,10.36,0.0235
2025-12-22,170,25141,815383.0,3.24,6.7,0.0052
2025-12-22,171,11171,221686.0,4.43,9.98,0.0224
2025-12-22,172,3377,76078.0,6.04,13.91,0.0743
2025-12-22,173,16237,291558.0,4.99,10.89,0.0329
2025-12-22,174,21664,414778.0,4.48,9.97,0.0213
2025-12-22,175,3730,92731.0,5.28,11.81,0.0358
2025-12-22,176,1641,44181.0,6.42,14.71,0.0924
2025-12-22,177,19696,379749.0,4.73,10.48,0.0253
2025-12-22,178,5410,95865.0,3.97,8.05,0.0076
2025-12-22,179,16905,355266.0,3.88,8.17,0.0104
2025-12-22,180,8877,162960.0,4.18,9.03,0.0163
2025-12-22,181,35159,923257.0,3.51,7.66,0.0144
2025-12-22,182,13847,263485.0,4.55,9.94,0.0234
2025-12-22,183,6938,134481.0,4.89,11.07,0.0331
2025-12-22,184,894,14470.0,4.81,10.59,0.0292
2025-12-22,185,15632,304914.0,4.76,10.31,0.025
2025-12-22,186,20276,708564.0,2.97,7.09,0.0088
2025-12-22,187,3891,74011.0,5.7,12.68,0.055
2025-12-22,188,34134,706464.0,4.48,9.67,0.02
2025-12-22,189,13130,340065.0,3.85,8.5,0.0151
2025-12-22,190,2435,54888.0,3.97,8.42,0.0087
2025-12-22,191,14840,317395.0,4.85,10.87,0.0345
2025-12-22,192,6535,131715.0,4.34,9.69,0.016
2025-12-22,193,7662,172469.0,4.13,9.36,0.0204
2025-12-22,194,227,7697.0,7.0,14.93,0.0938
2025-12-22,195,6566,192090.0,4.63,10.08,0.0255
2025-12-22,196,13977,276237.0,4.68,10.35,0.025
2025-12-22,197,23105,438890.0,4.29,9.43,0.0204
2025-12-22,198,28293,601654.0,4.37,9.76,0.0211
2025-12-22,199,1,48.0,9.95,9.95,0.0
2025-12-22,200,8448,216581.0,5.33,11.58,0.0377
2025-12-22,201,3352,93142.0,6.34,14.81,0.0972
2025-12-22,202,2761,88082.0,5.97,11.89,0.0449
2025-12-22,203,9664,192220.0,6.21,13.22,0.0645
2025-12-22,204,1260,38785.0,6.43,14.25,0.0808
2025-12-22,205,21294,429141.0,5.27,11.64,0.0447
2025-12-22,206,10148,197717.0,5.53,13.34,0.0684
2025-12-22,207,693,10419.0,3.7,7.41,0.0072
2025-12-22,208,15698,321625.0,5.01,11.48,0.0372
2025-12-22,209,6917,239965.0,3.75,7.57,0.0104
2025-12-22,210,16875,309485.0,4.0,8.57,0.0154
2025-12-22,211,16328,564548.0,3.15,6.61,0.0051
2025-12-22,212,15050,255480.0,4.78,10.31,0.0231
2025-12-22,213,25746,466462.0,5.18,11.39,0.036
2025-12-22,214,4032,92867.0,5.33,12.63,0.0598
2025-12-22,215,15280,282783.0,4.75,10.56,0.031
2025-12-22,216,32512,600054.0,4.02,8.82,0.0162
2025-12-22,217,9078,138187.0,4.7,9.36,0.0167
2025-12-22,218,10788,219711.0,4.88,10.65,0.0282
2025-12-22,219,9369,194906.0,5.24,10.98,0.0303
2025-12-22,220,17285,349677.0,4.76,10.32,0.0261
2025-12-22,221,7114,137540.0,5.71,13.23,0.0639
2025-12-22,222,6501,126935.0,5.07,11.44,0.0355
2025-12-22,223,22880,470647.0,3.55,7.43,0.0073
2025-12-22,224,6304,196197.0,4.31,8.4,0.0094
2025-12-22,225,32314,729053.0,4.53,9.92,0.0204
2025-12-22,226,28935,568436.0,4.08,8.67,0.0128
2025-12-22,227,13598,277037.0,4.47,9.81,0.0217
2025-12-22,228,21659,466867.0,4.48,9.23,0.0178
2025-12-22,229,18338,609943.0,3.29,6.28,0.0024
2025-12-22,230,41999,1869049.0,4.24,11.76,0.0561
2025-12-22,231,27269,982703.0,3.19,6.16,0.0024
2025-12-22,232,14327,406260.0,4.55,9.51,0.0174
2025-12-22,233,16654,543663.0,3.37,6.57,0.004
2025-12-22,234,28704,921256.0,3.11,6.31,0.0031
2025-12-22,235,22843,419912.0,5.21,11.32,0.0306
2025-12-22,236,22424,780664.0,3.59,6.76,0.0043
2025-12-22,237,25895,897341.0,3.19,6.05,0.0019
2025-12-22,238,17311,559463.0,3.78,7.71,0.0069
2025-12-22,239,20802,704791.0,3.56,6.85,0.0047
2025-12-22,240,3387,60132.0,5.38,11.58,0.0381
2025-12-22,241,19827,380995.0,4.91,10.51,0.0248
2025-12-22,242,18503,346325.0,4.7,10.47,0.027
2025-12-22,243,25550,573753.0,4.49,9.99,0.0232
2025-12-22,244,35678,803452.0,4.31,9.63,0.0201
2025-12-22,245,4170,89146.0,5.98,13.31,0.0679
2025-12-22,246,26928,876675.0,3.57,7.3,0.0063
2025-12-22,247,26328,493396.0,4.87,10.41,0.0269
2025-12-22,248,13645,242234.0,4.78,10.5,0.0252
2025-12-22,249,23873,768429.0,3.14,6.28,0.0037
2025-12-22,250,12450,224075.0,4.58,10.17,0.0209
2025-12-22,251,4144,85160.0,5.55,12.18,0.0497
2025-12-22,252,6803,157268.0,5.37,12.02,0.0432
2025-12-22,253,94,2383.0,4.53,11.39,0.0426
2025-12-22,254,25473,466866.0,5.3,11.69,0.0414
2025-12-22,255,27656,735139.0,3.36,7.21,0.0069
2025-12-22,256,26518,672954.0,3.73,7.98,0.0099
2025-12-22,257,6373,164136.0,3.85,8.01,0.0086
2025-12-22,258,17341,352756.0,4.61,10.27,0.0241
2025-12-22,259,17740,336975.0,5.72,12.3,0.0492
2025-12-22,260,24176,424720.0,3.77,8.01,0.0084
2025-12-22,261,11586,457810.0,3.68,7.91,0.0091
2025-12-22,262,11696,369021.0,4.0,7.77,0.0071
2025-12-22,263,18132,562773.0,3.75,7.28,0.0052
2025-12-22,265,236,5283.0,7.56,15.95,0.1159
2025-12-29,2,7,281.0,8.13,17.41,0.1429
2025-12-29,3,10912,192731.0,4.23,9.28,0.0164
2025-12-29,4,11644,292265.0,3.77,8.03,0.0106
2025-12-29,5,1379,35699.0,6.44,14.29,0.084
2025-12-29,6,2720,59335.0,5.26,12.1,0.0468
2025-12-29,7,49154,988154.0,3.69,7.97,0.0084
2025-12-29,8,123,2365.0,3.62,8.52,0.0163
2025-12-29,9,4066,88600.0,4.4,9.76,0.021
2025-12-29,10,15515,318432.0,4.5,9.89,0.025
2025-12-29,11,6052,119724.0,4.12,9.03,0.0137
2025-12-29,12,548,18389.0,3.76,8.05,0.0073
2025-12-29,13,11417,378672.0,3.43,7.17,0.0032
2025-12-29,14,26847,572791.0,3.91,8.26,0.01
2025-12-29,15,3302,79119.0,5.42,12.09,0.037
2025-12-29,16,9901,241023.0,4.42,10.15,0.0207
2025-12-29,17,43328,848087.0,4.15,8.89,0.0144
2025-12-29,18,24865,453139.0,4.41,9.78,0.0181
2025-12-29,19,4212,93955.0,4.93,10.71,0.0251
2025-12-29,20,13755,253078.0,4.2,9.39,0.0151
2025-12-29,21,14040,261040.0,4.12,9.05,0.0151
2025-12-29,22,19453,349089.0,4.16,8.99,0.0151
2025-12-29,23,6830,158814.0,5.86,13.26,0.0596
2025-12-29,24,5459,136235.0,3.69,8.05,0.0094
2025-12-29,25,26041,659344.0,3.75,7.97,0.0101
2025-12-29,26,27743,464578.0,4.64,9.48,0.0187
2025-12-29,27,244,7779.0,10.36,20.98,0.2586
2025-12-29,28,12115,247069.0,4.42,9.77,0.0175
2025-12-29,29,10404,198191.0,4.04,8.95,0.0162
2025-12-29,30,283,7933.0,8.27,18.5,0.1738
2025-12-29,31,2092,50750.0,4.49,10.05,0.0187
2025-12-29,32,12788,242739.0,4.44,9.77,0.0204
2025-12-29,33,18702,518817.0,3.53,7.42,0.011
2025-12-29,34,4953,177997.0,6.09,15.43,0.1071
2025-12-29,35,28954,523235.0,4.99,10.94,0.031
2025-12-29,36,42235,948481.0,4.08,9.79,0.022
2025-12-29,37,60020,1380550.0,4.11,9.51,0.0212
2025-12-29,38,5891,134367.0,4.88,10.83,0.0325
2025-12-29,39,36669,665910.0,4.8,10.47,0.0286
2025-12-29,40,10631,259172.0,3.58,7.23,0.0075
2025-12-29,41,30739,629523.0,4.05,8.83,0.014
2025-12-29,42,42897,830684.0,4.35,9.68,0.0181
2025-12-29,43,6432,200265.0,3.47,7.57,0.0074
2025-12-29,44,2324,64466.0,6.27,14.48,0.0901
2025-12-29,45,11308,311635.0,3.77,7.98,0.0098
2025-12-29,46,883,29794.0,8.89,17.41,0.16
2025-12-29,47,15461,273777.0,4.46,9.63,0.0174
2025-12-29,48,39543,1401435.0,3.42,8.15,0.0208
2025-12-29,49,29802,650251.0,3.67,7.94,0.0111
2025-12-29,50,19390,584633.0,3.62,7.68,0.0132
2025-12-29,51,21691,449510.0,5.19,11.17,0.0325
2025-12-29,52,6644,161853.0,3.32,6.79,0.0067
2025-12-29,53,8113,191840.0,5.35,12.32,0.0511
2025-12-29,54,2498,59078.0,3.65,7.46,0.0053
2025-12-29,55,13295,289849.0,4.57,10.57,0.0312
2025-12-29,56,17559,328928.0,4.58,10.04,0.0213
2025-12-29,57,1341,24457.0,4.83,10.35,0.0247
2025-12-29,58,1692,37505.0,5.7,12.33,0.0428
2025-12-29,59,424,7360.0,4.75,10.19,0.0165
2025-12-29,60,11629,207809.0,4.74,10.31,0.0237
2025-12-29,61,66398,1353260.0,4.28,9.51,0.0169
2025-12-29,62,17976,366080.0,4.42,9.39,0.0162
2025-12-29,63,16037,316090.0,4.56,10.31,0.0269
2025-12-29,64,3088,82589.0,6.08,13.05,0.0535
2025-12-29,65,20429,517841.0,3.92,8.5,0.0119
2025-12-29,66,15729,445277.0,3.7,8.53,0.0189
2025-12-29,67,10396,228750.0,4.22,9.34,0.0155
2025-12-29,68,40108,1377478.0,3.19,7.11,0.0081
2025-12-29,69,25609,487079.0,4.48,9.86,0.0189
2025-12-29,70,12698,267891.0,4.3,9.8,0.02
2025-12-29,71,20843,395647.0,4.62,10.06,0.0243
2025-12-29,72,24420,444913.0,4.91,10.61,0.0269
2025-12-29,73,5824,116538.0,4.45,10.14,0.028
2025-12-29,74,33049,636005.0,4.38,9.15,0.0143
2025-12-29,75,27553,623485.0,4.09,8.68,0.0102
2025-12-29,76,55808,1020164.0,4.72,10.41,0.0276
2025-12-29,77,14652,284313.0,4.9,10.61,0.028
2025-12-29,78,21760,391231.0,4.45,10.05,0.0195
2025-12-29,79,48868,1314844.0,3.02,6.51,0.0061
2025-12-29,80,39448,941988.0,3.75,8.91,0.0198
2025-12-29,81,14428,256974.0,4.97,10.8,0.029
2025-12-29,82,41690,747504.0,4.41,9.67,0.0183
2025-12-29,83,13702,257387.0,4.35,9.49,0.0207
2025-12-29,84,2357,61895.0,6.13,13.39,0.0629
2025-12-29,85,15829,322813.0,4.37,9.82,0.0227
2025-12-29,86,10820,251751.0,6.33,14.17,0.0846
2025-12-29,87,20837,735248.0,3.42,7.22,0.0077
2025-12-29,88,9961,369841.0,3.64,7.86,0.0118
2025-12-29,89,39315,806318.0,4.2,9.13,0.0173
2025-12-29,90,22777,689014.0,2.94,6.29,0.0059
2025-12-29,91,24897,479239.0,4.58,9.98,0.0225
2025-12-29,92,28616,628018.0,4.82,11.15,0.0354
2025-12-29,93,1534,37052.0,4.76,10.3,0.0225
2025-12-29,94,11151,204532.0,4.46,9.89,0.018
2025-12-29,95,32960,678361.0,4.34,9.41,0.0165
2025-12-29,96,508,9874.0,4.42,9.11,0.0179
2025-12-29,97,32137,760893.0,3.71,8.32,0.0122
2025-12-29,98,4326,94576.0,4.66,10.66,0.0232
2025-12-29,99,164,3728.0,6.25,11.66,0.037
2025-12-29,100,19762,745506.0,3.63,8.93,0.0224
2025-12-29,101,4539,114229.0,5.26,11.66,0.0435
2025-12-29,102,12594,245605.0,4.61,10.08,0.0244
2025-12-29,105,3,73.0,11.0,14.62,0.0
2025-12-29,106,9976,233531.0,3.9,8.08,0.0123
2025-12-29,107,25765,703516.0,3.02,6.07,0.0035
2025-12-29,108,7344,140772.0,4.13,8.97,0.0167
2025-12-29,109,3678,91257.0,6.07,13.61,0.0651
2025-12-29,110,6,158.0,7.63,12.41,0.0
2025-12-29,111,146,2887.0,3.53,8.0,0.0
2025-12-29,112,43638,1024284.0,3.43,7.42,0.0099
2025-12-29,113,18909,537033.0,2.98,6.14,0.0048
2025-12-29,114,22685,666657.0,3.06,6.57,0.0061
2025-12-29,115,3891,76998.0,5.93,13.32,0.0596
2025-12-29,116,21849,444909.0,4.17,9.41,0.0183
2025-12-29,117,8010,196389.0,6.71,14.99,0.0994
2025-12-29,118,5087,125433.0,5.89,13.48,0.0717
2025-12-29,119,17028,315787.0,4.45,10.08,0.0216
2025-12-29,120,378,8542.0,4.17,10.25,0.03
2025-12-29,121,9778,212128.0,4.66,10.46,0.023
2025-12-29,122,6258,127299.0,4.72,10.65,0.0316
2025-12-29,123,16065,276506.0,3.96,8.13,0.0097
2025-12-29,124,7830,178044.0,5.19,11.39,0.0384
2025-12-29,125,10515,334506.0,3.12,6.03,0.0036
2025-12-29,126,15008,271428.0,4.71,10.59,0.0273
2025-12-29,127,18729,398821.0,4.0,9.46,0.0209
2025-12-29,128,1280,26505.0,3.99,8.08,0.0142
2025-12-29,129,42520,794816.0,4.44,9.67,0.0207
2025-12-29,130,38742,789640.0,4.47,9.88,0.023
2025-12-29,131,7383,163706.0,4.49,9.95,0.0185
2025-12-29,132,81144,6042388.0,6.44,13.28,0.0682
2025-12-29,133,9678,196898.0,4.02,8.64,0.012
2025-12-29,134,10380,217300.0,4.15,8.95,0.0134
2025-12-29,135,7464,163213.0,4.49,9.84,0.0182
2025-12-29,136,12942,248421.0,4.46,9.78,0.0194
2025-12-29,137,21091,532354.0,3.34,6.99,0.0067
2025-12-29,138,86403,4181489.0,5.69,15.14,0.1026
2025-12-29,139,9557,186891.0,4.91,10.77,0.0305
2025-12-29,140,20796,581375.0,3.57,7.3,0.0049
2025-12-29,141,24475,669442.0,3.32,6.52,0.0024
2025-12-29,142,25018,796582.0,3.29,6.75,0.0052
2025-12-29,143,16957,466983.0,3.39,6.68,0.0042
2025-12-29,144,27804,837217.0,3.32,6.89,0.0066
2025-12-29,145,37074,869450.0,3.59,8.03,0.0108
2025-12-29,146,11034,255409.0,3.61,7.85,0.0089
2025-12-29,147,10267,194072.0,4.33,9.84,0.0181
2025-12-29,148,42250,1241389.0,3.28,7.49,0.0095
2025-12-29,149,12148,216714.0,3.93,8.31,0.0102
2025-12-29,150,4817,100492.0,4.34,9.34,0.0211
2025-12-29,151,12003,308826.0,3.72,7.8,0.0084
2025-12-29,152,8891,187531.0,4.21,9.31,0.0166
2025-12-29,153,4660,81212.0,4.4,9.65,0.0173
2025-12-29,154,187,4730.0,5.15,11.68,0.0432
2025-12-29,155,13992,301075.0,4.74,10.74,0.033
2025-12-29,156,6914,128017.0,5.15,12.12,0.0465
2025-12-29,157,13790,258970.0,4.37,9.57,0.0184
2025-12-29,158,17447,560410.0,3.05,6.48,0.0064
2025-12-29,159,21432,389016.0,4.17,9.41,0.0157
2025-12-29,160,11657,231629.0,4.54,9.95,0.0194
2025-12-29,161,34412,1334767.0,3.58,9.76,0.0336
2025-12-29,162,21976,776003.0,2.98,6.2,0.0036
2025-12-29,163,28317,1113059.0,3.1,6.71,0.0094
2025-12-29,164,37487,1294849.0,3.24,7.25,0.0104
2025-12-29,165,15940,305804.0,4.02,8.29,0.0114
2025-12-29,166,13063,320975.0,3.65,7.92,0.0083
2025-12-29,167,18215,337911.0,4.36,9.53,0.0148
2025-12-29,168,30451,597272.0,4.48,9.98,0.0203
2025-12-29,169,24323,445523.0,4.49,9.96,0.0186
2025-12-29,170,31049,907930.0,3.2,6.65,0.0054
2025-12-29,171,10894,215408.0,4.27,9.47,0.0189
2025-12-29,172,3189,70979.0,5.74,13.59,0.0728
2025-12-29,173,15472,276642.0,5.13,11.23,0.0346
2025-12-29,174,20980,403693.0,4.09,9.05,0.0141
2025-12-29,175,3314,80159.0,4.95,11.28,0.0282
2025-12-29,176,1665,42449.0,5.8,13.21,0.0573
2025-12-29,177,21029,407321.0,4.79,10.5,0.0248
2025-12-29,178,5426,96178.0,4.08,8.41,0.0095
2025-12-29,179,17793,372047.0,4.0,8.59,0.0117
2025-12-29,180,8453,154120.0,4.31,9.3,0.0176
2025-12-29,181,44439,1036315.0,3.42,7.37,0.0097
2025-12-29,182,13336,251093.0,4.31,9.4,0.0175
2025-12-29,183,6551,124377.0,4.53,9.91,0.023
2025-12-29,184,777,13201.0,4.63,9.77,0.0221
2025-12-29,185,15318,297963.0,4.45,9.9,0.0209
2025-12-29,186,25567,904053.0,3.12,7.46,0.0104
2025-12-29,187,3706,71765.0,5.35,12.14,0.0505
2025-12-29,188,37939,763158.0,4.39,9.43,0.0172
2025-12-29,189,18221,410186.0,3.66,7.9,0.0108
2025-12-29,190,2983,66337.0,3.98,8.16,0.0121
2025-12-29,191,14406,302695.0,4.6,10.13,0.0257
2025-12-29,192,6360,127757.0,4.14,9.22,0.0132
2025-12-29,193,7906,184401.0,4.24,9.67,0.0214
2025-12-29,194,318,9547.0,7.2,14.81,0.09
2025-12-29,195,7901,232393.0,4.42,9.79,0.0234
2025-12-29,196,13191,256994.0,4.47,9.62,0.0192
2025-12-29,197,22191,420018.0,4.45,9.73,0.0202
2025-12-29,198,34607,752902.0,4.31,9.69,0.0205
2025-12-29,199,2,75.0,11.9,16.07,0.5
2025-12-29,200,7801,184480.0,4.87,10.64,0.0269
2025-12-29,201,3702,98165.0,6.17,14.29,0.0851
2025-12-29,202,2881,89277.0,6.06,12.23,0.0479
2025-12-29,203,9176,178497.0,5.86,12.19,0.0483
2025-12-29,204,1415,40705.0,6.05,13.69,0.0646
2025-12-29,205,20501,403011.0,5.04,10.97,0.037
2025-12-29,206,9992,191824.0,5.12,12.52,0.0569
2025-12-29,207,752,11232.0,3.49,6.58,0.0027
2025-12-29,208,15445,313833.0,4.81,10.85,0.0283
2025-12-29,209,8184,271121.0,3.85,8.22,0.0153
2025-12-29,210,15497,287269.0,4.03,8.85,0.0158
2025-12-29,211,20182,638852.0,3.03,6.18,0.0036
2025-12-29,212,14665,251239.0,4.48,9.81,0.0191
2025-12-29,213,24603,443596.0,4.87,10.78,0.0276
2025-12-29,214,3928,89023.0,5.18,12.21,0.0503
2025-12-29,215,15022,277303.0,4.87,10.69,0.0306
2025-12-29,216,31593,599825.0,4.26,9.47,0.0202
2025-12-29,217,10423,158705.0,4.47,8.92,0.0145
2025-12-29,218,10414,211031.0,5.01,10.81,0.0299
2025-12-29,219,8685,173199.0,5.26,11.26,0.0319
2025-12-29,220,17026,331957.0,4.29,9.09,0.016
2025-12-29,221,7005,135013.0,5.46,12.57,0.0539
2025-12-29,222,6395,125034.0,5.2,11.36,0.0392
2025-12-29,223,24837,516343.0,3.66,7.76,0.008
2025-12-29,224,7960,205680.0,3.93,7.9,0.0102
2025-12-29,225,41054,875905.0,4.32,9.57,0.0178
2025-12-29,226,29484,577791.0,4.08,8.72,0.0116
2025-12-29,227,13299,267551.0,4.46,9.75,0.0195
2025-12-29,228,23404,496556.0,4.38,9.28,0.0177
2025-12-29,229,20909,603241.0,3.23,6.33,0.0021
2025-12-29,230,40574,1744641.0,3.94,10.73,0.0439
2025-12-29,231,33167,1058819.0,3.17,6.35,0.006
2025-12-29,232,17522,472616.0,4.19,8.85,0.0136
2025-12-29,233,19366,564759.0,3.33,6.53,0.003
2025-12-29,234,34486,1023781.0,2.99,6.41,0.0067
2025-12-29,235,22097,408997.0,4.91,10.73,0.0254
2025-12-29,236,23397,684065.0,3.28,6.39,0.0028
2025-12-29,237,25815,806876.0,3.04,5.95,0.0022
2025-12-29,238,19278,533251.0,3.49,7.11,0.006
2025-12-29,239,24534,733924.0,3.32,6.69,0.0047
2025-12-29,240,3298,59456.0,5.04,10.47,0.0278
2025-12-29,241,18526,357681.0,4.57,9.81,0.0183
2025-12-29,242,18312,338382.0,4.45,9.83,0.0187
2025-12-29,243,26629,588034.0,4.13,9.3,0.015
2025-12-29,244,36089,787963.0,3.94,8.86,0.0125
2025-12-29,245,3826,79320.0,5.54,12.65,0.0544
2025-12-29,246,31881,1004838.0,3.57,7.58,0.0091
2025-12-29,247,25634,454568.0,4.42,9.64,0.0172
2025-12-29,248,13161,233329.0,4.52,9.84,0.017
2025-12-29,249,33289,939248.0,3.01,6.21,0.0053
2025-12-29,250,12460,224679.0,4.3,9.41,0.0145
2025-12-29,251,4004,82073.0,5.05,11.17,0.0359
2025-12-29,252,6435,147606.0,5.01,11.04,0.0299
2025-12-29,253,103,2480.0,5.05,12.04,0.0388
2025-12-29,254,24985,458788.0,4.95,10.97,0.0321
2025-12-29,255,45492,1158561.0,3.24,7.64,0.0123
2025-12-29,256,39852,965577.0,3.49,7.95,0.013
2025-12-29,257,7436,173487.0,3.87,8.14,0.0092
2025-12-29,258,16566,340478.0,4.7,10.41,0.0268
2025-12-29,259,17162,324290.0,5.37,11.59,0.0377
2025-12-29,260,23954,430864.0,3.91,8.48,0.0113
2025-12-29,261,13082,488304.0,3.71,8.21,0.0148
2025-12-29,262,13119,353617.0,3.73,7.41,0.0051
2025-12-29,263,21590,580879.0,3.5,7.06,0.0046
2025-12-29,265,203,5071.0,8.14,15.84,0.1407
2026-01-05,2,11,222.0,5.85,15.51,0.0909
2026-01-05,3,10868,187264.0,4.04,8.92,0.0131
2026-01-05,4,11887,278542.0,3.87,8.05,0.01
2026-01-05,5,1337,33123.0,5.7,12.94,0.0456
2026-01-05,6,2696,56227.0,4.7,11.12,0.0342
2026-01-05,7,45362,885704.0,3.42,7.18,0.0044
2026-01-05,8,94,2095.0,3.6,7.72,0.0
2026-01-05,9,4185,84771.0,4.01,8.93,0.0134
2026-01-05,10,15293,303670.0,4.2,9.37,0.0213
2026-01-05,11,5709,109804.0,3.7,8.33,0.0098
2026-01-05,12,282,8984.0,3.1,7.09,0.0071
2026-01-05,13,19268,675886.0,3.44,6.7,0.0028
2026-01-05,14,26739,568388.0,3.61,7.44,0.0063
2026-01-05,15,3352,82630.0,5.05,11.28,0.0328
2026-01-05,16,9786,220815.0,4.15,9.32,0.0168
2026-01-05,17,38682,734979.0,4.03,8.75,0.0122
2026-01-05,18,22820,398638.0,4.11,9.24,0.0138
2026-01-05,19,4407,96604.0,4.76,10.33,0.0219
2026-01-05,20,13322,232286.0,3.91,9.04,0.0127
2026-01-05,21,13715,246906.0,3.77,8.18,0.01
2026-01-05,22,18411,331921.0,3.83,8.16,0.0088
2026-01-05,23,7278,156476.0,5.22,12.34,0.0487
2026-01-05,24,5530,130625.0,3.52,7.49,0.006
2026-01-05,25,25904,639121.0,3.65,7.79,0.0069
2026-01-05,26,26894,472322.0,4.25,8.64,0.0127
2026-01-05,27,153,5660.0,9.35,19.07,0.2263
2026-01-05,28,12052,239657.0,4.2,9.21,0.0135
2026-01-05,29,10256,193735.0,3.73,8.07,0.0083
2026-01-05,30,221,6336.0,8.15,16.39,0.1567
2026-01-05,31,1477,30963.0,4.58,9.8,0.0178
2026-01-05,32,12011,215151.0,4.11,9.28,0.0154
2026-01-05,33,21651,599792.0,3.44,6.97,0.0055
2026-01-05,34,2621,59907.0,3.89,8.73,0.0157
2026-01-05,35,27827,491138.0,4.66,10.43,0.0249
2026-01-05,36,40991,843446.0,3.83,8.73,0.0129
2026-01-05,37,52500,1092719.0,3.87,8.6,0.0133
2026-01-05,38,5839,126868.0,4.58,10.53,0.0267
2026-01-05,39,35274,623689.0,4.45,10.1,0.0235
2026-01-05,40,11310,279010.0,3.51,6.86,0.0048
2026-01-05,41,29315,569881.0,3.81,8.03,0.0083
2026-01-05,42,41325,758488.0,4.15,9.06,0.0135
2026-01-05,43,5546,167618.0,3.24,7.0,0.0037
2026-01-05,44,2270,58443.0,5.96,13.43,0.0642
2026-01-05,45,10342,275762.0,3.6,7.69,0.0074
2026-01-05,46,756,24649.0,8.35,17.38,0.1425
2026-01-05,47,15681,263928.0,4.26,9.35,0.0153
2026-01-05,48,37419,1154998.0,2.88,6.1,0.0033
2026-01-05,49,27415,590960.0,3.61,7.59,0.0059
2026-01-05,50,19689,523942.0,3.26,6.42,0.0031
2026-01-05,51,18484,370493.0,4.92,10.55,0.0268
2026-01-05,52,7725,195702.0,3.24,6.52,0.0031
2026-01-05,53,7224,161761.0,4.76,11.15,0.0347
2026-01-05,54,2706,64769.0,3.58,7.27,0.0037
2026-01-05,55,13056,268461.0,4.14,9.36,0.0194
2026-01-05,56,15487,284606.0,4.19,9.01,0.0119
2026-01-05,57,1168,21146.0,4.59,10.1,0.0164
2026-01-05,58,1655,35071.0,5.36,11.78,0.0293
2026-01-05,59,540,10193.0,4.27,8.91,0.0114
2026-01-05,60,10820,183780.0,4.58,10.15,0.0224
2026-01-05,61,59699,1158202.0,4.1,9.31,0.0153
2026-01-05,62,16873,335159.0,4.18,9.01,0.0127
2026-01-05,63,14844,286328.0,4.29,9.69,0.0189
2026-01-05,64,3240,78945.0,5.74,12.39,0.0508
2026-01-05,65,19852,509560.0,3.85,8.52,0.0117
2026-01-05,66,16432,439721.0,3.53,7.39,0.0057
2026-01-05,67,8862,175216.0,3.83,8.09,0.0093
2026-01-05,68,42368,1426351.0,2.8,5.95,0.0031
2026-01-05,69,24915,448454.0,4.32,9.76,0.0196
2026-01-05,70,10692,222161.0,3.86,8.97,0.0133
2026-01-05,71,19854,367266.0,4.27,9.43,0.0169
2026-01-05,72,23463,416646.0,4.65,10.28,0.0255
2026-01-05,73,5137,98325.0,4.03,8.88,0.0158
2026-01-05,74,31889,592258.0,4.19,8.79,0.0115
2026-01-05,75,29786,686377.0,3.89,8.37,0.01
2026-01-05,76,53283,936535.0,4.35,9.74,0.0203
2026-01-05,77,13533,247093.0,4.41,9.94,0.0225
2026-01-05,78,21204,372809.0,4.18,9.71,0.0193
2026-01-05,79,50782,1292347.0,3.05,6.48,0.0039
2026-01-05,80,37598,769288.0,3.68,8.02,0.0094
2026-01-05,81,14018,240017.0,4.76,10.51,0.0279
2026-01-05,82,35389,626578.0,3.83,8.35,0.0097
2026-01-05,83,11853,209596.0,3.89,8.32,0.0098
2026-01-05,84,2216,53263.0,5.43,11.64,0.0401
2026-01-05,85,14183,272756.0,4.08,8.68,0.013
2026-01-05,86,10642,230816.0,5.8,13.22,0.0633
2026-01-05,87,23949,840994.0,3.26,6.64,0.0043
2026-01-05,88,10589,402065.0,3.21,6.55,0.003
2026-01-05,89,36518,733096.0,3.84,8.17,0.0092
2026-01-05,90,27354,798001.0,2.76,5.68,0.0016
2026-01-05,91,23154,438689.0,4.25,9.43,0.0199
2026-01-05,92,24428,518064.0,4.22,9.77,0.0246
2026-01-05,93,1229,26227.0,4.24,9.64,0.018
2026-01-05,94,9698,168421.0,4.23,9.5,0.0143
2026-01-05,95,33046,669372.0,4.01,8.66,0.0122
2026-01-05,96,515,10979.0,4.23,9.49,0.0195
2026-01-05,97,30385,682683.0,3.61,7.81,0.0069
2026-01-05,98,4655,98690.0,4.53,10.26,0.0201
2026-01-05,99,137,3014.0,6.2,11.43,0.0299
2026-01-05,100,22404,804809.0,2.93,6.62,0.0037
2026-01-05,101,4775,120653.0,5.05,11.32,0.0346
2026-01-05,102,11743,223145.0,4.31,9.68,0.0187
2026-01-05,106,10394,226634.0,3.65,7.05,0.0045
2026-01-05,107,30906,834560.0,3.0,6.0,0.0018
2026-01-05,108,7545,142156.0,3.86,8.41,0.0094
2026-01-05,109,3565,79825.0,5.4,12.76,0.0514
2026-01-05,110,6,288.0,7.0,14.52,0.0
2026-01-05,111,138,2652.0,3.72,7.32,0.0
2026-01-05,112,43132,975581.0,3.45,7.33,0.0059
2026-01-05,113,22346,636085.0,2.93,5.89,0.002
2026-01-05,114,25097,713897.0,2.99,6.7,0.0043
2026-01-05,115,3807,69251.0,5.42,12.12,0.0465
2026-01-05,116,20491,405924.0,3.93,8.65,0.0114
2026-01-05,117,7478,179966.0,6.05,13.77,0.0736
2026-01-05,118,4759,109990.0,5.13,12.0,0.0452
2026-01-05,119,15832,281105.0,4.28,9.7,0.0172
2026-01-05,120,329,7045.0,3.81,8.59,0.0
2026-01-05,121,10229,218187.0,4.33,9.42,0.0155
2026-01-05,122,6021,119334.0,4.45,10.11,0.0285
2026-01-05,123,16284,286548.0,3.68,7.49,0.0069
2026-01-05,124,7350,155711.0,4.99,10.77,0.0273
2026-01-05,125,13731,426029.0,2.99,5.78,0.0013
2026-01-05,126,14679,259959.0,4.54,10.44,0.0239
2026-01-05,127,16631,334645.0,3.64,8.22,0.0099
2026-01-05,128,1355,29330.0,3.47,7.4,0.0053
2026-01-05,129,36823,674766.0,3.94,8.49,0.0122
2026-01-05,130,37411,756766.0,4.14,9.35,0.0198
2026-01-05,131,7649,165142.0,4.23,9.17,0.0126
2026-01-05,132,80780,6106063.0,6.65,13.67,0.074
2026-01-05,133,8980,182242.0,3.74,7.96,0.0065
2026-01-05,134,11062,225414.0,3.83,8.36,0.0101
2026-01-05,135,8262,178874.0,4.12,9.02,0.013
2026-01-05,136,11942,221541.0,4.05,9.2,0.0159
2026-01-05,137,23213,594725.0,3.23,6.8,0.0047
2026-01-05,138,84422,4470471.0,5.29,14.08,0.0797
2026-01-05,139,9636,180941.0,4.59,10.14,0.024
2026-01-05,140,26332,756662.0,3.48,7.46,0.0064
2026-01-05,141,29323,806394.0,3.29,6.37,0.002
2026-01-05,142,28613,882210.0,3.12,6.14,0.002
2026-01-05,143,22355,598350.0,3.28,6.25,0.0019
2026-01-05,144,27648,795571.0,3.19,6.67,0.0034
2026-01-05,145,35917,806957.0,3.28,6.95,0.0049
2026-01-05,146,10844,239690.0,3.35,7.09,0.0053
2026-01-05,147,9751,174518.0,4.06,9.39,0.0138
2026-01-05,148,40056,1084161.0,3.3,7.44,0.0075
2026-01-05,149,12726,226804.0,3.57,7.24,0.0064
2026-01-05,150,4686,96562.0,3.9,8.43,0.0126
2026-01-05,151,12325,307500.0,3.53,7.19,0.0047
2026-01-05,152,8945,182799.0,3.88,8.23,0.0102
2026-01-05,153,4419,74320.0,4.11,8.96,0.0155
2026-01-05,154,284,9120.0,4.87,11.16,0.036
2026-01-05,155,13137,277665.0,4.36,9.83,0.0239
2026-01-05,156,6789,121259.0,4.84,10.93,0.0326
2026-01-05,157,12416,227491.0,4.07,8.76,0.0125
2026-01-05,158,23072,704072.0,3.06,5.91,0.0023
2026-01-05,159,21621,381870.0,3.95,9.04,0.013
2026-01-05,160,10806,207735.0,4.26,9.24,0.0147
2026-01-05,161,48579,1850782.0,3.07,6.45,0.005
2026-01-05,162,32430,1204240.0,2.89,5.62,0.0014
2026-01-05,163,33614,1301947.0,2.85,5.77,0.0022
2026-01-05,164,38501,1281796.0,2.91,6.1,0.0028
2026-01-05,165,16078,315329.0,3.68,7.52,0.0064
2026-01-05,166,14063,332286.0,3.29,7.11,0.0064
2026-01-05,167,17814,312655.0,4.18,9.19,0.0133
2026-01-05,168,30607,571202.0,4.23,9.37,0.0134
2026-01-05,169,22094,382403.0,4.23,9.63,0.0156
2026-01-05,170,36826,1079088.0,3.0,6.05,0.0023
2026-01-05,171,10044,195093.0,3.9,8.7,0.0125
2026-01-05,172,3062,64785.0,5.14,12.12,0.0487
2026-01-05,173,12729,224398.0,4.5,9.96,0.0192
2026-01-05,174,21424,396627.0,3.84,8.59,0.0115
2026-01-05,175,3614,83650.0,4.53,10.16,0.0188
2026-01-05,176,1640,40432.0,5.42,12.24,0.0442
2026-01-05,177,20670,382493.0,4.5,10.2,0.0223
2026-01-05,178,5643,102134.0,3.81,7.53,0.0038
2026-01-05,179,17289,356596.0,3.82,8.02,0.0093
2026-01-05,180,8027,143176.0,4.03,8.61,0.0108
2026-01-05,181,45383,1062036.0,3.2,6.65,0.0039
2026-01-05,182,12740,239092.0,4.14,9.32,0.0172
2026-01-05,183,6362,119259.0,4.18,9.74,0.0176
2026-01-05,184,840,14833.0,4.45,9.32,0.0168
2026-01-05,185,15458,293275.0,4.17,9.16,0.015
2026-01-05,186,23813,784349.0,2.66,6.27,0.0046
2026-01-05,187,3628,64981.0,4.91,11.29,0.0393
2026-01-05,188,35132,690628.0,4.09,8.84,0.0138
2026-01-05,189,17229,386215.0,3.51,7.34,0.004
2026-01-05,190,2144,47784.0,3.9,8.09,0.0108
2026-01-05,191,14033,288284.0,4.42,9.85,0.0223
2026-01-05,192,6212,123719.0,3.91,8.64,0.007
2026-01-05,193,7292,151494.0,3.95,8.99,0.0118
2026-01-05,194,549,18059.0,6.31,12.57,0.0667
2026-01-05,195,8096,218688.0,4.34,9.47,0.0194
2026-01-05,196,12870,250063.0,4.08,8.74,0.0113
2026-01-05,197,20850,385650.0,4.11,9.04,0.0158
2026-01-05,198,30626,624289.0,3.96,8.88,0.0157
2026-01-05,199,1,45.0,17.25,17.25,1.0
2026-01-05,200,9776,250850.0,4.52,9.69,0.0211
2026-01-05,201,2790,77418.0,5.58,13.65,0.0755
2026-01-05,202,2558,75177.0,5.71,11.33,0.0294
2026-01-05,203,9318,175102.0,5.55,11.87,0.0454
2026-01-05,204,1230,32066.0,5.39,12.66,0.0472
2026-01-05,205,20226,378029.0,4.75,10.57,0.0315
2026-01-05,206,9907,178331.0,4.66,11.41,0.0406
2026-01-05,207,894,13410.0,3.46,7.06,0.0034
2026-01-05,208,15099,301025.0,4.45,10.17,0.0216
2026-01-05,209,8559,278885.0,3.66,7.41,0.0067
2026-01-05,210,15743,280489.0,3.71,7.96,0.0091
2026-01-05,211,22727,701174.0,2.96,5.87,0.0016
2026-01-05,212,13211,218337.0,4.24,9.71,0.0191
2026-01-05,213,23495,412818.0,4.65,10.67,0.0302
2026-01-05,214,4142,93535.0,4.46,10.96,0.0355
2026-01-05,215,14928,263338.0,4.54,10.01,0.0264
2026-01-05,216,28328,518822.0,3.84,8.4,0.0124
2026-01-05,217,9147,147835.0,4.39,8.84,0.013
2026-01-05,218,10210,195147.0,4.62,9.97,0.0198
2026-01-05,219,8775,172939.0,4.98,10.41,0.0255
2026-01-05,220,17536,338530.0,4.02,8.64,0.0132
2026-01-05,221,6820,121846.0,4.96,11.22,0.0371
2026-01-05,222,6158,119814.0,4.87,10.93,0.0341
2026-01-05,223,22901,451826.0,3.37,7.03,0.0056
2026-01-05,224,8571,211678.0,4.04,7.69,0.0053
2026-01-05,225,35615,723881.0,4.16,9.24,0.0156
2026-01-05,226,28049,549993.0,3.75,7.89,0.0071
2026-01-05,227,12347,243908.0,4.12,8.79,0.0134
2026-01-05,228,23998,515448.0,4.08,8.37,0.0101
2026-01-05,229,23555,680746.0,3.09,5.96,0.0018
2026-01-05,230,50770,2002656.0,3.02,6.92,0.0077
2026-01-05,231,46790,1488187.0,3.08,5.92,0.0013
2026-01-05,232,17788,442807.0,4.13,8.48,0.0109
2026-01-05,233,21625,623311.0,3.17,6.17,0.0025
2026-01-05,234,43769,1322942.0,2.9,5.88,0.0021
2026-01-05,235,20014,361504.0,4.66,10.61,0.0245
2026-01-05,236,33912,1008426.0,3.31,6.17,0.0021
2026-01-05,237,35730,1130081.0,2.95,5.7,0.0012
2026-01-05,238,22847,624328.0,3.33,6.7,0.004
2026-01-05,239,27361,793013.0,3.16,6.11,0.0022
2026-01-05,240,3286,58367.0,4.76,10.36,0.0248
2026-01-05,241,17154,317221.0,4.24,9.23,0.0153
2026-01-05,242,19718,372356.0,4.08,9.1,0.0171
2026-01-05,243,23952,509807.0,3.86,8.59,0.011
2026-01-05,244,35017,758371.0,3.7,8.22,0.0107
2026-01-05,245,3845,76131.0,4.95,11.57,0.04
2026-01-05,246,45440,1429307.0,3.25,6.83,0.0045
2026-01-05,247,23983,409033.0,4.29,9.37,0.015
2026-01-05,248,11989,207156.0,4.29,9.71,0.0207
2026-01-05,249,38278,1072485.0,3.04,6.23,0.0027
2026-01-05,250,12327,225038.0,4.05,9.15,0.0131
2026-01-05,251,3909,75276.0,4.64,10.2,0.0228
2026-01-05,252,6220,140117.0,4.7,10.43,0.0201
2026-01-05,253,125,3048.0,4.43,8.2,0.04
2026-01-05,254,24012,424795.0,4.67,10.35,0.0232
2026-01-05,255,44970,1088233.0,3.53,8.12,0.0102
2026-01-05,256,38882,884311.0,3.65,8.13,0.0082
2026-01-05,257,7126,168564.0,3.54,7.14,0.003
2026-01-05,258,15168,302419.0,4.34,9.65,0.0194
2026-01-05,259,16878,307015.0,5.02,10.86,0.0311
2026-01-05,260,20921,367046.0,3.48,7.41,0.0043
2026-01-05,261,14159,545020.0,3.35,6.98,0.0058
2026-01-05,262,16260,422064.0,3.79,7.28,0.0039
2026-01-05,263,24739,663091.0,3.49,6.8,0.0027
2026-01-05,265,209,4210.0,7.13,14.62,0.098
2026-01-12,2,6,182.0,9.42,14.16,0.0
2026-01-12,3,11281,196314.0,4.14,9.04,0.0164
2026-01-12,4,13183,314018.0,3.91,8.41,0.012
2026-01-12,5,1401,35007.0,5.85,13.72,0.0684
2026-01-12,6,2718,60340.0,4.91,11.42,0.036
2026-01-12,7,46866,911545.0,3.37,7.13,0.0043
2026-01-12,8,100,1810.0,3.24,6.5,0.0
2026-01-12,9,4353,90984.0,4.07,9.14,0.0125
2026-01-12,10,15765,315524.0,4.14,9.05,0.0182
2026-01-12,11,5773,111298.0,3.84,8.49,0.0105
2026-01-12,12,322,10945.0,3.23,7.44,0.0031
2026-01-12,13,20838,775105.0,3.61,7.14,0.0037
2026-01-12,14,28021,591729.0,3.65,7.71,0.0078
2026-01-12,15,3327,83119.0,5.1,11.17,0.0313
2026-01-12,16,10052,225937.0,4.1,9.09,0.0153
2026-01-12,17,42101,818987.0,4.22,9.28,0.0166
2026-01-12,18,23782,418981.0,4.22,9.59,0.0165
2026-01-12,19,4542,100920.0,4.89,10.27,0.0261
2026-01-12,20,14428,272060.0,4.05,9.3,0.0161
2026-01-12,21,13634,251698.0,3.79,8.14,0.0095
2026-01-12,22,18325,333990.0,3.85,8.25,0.0092
2026-01-12,23,7484,168631.0,5.28,12.34,0.0527
2026-01-12,24,5948,137476.0,3.63,7.72,0.0083
2026-01-12,25,29242,741771.0,3.91,8.22,0.0095
2026-01-12,26,27106,481617.0,4.32,8.79,0.0135
2026-01-12,27,150,5538.0,10.24,20.52,0.2406
2026-01-12,28,12409,247550.0,4.17,9.04,0.0132
2026-01-12,29,10586,197840.0,3.76,8.13,0.0095
2026-01-12,30,258,6497.0,7.56,16.72,0.1325
2026-01-12,31,1245,23084.0,4.45,9.76,0.0163
2026-01-12,32,12390,227704.0,4.24,9.65,0.0202
2026-01-12,33,22971,661908.0,3.65,7.46,0.0071
2026-01-12,34,2852,66493.0,3.97,8.48,0.0176
2026-01-12,35,28978,512816.0,4.76,10.66,0.029
2026-01-12,36,44337,925758.0,3.9,8.99,0.0152
2026-01-12,37,56549,1187204.0,3.99,8.96,0.0151
2026-01-12,38,6211,139155.0,4.56,10.19,0.026
2026-01-12,39,36103,642141.0,4.55,10.14,0.0252
2026-01-12,40,12346,308633.0,3.6,7.18,0.0054
2026-01-12,41,31811,637596.0,4.06,8.57,0.0103
2026-01-12,42,43102,807566.0,4.4,9.63,0.0176
2026-01-12,43,6214,187135.0,3.41,7.12,0.0041
2026-01-12,44,2258,59085.0,6.12,14.2,0.0801
2026-01-12,45,11709,315136.0,3.69,7.79,0.0084
2026-01-12,46,708,22838.0,8.61,16.9,0.1505
2026-01-12,47,16571,279320.0,4.35,9.42,0.0147
2026-01-12,48,43947,1416073.0,3.11,6.53,0.0034
2026-01-12,49,29969,661488.0,3.75,8.12,0.0098
2026-01-12,50,22741,642988.0,3.46,6.95,0.0051
2026-01-12,51,18660,375820.0,4.93,10.55,0.0271
2026-01-12,52,8101,209057.0,3.37,6.73,0.0034
2026-01-12,53,7596,176808.0,4.98,11.66,0.0386
2026-01-12,54,2964,73891.0,3.63,7.73,0.0058
2026-01-12,55,13304,279247.0,4.19,9.51,0.0207
2026-01-12,56,15660,287957.0,4.14,8.94,0.013
2026-01-12,57,1220,22311.0,4.41,9.73,0.0157
2026-01-12,58,1665,35741.0,5.39,11.85,0.0281
2026-01-12,59,576,10901.0,4.64,10.29,0.0285
2026-01-12,60,11290,197199.0,4.75,10.56,0.0291
2026-01-12,61,63807,1266440.0,4.26,9.6,0.0179
2026-01-12,62,17995,363668.0,4.35,9.25,0.0151
2026-01-12,63,15743,308577.0,4.2,9.64,0.0206
2026-01-12,64,3247,80868.0,5.79,12.38,0.0443
2026-01-12,65,22254,572109.0,4.1,8.96,0.0142
2026-01-12,66,17538,488414.0,3.79,8.0,0.0083
2026-01-12,67,9197,180587.0,3.91,8.43,0.0093
2026-01-12,68,51482,1839773.0,3.07,6.44,0.0033
2026-01-12,69,25516,464087.0,4.38,9.86,0.0195
2026-01-12,70,11737,246511.0,3.81,8.66,0.0141
2026-01-12,71,20589,380986.0,4.37,9.66,0.0204
2026-01-12,72,24419,435929.0,4.75,10.53,0.0268
2026-01-12,73,5296,98776.0,4.1,9.17,0.0144
2026-01-12,74,32899,621958.0,4.37,9.29,0.015
2026-01-12,75,29919,691392.0,4.17,9.07,0.0142
2026-01-12,76,55933,979002.0,4.32,9.5,0.0202
2026-01-12,77,13905,253538.0,4.39,10.06,0.0226
2026-01-12,78,22129,398302.0,4.27,9.93,0.0218
2026-01-12,79,57450,1488129.0,3.11,6.7,0.004
2026-01-12,80,41805,877011.0,3.73,8.28,0.0112
2026-01-12,81,14469,253399.0,4.84,10.59,0.0292
2026-01-12,82,36522,652367.0,3.84,8.53,0.0111
2026-01-12,83,12227,217468.0,3.93,8.45,0.0106
2026-01-12,84,2355,56691.0,5.58,11.87,0.0435
2026-01-12,85,15670,310550.0,4.24,9.31,0.0193
2026-01-12,86,11213,248231.0,5.82,13.35,0.0654
2026-01-12,87,26654,977318.0,3.44,7.01,0.0046
2026-01-12,88,12585,499226.0,3.39,7.05,0.0061
2026-01-12,89,39169,806281.0,3.96,8.48,0.0122
2026-01-12,90,31152,935267.0,2.95,6.0,0.002
2026-01-12,91,24257,466275.0,4.41,9.46,0.0206
2026-01-12,92,26158,576929.0,4.24,9.61,0.023
2026-01-12,93,1491,34281.0,4.15,9.77,0.0176
2026-01-12,94,10122,176798.0,4.27,9.84,0.0167
2026-01-12,95,34174,699248.0,4.01,8.7,0.0127
2026-01-12,96,568,11439.0,4.54,9.7,0.023
2026-01-12,97,32713,755570.0,3.83,8.25,0.0108
2026-01-12,98,4541,97587.0,4.66,10.41,0.0205
2026-01-12,99,151,3581.0,5.62,12.0,0.0276
2026-01-12,100,26820,1040042.0,3.16,7.11,0.0064
2026-01-12,101,4649,120733.0,4.99,11.23,0.0345
2026-01-12,102,12031,230004.0,4.34,9.83,0.0214
2026-01-12,106,11741,256934.0,3.82,7.66,0.0075
2026-01-12,107,34514,967833.0,3.1,6.11,0.0027
2026-01-12,108,7781,149006.0,3.86,8.3,0.0102
2026-01-12,109,3612,83913.0,5.63,12.91,0.0543
2026-01-12,110,8,420.0,6.1,7.53,0.0
2026-01-12,111,151,2998.0,3.55,5.99,0.0133
2026-01-12,112,48227,1100323.0,3.54,7.46,0.0067
2026-01-12,113,25356,748966.0,3.11,6.27,0.0032
2026-01-12,114,27821,799688.0,3.1,6.66,0.0042
2026-01-12,115,3935,74688.0,5.61,12.81,0.0519
2026-01-12,116,21910,432601.0,4.18,9.14,0.0145
2026-01-12,117,7735,179967.0,5.97,13.95,0.0788
2026-01-12,118,4785,113649.0,5.33,12.38,0.0487
2026-01-12,119,16240,292897.0,4.33,9.79,0.0164
2026-01-12,120,388,7509.0,4.16,8.86,0.0104
2026-01-12,121,10630,228005.0,4.35,9.72,0.0189
2026-01-12,122,6478,126670.0,4.52,10.28,0.0277
2026-01-12,123,15178,291236.0,3.71,7.75,0.0065
2026-01-12,124,7435,154675.0,4.76,10.21,0.0239
2026-01-12,125,17071,577011.0,3.13,6.13,0.0028
2026-01-12,126,15055,270874.0,4.64,10.57,0.0278
2026-01-12,127,17771,359646.0,3.69,8.3,0.0091
2026-01-12,128,1491,33843.0,3.69,7.35,0.0088
2026-01-12,129,38006,694237.0,3.93,8.5,0.0102
2026-01-12,130,38192,761612.0,4.09,9.29,0.02
2026-01-12,131,7964,172249.0,4.3,9.43,0.0167
2026-01-12,132,71659,5506740.0,6.19,13.63,0.0762
2026-01-12,133,9483,194279.0,3.78,7.85,0.0089
2026-01-12,134,11858,244520.0,3.83,8.27,0.0099
2026-01-12,135,8782,192193.0,4.25,9.39,0.0144
2026-01-12,136,12466,235637.0,4.25,9.49,0.0148
2026-01-12,137,24654,629978.0,3.42,7.05,0.0058
2026-01-12,138,83890,4797273.0,4.95,13.01,0.0629
2026-01-12,139,10197,194470.0,4.6,10.05,0.0246
2026-01-12,140,27759,812495.0,3.66,7.75,0.0088
2026-01-12,141,30698,861715.0,3.42,6.61,0.0029
2026-01-12,142,30549,953556.0,3.26,6.53,0.0028
2026-01-12,143,23217,655138.0,3.51,6.98,0.0036
2026-01-12,144,32192,946760.0,3.28,6.6,0.0039
2026-01-12,145,39734,889511.0,3.43,7.25,0.0057
2026-01-12,146,12262,269388.0,3.39,7.14,0.0064
2026-01-12,147,10085,183148.0,4.14,9.63,0.0149
2026-01-12,148,46520,1293977.0,3.39,7.75,0.0113
2026-01-12,149,12402,229234.0,3.64,7.48,0.0067
2026-01-12,150,5075,104568.0,3.9,8.49,0.012
2026-01-12,151,12781,317424.0,3.68,7.77,0.0062
2026-01-12,152,9749,195188.0,4.17,8.86,0.0161
2026-01-12,153,4555,78466.0,4.27,9.5,0.0173
2026-01-12,154,241,6626.0,4.96,10.68,0.0294
2026-01-12,155,13247,283656.0,4.45,10.03,0.0259
2026-01-12,156,7015,125270.0,4.95,11.33,0.0385
2026-01-12,157,14159,270556.0,4.23,9.12,0.0148
2026-01-12,158,25818,821049.0,3.18,6.21,0.0025
2026-01-12,159,22878,411366.0,4.08,9.25,0.0163
2026-01-12,160,11185,214747.0,4.27,9.15,0.0163
2026-01-12,161,58956,2385505.0,3.2,6.83,0.0047
2026-01-12,162,36997,1439250.0,3.03,6.01,0.0021
2026-01-12,163,38940,1558380.0,3.02,6.07,0.0019
2026-01-12,164,47018,1646752.0,3.12,6.54,0.0038
2026-01-12,165,15863,328461.0,3.73,7.66,0.0066
2026-01-12,166,16147,372955.0,3.48,7.26,0.0063
2026-01-12,167,18633,329805.0,4.27,9.47,0.0143
2026-01-12,168,32018,605196.0,4.34,9.7,0.0175
2026-01-12,169,23203,403494.0,4.28,9.7,0.0187
2026-01-12,170,42276,1312415.0,3.22,6.5,0.0033
2026-01-12,171,10235,196628.0,3.99,8.77,0.0115
2026-01-12,172,3163,68090.0,5.31,13.02,0.0602
2026-01-12,173,13279,234485.0,4.36,9.78,0.0175
2026-01-12,174,22945,449285.0,4.04,9.19,0.016
2026-01-12,175,3758,88389.0,4.61,10.75,0.0227
2026-01-12,176,1669,39975.0,5.38,12.29,0.0466
2026-01-12,177,21293,396931.0,4.59,10.37,0.0251
2026-01-12,178,5006,105879.0,3.83,7.75,0.0045
2026-01-12,179,18266,380058.0,3.65,7.63,0.0067
2026-01-12,180,8066,142520.0,3.94,8.3,0.0095
2026-01-12,181,48709,1135099.0,3.35,6.87,0.0052
2026-01-12,182,13129,247222.0,4.19,9.4,0.019
2026-01-12,183,6516,122106.0,4.19,9.29,0.0174
2026-01-12,184,832,13953.0,4.35,10.31,0.0315
2026-01-12,185,16034,309914.0,4.28,9.45,0.0177
2026-01-12,186,27311,930697.0,2.87,6.6,0.0045
2026-01-12,187,3784,69518.0,4.99,11.81,0.0425
2026-01-12,188,36828,731828.0,4.24,9.09,0.0152
2026-01-12,189,19022,435667.0,3.67,7.66,0.0083
2026-01-12,190,2370,53032.0,3.93,8.32,0.0123
2026-01-12,191,14804,302598.0,4.45,9.97,0.0236
2026-01-12,192,6319,126730.0,3.98,8.88,0.0109
2026-01-12,193,7937,167336.0,3.88,8.62,0.0114
2026-01-12,194,510,16996.0,5.99,12.12,0.0565
2026-01-12,195,8656,231789.0,4.4,9.75,0.0241
2026-01-12,196,13486,262241.0,4.07,8.8,0.0132
2026-01-12,197,21869,408174.0,4.05,8.78,0.0142
2026-01-12,198,33181,685947.0,4.09,9.08,0.0182
2026-01-12,199,1,79.0,8.53,8.53,0.0
2026-01-12,200,10465,277682.0,4.63,10.04,0.0237
2026-01-12,201,2963,85389.0,5.58,13.24,0.0648
2026-01-12,202,2733,80253.0,5.42,11.15,0.0357
2026-01-12,203,9562,185404.0,5.57,11.79,0.0424
2026-01-12,204,1258,31875.0,5.28,12.45,0.0483
2026-01-12,205,20544,397972.0,4.76,10.52,0.0305
2026-01-12,206,10271,187497.0,4.74,11.77,0.0451
2026-01-12,207,828,12547.0,3.31,6.81,0.0036
2026-01-12,208,15979,317792.0,4.56,10.45,0.0243
2026-01-12,209,9580,322310.0,3.8,7.5,0.0058
2026-01-12,210,16601,297507.0,3.73,7.88,0.0104
2026-01-12,211,25945,805579.0,3.03,6.05,0.0019
2026-01-12,212,13604,226977.0,4.32,9.8,0.0211
2026-01-12,213,24201,434430.0,4.76,10.65,0.0289
2026-01-12,214,4228,94767.0,4.66,11.32,0.0441
2026-01-12,215,15137,271924.0,4.5,10.01,0.0237
2026-01-12,216,29837,547823.0,3.75,8.18,0.011
2026-01-12,217,9053,145354.0,4.54,9.41,0.0165
2026-01-12,218,10638,209437.0,4.55,9.85,0.022
2026-01-12,219,8775,175958.0,4.85,10.37,0.0247
2026-01-12,220,18075,353100.0,4.1,8.76,0.0124
2026-01-12,221,7141,131693.0,5.09,11.73,0.0448
2026-01-12,222,6232,121197.0,4.8,10.27,0.0252
2026-01-12,223,23711,478873.0,3.32,6.99,0.0051
2026-01-12,224,8959,227284.0,4.21,8.57,0.0082
2026-01-12,225,38953,811162.0,4.31,9.57,0.018
2026-01-12,226,32863,683689.0,4.05,9.21,0.0189
2026-01-12,227,12664,248696.0,4.15,9.19,0.0176
2026-01-12,228,24938,539637.0,4.17,8.51,0.0125
2026-01-12,229,25301,744829.0,3.14,6.02,0.0019
2026-01-12,230,61179,2555853.0,3.15,7.11,0.006
2026-01-12,231,51965,1747012.0,3.19,6.1,0.0022
2026-01-12,232,18664,471930.0,4.34,9.19,0.0161
2026-01-12,233,23502,696450.0,3.31,6.47,0.0025
2026-01-12,234,52257,1667303.0,3.13,6.28,0.0027
2026-01-12,235,20818,373167.0,4.72,10.67,0.0242
2026-01-12,236,33522,1020829.0,3.44,6.59,0.0032
2026-01-12,237,38202,1245012.0,3.07,5.84,0.0015
2026-01-12,238,23388,658753.0,3.52,7.06,0.0056
2026-01-12,239,28334,836818.0,3.35,6.69,0.004
2026-01-12,240,3240,56821.0,4.84,10.64,0.0236
2026-01-12,241,18144,333125.0,4.3,9.26,0.0152
2026-01-12,242,20810,421855.0,4.17,9.3,0.0183
2026-01-12,243,25278,534825.0,3.92,8.66,0.0115
2026-01-12,244,36475,803043.0,3.84,8.53,0.0126
2026-01-12,245,3929,78144.0,5.23,12.2,0.0488
2026-01-12,246,54148,1909172.0,3.59,7.63,0.0082
2026-01-12,247,25106,436287.0,4.41,9.64,0.0175
2026-01-12,248,12010,207853.0,4.41,10.0,0.0215
2026-01-12,249,41937,1205000.0,3.17,6.62,0.0028
2026-01-12,250,12958,241586.0,4.16,9.24,0.0146
2026-01-12,251,3971,78087.0,4.79,10.88,0.0327
2026-01-12,252,6472,147074.0,4.77,10.75,0.0272
2026-01-12,253,137,3776.0,4.08,11.24,0.0219
2026-01-12,254,24807,440304.0,4.75,10.7,0.0306
2026-01-12,255,50080,1243222.0,3.44,7.59,0.0073
2026-01-12,256,43438,1003182.0,3.6,7.85,0.0104
2026-01-12,257,7710,183151.0,3.58,7.13,0.0042
2026-01-12,258,15778,313623.0,4.26,9.37,0.018
2026-01-12,259,17678,323917.0,5.15,11.27,0.0368
2026-01-12,260,21610,380298.0,3.52,7.56,0.0056
2026-01-12,261,17727,725892.0,3.59,7.45,0.0062
2026-01-12,262,16505,446063.0,3.94,7.91,0.0077
2026-01-12,263,25430,699891.0,3.66,7.2,0.0053
2026-01-12,265,237,5600.0,6.94,16.4,0.1261
2026-01-19,2,5,113.0,4.63,5.92,0.0
2026-01-19,3,11156,188527.0,4.24,9.82,0.0271
2026-01-19,4,12756,292103.0,4.02,8.75,0.0161
2026-01-19,5,1384,34978.0,6.18,13.95,0.0751
2026-01-19,6,2617,55812.0,5.04,12.09,0.051
2026-01-19,7,44952,848363.0,3.53,7.9,0.0119
2026-01-19,8,102,1818.0,3.65,9.37,0.02
2026-01-19,9,4105,81388.0,4.19,9.56,0.0245
2026-01-19,10,14533,283316.0,4.36,10.06,0.0302
2026-01-19,11,6213,114634.0,4.07,9.55,0.0202
2026-01-19,12,265,8744.0,3.35,6.91,0.0154
2026-01-19,13,19900,702676.0,3.67,7.43,0.0053
2026-01-19,14,27312,552659.0,3.78,8.25,0.0128
2026-01-19,15,3388,85519.0,5.28,12.24,0.0443
2026-01-19,16,9706,213759.0,4.16,9.74,0.0238
2026-01-19,17,40424,760109.0,4.28,9.86,0.0244
2026-01-19,18,22463,389146.0,4.26,10.01,0.0242
2026-01-19,19,4173,90692.0,5.05,11.06,0.0302
2026-01-19,20,13565,249329.0,4.03,9.62,0.0205
2026-01-19,21,13911,238520.0,4.02,9.21,0.0182
2026-01-19,22,18221,316042.0,4.08,9.36,0.0185
2026-01-19,23,7078,154319.0,5.46,13.1,0.0658
2026-01-19,24,6486,138792.0,3.65,7.97,0.0093
2026-01-19,25,27126,676296.0,3.88,8.31,0.0128
2026-01-19,26,29885,492970.0,4.66,10.42,0.0309
2026-01-19,27,165,6988.0,10.39,21.57,0.2917
2026-01-19,28,12055,228971.0,4.32,10.01,0.0236
2026-01-19,29,10745,189900.0,3.95,9.06,0.0215
2026-01-19,30,267,7197.0,8.73,20.19,0.1922
2026-01-19,31,1155,21235.0,4.48,10.14,0.033
2026-01-19,32,11632,208847.0,4.3,10.18,0.0281
2026-01-19,33,22292,619955.0,3.72,7.65,0.0089
2026-01-19,34,4306,108555.0,4.62,11.77,0.0531
2026-01-19,35,27787,481231.0,4.85,11.31,0.0381
2026-01-19,36,41220,814022.0,3.97,9.5,0.0208
2026-01-19,37,54940,1111704.0,4.05,9.47,0.0216
2026-01-19,38,5473,118789.0,4.76,11.03,0.0372
2026-01-19,39,34556,602024.0,4.67,10.82,0.036
2026-01-19,40,12000,287413.0,3.67,7.45,0.0095
2026-01-19,41,30599,586401.0,4.03,8.7,0.0145
2026-01-19,42,40489,747864.0,4.37,9.87,0.0221
2026-01-19,43,5285,157751.0,3.37,7.3,0.0075
2026-01-19,44,2173,56173.0,6.01,14.68,0.0922
2026-01-19,45,10749,282690.0,3.81,8.12,0.0118
2026-01-19,46,634,20928.0,9.09,16.65,0.1526
2026-01-19,47,15728,262458.0,4.33,10.02,0.0249
2026-01-19,48,39186,1174086.0,3.23,7.02,0.0074
2026-01-19,49,29023,620326.0,3.72,8.26,0.0136
2026-01-19,50,21647,576149.0,3.55,7.15,0.0062
2026-01-19,51,17616,352805.0,5.09,11.31,0.0375
2026-01-19,52,7997,198710.0,3.45,7.1,0.0078
2026-01-19,53,7349,165871.0,5.16,12.67,0.0575
2026-01-19,54,2888,68873.0,3.82,7.9,0.0074
2026-01-19,55,13125,257476.0,4.43,10.44,0.0295
2026-01-19,56,15286,275412.0,4.4,10.25,0.0281
2026-01-19,57,1126,20260.0,4.57,11.17,0.0386
2026-01-19,58,1643,33943.0,5.48,12.48,0.0446
2026-01-19,59,477,8453.0,4.57,10.72,0.0298
2026-01-19,60,10631,178398.0,4.77,11.07,0.0362
2026-01-19,61,61289,1172658.0,4.29,10.01,0.0236
2026-01-19,62,17100,332841.0,4.42,10.04,0.0239
2026-01-19,63,14491,272897.0,4.35,10.26,0.0289
2026-01-19,64,3263,79498.0,5.98,13.46,0.0633
2026-01-19,65,20458,512380.0,4.09,9.0,0.0152
2026-01-19,66,16445,445950.0,3.76,8.14,0.0112
2026-01-19,67,9022,166649.0,4.07,9.24,0.0191
2026-01-19,68,47475,1616772.0,3.18,6.96,0.0068
2026-01-19,69,24119,430151.0,4.4,10.42,0.029
2026-01-19,70,10719,221401.0,4.1,9.98,0.0288
2026-01-19,71,19371,349172.0,4.49,10.48,0.0301
2026-01-19,72,23216,406724.0,4.87,11.21,0.0373
2026-01-19,73,5125,96692.0,4.33,10.08,0.0279
2026-01-19,74,31207,577767.0,4.45,9.57,0.019
2026-01-19,75,29006,657093.0,4.22,9.29,0.0178
2026-01-19,76,51750,894133.0,4.49,10.35,0.03
2026-01-19,77,13202,238020.0,4.58,10.86,0.0324
2026-01-19,78,21138,370571.0,4.38,10.33,0.0285
2026-01-19,79,58309,1438330.0,3.28,7.14,0.0081
2026-01-19,80,39058,800385.0,3.77,8.52,0.0143
2026-01-19,81,14030,236276.0,4.92,11.2,0.0402
2026-01-19,82,36145,615209.0,4.0,9.31,0.019
2026-01-19,83,12022,207637.0,4.12,9.38,0.021
2026-01-19,84,2119,52159.0,5.74,13.34,0.065
2026-01-19,85,14266,266461.0,4.28,9.58,0.0233
2026-01-19,86,10714,235670.0,6.08,13.86,0.0772
2026-01-19,87,25636,895364.0,3.5,7.2,0.0068
2026-01-19,88,11417,413408.0,3.52,7.34,0.0074
2026-01-19,89,37360,730997.0,4.05,9.05,0.0171
2026-01-19,90,29947,844623.0,3.02,6.28,0.0038
2026-01-19,91,23008,425849.0,4.53,10.26,0.031
2026-01-19,92,25067,532061.0,4.5,10.55,0.0323
2026-01-19,93,1211,26995.0,4.32,10.19,0.0234
2026-01-19,94,9901,168392.0,4.3,10.14,0.0251
2026-01-19,95,33192,657973.0,4.17,9.35,0.0209
2026-01-19,96,485,9533.0,4.5,10.5,0.0479
2026-01-19,97,31778,711384.0,3.78,8.37,0.0151
2026-01-19,98,4260,90280.0,4.68,11.05,0.0348
2026-01-19,99,130,3011.0,6.68,15.08,0.1085
2026-01-19,100,23853,896952.0,3.3,7.59,0.0082
2026-01-19,101,4539,113160.0,5.26,12.52,0.0601
2026-01-19,102,12018,224243.0,4.42,10.45,0.0309
2026-01-19,105,1,31.0,5.43,5.43,0.0
2026-01-19,106,11563,247486.0,3.93,7.91,0.0115
2026-01-19,107,34322,917336.0,3.24,6.61,0.0046
2026-01-19,108,7434,135962.0,4.01,9.19,0.0168
2026-01-19,109,3404,76764.0,5.56,13.33,0.0699
2026-01-19,110,5,272.0,9.32,12.43,0.0
2026-01-19,111,156,3318.0,3.42,7.38,0.0065
2026-01-19,112,46430,1025998.0,3.6,8.04,0.0119
2026-01-19,113,27018,749280.0,3.16,6.46,0.0041
2026-01-19,114,28630,783509.0,3.25,7.12,0.0059
2026-01-19,115,3852,72118.0,5.64,12.97,0.0564
2026-01-19,116,20573,401554.0,4.16,9.43,0.0199
2026-01-19,117,7566,173934.0,6.21,14.35,0.0866
2026-01-19,118,4540,104479.0,5.62,13.48,0.0702
2026-01-19,119,15322,269246.0,4.32,10.25,0.0254
2026-01-19,120,354,7286.0,4.01,9.21,0.0229
2026-01-19,121,10884,225577.0,4.52,10.37,0.0263
2026-01-19,122,6082,118599.0,4.66,11.0,0.0374
2026-01-19,123,13814,232970.0,3.78,8.37,0.0148
2026-01-19,124,7098,144793.0,4.99,11.19,0.0361
2026-01-19,125,16480,523808.0,3.26,6.42,0.0039
2026-01-19,126,14487,254215.0,4.67,11.12,0.0354
2026-01-19,127,16711,333760.0,3.76,8.72,0.0171
2026-01-19,128,1393,32557.0,3.79,9.56,0.0315
2026-01-19,129,38083,670707.0,4.16,9.51,0.0232
2026-01-19,130,35616,687811.0,4.23,10.09,0.0289
2026-01-19,131,7532,155997.0,4.32,9.7,0.0214
2026-01-19,132,68226,5151043.0,6.38,14.09,0.0841
2026-01-19,133,9810,190581.0,3.9,8.66,0.0151
2026-01-19,134,10959,219001.0,3.9,9.04,0.0201
2026-01-19,135,8071,170617.0,4.45,9.99,0.0264
2026-01-19,136,11743,213059.0,4.2,9.8,0.0218
2026-01-19,137,24770,596552.0,3.56,7.66,0.0092
2026-01-19,138,78851,4463340.0,5.56,13.28,0.0675
2026-01-19,139,9555,184362.0,4.74,10.94,0.0378
2026-01-19,140,27688,774506.0,3.78,8.3,0.0116
2026-01-19,141,30446,809026.0,3.5,6.96,0.0052
2026-01-19,142,30518,920362.0,3.34,6.8,0.006
2026-01-19,143,22737,608321.0,3.53,7.09,0.0059
2026-01-19,144,31080,859417.0,3.35,6.87,0.0055
2026-01-19,145,40655,874593.0,3.57,7.95,0.0133
2026-01-19,146,11765,249797.0,3.48,7.84,0.013
2026-01-19,147,9580,168372.0,4.24,10.1,0.0235
2026-01-19,148,43482,1142678.0,3.44,7.76,0.0091
2026-01-19,149,12379,211993.0,3.79,8.32,0.0155
2026-01-19,150,4943,96505.0,4.08,9.78,0.0204
2026-01-19,151,13128,307957.0,3.71,7.75,0.0089
2026-01-19,152,9877,197113.0,4.07,9.04,0.0158
2026-01-19,153,4398,72877.0,4.31,9.9,0.0236
2026-01-19,154,243,5289.0,4.66,12.56,0.0661
2026-01-19,155,12692,262209.0,4.66,10.74,0.0335
2026-01-19,156,6519,113455.0,5.07,11.96,0.05
2026-01-19,157,13519,256945.0,4.39,9.87,0.0249
2026-01-19,158,24980,750683.0,3.3,6.53,0.0032
2026-01-19,159,21239,371997.0,4.07,9.53,0.0196
2026-01-19,160,11008,207724.0,4.42,10.04,0.0254
2026-01-19,161,53595,2084763.0,3.29,7.22,0.0069
2026-01-19,162,35237,1316626.0,3.14,6.37,0.0036
2026-01-19,163,35494,1347528.0,3.06,6.35,0.0039
2026-01-19,164,43992,1473336.0,3.28,7.12,0.0069
2026-01-19,165,15400,295850.0,3.83,8.63,0.0163
2026-01-19,166,19795,431576.0,3.44,7.29,0.0078
2026-01-19,167,17442,305172.0,4.32,9.86,0.0237
2026-01-19,168,30243,558012.0,4.4,10.09,0.0237
2026-01-19,169,22239,382900.0,4.35,10.18,0.0253
2026-01-19,170,40704,1208893.0,3.29,6.69,0.0051
2026-01-19,171,9937,187186.0,4.11,9.47,0.0225
2026-01-19,172,3058,64445.0,5.34,13.25,0.0641
2026-01-19,173,12921,221507.0,4.72,11.1,0.0372
2026-01-19,174,22036,430709.0,4.12,9.58,0.0226
2026-01-19,175,3537,83072.0,4.81,11.42,0.0335
2026-01-19,176,1624,39578.0,5.54,12.85,0.0609
2026-01-19,177,20075,363631.0,4.71,10.94,0.0333
2026-01-19,178,4906,87373.0,4.02,8.9,0.018
2026-01-19,179,17185,338919.0,3.8,8.55,0.0162
2026-01-19,180,7940,138045.0,4.17,9.62,0.024
2026-01-19,181,48278,1077572.0,3.39,7.12,0.0089
2026-01-19,182,12258,223109.0,4.24,9.88,0.0271
2026-01-19,183,6422,116170.0,4.26,9.99,0.0239
2026-01-19,184,728,12003.0,4.53,9.79,0.0236
2026-01-19,185,15145,286156.0,4.31,10.03,0.029
2026-01-19,186,27446,947999.0,3.04,7.73,0.0124
2026-01-19,187,3595,63210.0,5.1,12.37,0.0543
2026-01-19,188,35674,683118.0,4.3,9.65,0.0218
2026-01-19,189,18226,399974.0,3.7,8.04,0.0115
2026-01-19,190,2021,44598.0,3.94,8.51,0.012
2026-01-19,191,13999,286755.0,4.6,10.79,0.035
2026-01-19,192,6123,121924.0,4.07,9.39,0.0219
2026-01-19,193,7358,149226.0,4.21,10.07,0.0316
2026-01-19,194,544,18385.0,6.21,13.55,0.0583
2026-01-19,195,8242,218267.0,4.52,10.93,0.0471
2026-01-19,196,12573,239438.0,4.29,9.76,0.0219
2026-01-19,197,20900,380636.0,4.23,9.71,0.0249
2026-01-19,198,32395,643359.0,4.17,9.76,0.0243
2026-01-19,200,10238,261407.0,4.68,10.56,0.0329
2026-01-19,201,2803,75009.0,5.74,14.02,0.0821
2026-01-19,202,2511,72935.0,5.62,11.8,0.0417
2026-01-19,203,8836,165739.0,5.84,12.67,0.0532
2026-01-19,204,1222,30603.0,5.49,12.89,0.0473
2026-01-19,205,19477,369820.0,4.92,11.23,0.0416
2026-01-19,206,9588,169346.0,4.6,11.87,0.0544
2026-01-19,207,730,10479.0,3.45,6.86,0.0027
2026-01-19,208,14998,291731.0,4.69,10.96,0.0349
2026-01-19,209,9062,289506.0,3.85,7.82,0.0088
2026-01-19,210,16753,286839.0,3.94,8.96,0.0183
2026-01-19,211,24533,721229.0,3.12,6.3,0.0032
2026-01-19,212,13002,214398.0,4.4,10.3,0.0312
2026-01-19,213,23047,401397.0,4.82,11.26,0.0388
2026-01-19,214,4076,89630.0,4.74,11.76,0.0464
2026-01-19,215,13952,243179.0,4.69,10.94,0.037
2026-01-19,216,28820,515514.0,4.0,9.29,0.0241
2026-01-19,217,10431,156983.0,4.77,10.55,0.0341
2026-01-19,218,9886,190343.0,4.78,10.61,0.0334
2026-01-19,219,8156,160352.0,5.08,11.19,0.0392
2026-01-19,220,17883,340633.0,4.2,9.31,0.0207
2026-01-19,221,6589,117341.0,4.92,12.16,0.0493
2026-01-19,222,5883,113412.0,4.99,11.45,0.0406
2026-01-19,223,23550,452187.0,3.48,7.87,0.0127
2026-01-19,224,9169,222683.0,4.36,8.92,0.0133
2026-01-19,225,37591,759110.0,4.34,9.97,0.0248
2026-01-19,226,33572,688988.0,4.17,9.67,0.024
2026-01-19,227,12600,229161.0,4.3,9.9,0.0245
2026-01-19,228,24374,507507.0,4.28,9.12,0.0173
2026-01-19,229,25611,728702.0,3.27,6.42,0.0045
2026-01-19,230,52777,2090388.0,3.35,8.05,0.0115
2026-01-19,231,51688,1620825.0,3.28,6.37,0.0032
2026-01-19,232,18740,468142.0,4.44,9.52,0.019
2026-01-19,233,23307,648387.0,3.47,6.95,0.0056
2026-01-19,234,50703,1518437.0,3.19,6.59,0.0045
2026-01-19,235,19440,344478.0,4.77,11.09,0.0334
2026-01-19,236,34770,1013487.0,3.52,6.8,0.0053
2026-01-19,237,39478,1212573.0,3.15,6.13,0.0032
2026-01-19,238,23820,624560.0,3.55,7.2,0.0082
2026-01-19,239,28099,796720.0,3.39,6.89,0.0067
2026-01-19,240,3130,54393.0,4.99,11.06,0.0353
2026-01-19,241,17391,321932.0,4.35,9.8,0.0229
2026-01-19,242,19791,391503.0,4.34,10.09,0.0315
2026-01-19,243,24073,505878.0,3.95,9.04,0.0171
2026-01-19,244,34896,752351.0,3.86,8.83,0.0183
2026-01-19,245,3761,73182.0,4.99,11.88,0.054
2026-01-19,246,47230,1503469.0,3.55,7.35,0.0068
2026-01-19,247,24099,408601.0,4.4,10.01,0.0236
2026-01-19,248,11907,201848.0,4.51,10.61,0.0303
2026-01-19,249,41775,1140113.0,3.3,6.87,0.0047
2026-01-19,250,12321,219015.0,4.27,10.18,0.0265
2026-01-19,251,3793,72215.0,4.82,10.85,0.0335
2026-01-19,252,6290,137379.0,4.97,11.56,0.0387
2026-01-19,253,147,4035.0,3.9,9.76,0.0347
2026-01-19,254,23686,412809.0,4.83,11.25,0.0392
2026-01-19,255,49062,1152605.0,3.63,8.11,0.0113
2026-01-19,256,41722,944348.0,3.75,8.36,0.0139
2026-01-19,257,7417,169597.0,3.66,7.72,0.0084
2026-01-19,258,15149,295739.0,4.38,10.23,0.0281
2026-01-19,259,16992,305469.0,5.19,11.72,0.0459
2026-01-19,260,22050,383922.0,3.76,8.59,0.0168
2026-01-19,261,15139,598033.0,3.61,7.63,0.0088
2026-01-19,262,16630,437260.0,4.06,8.23,0.0119
2026-01-19,263,25580,674039.0,3.72,7.59,0.0083
2026-01-19,265,230,5259.0,7.2,15.83,0.12
2026-01-26,1,2,56.0,89.4,89.4,1.0
2026-01-26,2,4,117.0,5.74,20.23,0.25
2026-01-26,3,13208,255437.0,5.71,12.68,0.0564
2026-01-26,4,13448,372427.0,4.93,10.55,0.0318
2026-01-26,5,1671,44501.0,7.55,15.49,0.1089
2026-01-26,6,3214,73301.0,6.75,15.32,0.1078
2026-01-26,7,52383,1090258.0,4.93,11.01,0.0351
2026-01-26,8,112,2393.0,4.88,10.94,0.0268
2026-01-26,9,5628,123833.0,5.39,12.31,0.0507
2026-01-26,10,18203,413543.0,5.81,13.93,0.0798
2026-01-26,11,8359,170170.0,5.3,11.97,0.0455
2026-01-26,12,219,9570.0,4.79,11.05,0.0276
2026-01-26,13,19922,847289.0,4.7,9.63,0.0192
2026-01-26,14,37078,815700.0,5.21,11.26,0.0376
2026-01-26,15,4256,110187.0,6.53,14.21,0.0811
2026-01-26,16,13170,303202.0,5.54,12.51,0.0528
2026-01-26,17,44735,1034999.0,6.23,14.36,0.0867
2026-01-26,18,24080,496252.0,5.77,13.15,0.0632
2026-01-26,19,5501,131981.0,5.95,13.27,0.0631
2026-01-26,20,15227,340780.0,5.62,12.65,0.0555
2026-01-26,21,18971,373982.0,5.34,12.22,0.0499
2026-01-26,22,24902,479828.0,5.58,12.56,0.0555
2026-01-26,23,9896,238004.0,6.89,15.06,0.1011
2026-01-26,24,6433,165330.0,4.84,10.11,0.0254
2026-01-26,25,27531,834926.0,5.49,11.56,0.0413
2026-01-26,26,42258,822626.0,7.17,15.44,0.1096
2026-01-26,27,165,6611.0,11.48,22.98,0.3611
2026-01-26,28,15012,330064.0,6.0,13.64,0.0716
2026-01-26,29,14269,280716.0,5.27,11.72,0.0436
2026-01-26,30,278,8475.0,9.95,19.87,0.2395
2026-01-26,31,1558,32060.0,6.12,13.22,0.0701
2026-01-26,32,13273,274725.0,6.06,13.48,0.0693
2026-01-26,33,22863,763110.0,5.17,10.81,0.0322
2026-01-26,34,3353,97224.0,6.26,13.63,0.0716
2026-01-26,35,30006,624965.0,7.13,15.24,0.1053
2026-01-26,36,41376,949753.0,5.56,12.22,0.0487
2026-01-26,37,56543,1387361.0,5.68,12.74,0.0583
2026-01-26,38,7150,186524.0,6.13,13.91,0.0781
2026-01-26,39,41785,854575.0,6.64,14.31,0.0846
2026-01-26,40,13553,367437.0,5.1,10.35,0.0291
2026-01-26,41,30369,703025.0,5.52,11.49,0.04
2026-01-26,42,40989,913048.0,5.81,12.44,0.0494
2026-01-26,43,5566,197668.0,4.49,9.35,0.0211
2026-01-26,44,2465,69065.0,7.22,15.78,0.124
2026-01-26,45,10895,338174.0,5.03,10.49,0.0275
2026-01-26,46,747,27143.0,9.87,19.21,0.2249
2026-01-26,47,17149,348732.0,6.0,13.67,0.0718
2026-01-26,48,36893,1346324.0,4.4,9.56,0.0217
2026-01-26,49,34051,886444.0,5.39,11.84,0.043
2026-01-26,50,21213,683215.0,4.58,9.45,0.0175
2026-01-26,51,20798,465563.0,6.2,13.65,0.0703
2026-01-26,52,8998,269052.0,4.87,10.27,0.0261
2026-01-26,53,9686,244933.0,6.84,15.27,0.1065
2026-01-26,54,3598,95475.0,4.9,10.41,0.0291
2026-01-26,55,16444,357305.0,5.42,12.51,0.0545
2026-01-26,56,17640,360546.0,6.25,13.92,0.0784
2026-01-26,57,1265,26187.0,6.68,14.45,0.089
2026-01-26,58,2131,50177.0,7.19,14.92,0.0996
2026-01-26,59,581,12186.0,6.17,12.69,0.046
2026-01-26,60,12167,240365.0,6.28,13.87,0.0748
2026-01-26,61,66730,1628199.0,6.18,13.8,0.0751
2026-01-26,62,19530,500436.0,6.6,14.7,0.093
2026-01-26,63,17633,370075.0,5.9,13.33,0.0667
2026-01-26,64,4282,110529.0,6.98,14.66,0.0917
2026-01-26,65,19656,625047.0,5.94,13.08,0.063
2026-01-26,66,16831,545484.0,5.21,11.46,0.0393
2026-01-26,67,13095,271983.0,5.59,12.66,0.0572
2026-01-26,68,44288,1828100.0,4.32,9.65,0.0243
2026-01-26,69,25634,562220.0,6.08,13.6,0.0715
2026-01-26,70,13113,294905.0,5.47,12.59,0.057
2026-01-26,71,22866,502825.0,6.7,14.34,0.0845
2026-01-26,72,26910,575813.0,7.04,14.86,0.0964
2026-01-26,73,6663,138601.0,5.9,13.46,0.0688
2026-01-26,74,32079,726381.0,5.77,12.46,0.0503
2026-01-26,75,28756,801143.0,5.73,12.84,0.0589
2026-01-26,76,62289,1210796.0,6.09,13.46,0.069
2026-01-26,77,15192,315025.0,6.7,14.69,0.0924
2026-01-26,78,23786,493922.0,5.93,13.44,0.068
2026-01-26,79,57688,1731753.0,4.21,8.75,0.0161
2026-01-26,80,40664,997886.0,4.97,10.71,0.0302
2026-01-26,81,16507,316996.0,6.35,14.05,0.077
2026-01-26,82,42305,811936.0,5.9,13.01,0.061
2026-01-26,83,14337,273705.0,5.71,12.72,0.0563
2026-01-26,84,2808,73168.0,6.88,14.73,0.0936
2026-01-26,85,16149,361230.0,6.57,14.4,0.0875
2026-01-26,86,11881,296113.0,8.11,17.48,0.1595
2026-01-26,87,24744,1047098.0,4.75,10.18,0.0243
2026-01-26,88,10332,460025.0,5.21,11.54,0.0446
2026-01-26,89,44393,1007322.0,6.03,13.45,0.0715
2026-01-26,90,29078,1013945.0,4.03,8.35,0.0125
2026-01-26,91,29931,655194.0,6.37,14.02,0.0808
2026-01-26,92,29840,711325.0,6.65,14.97,0.0996
2026-01-26,93,1704,44875.0,5.47,12.88,0.0585
2026-01-26,94,10087,205608.0,5.81,12.92,0.059
2026-01-26,95,40986,911389.0,6.02,13.23,0.0642
2026-01-26,96,723,15317.0,6.02,13.2,0.0655
2026-01-26,97,32945,921132.0,5.51,12.14,0.0488
2026-01-26,98,6052,137305.0,5.64,12.78,0.0537
2026-01-26,99,161,3827.0,7.32,13.73,0.075
2026-01-26,100,21300,1003566.0,4.69,10.9,0.0353
2026-01-26,101,5900,163782.0,6.45,14.15,0.08
2026-01-26,102,15377,324996.0,6.05,13.87,0.0772
2026-01-26,106,12893,311786.0,5.14,10.48,0.0283
2026-01-26,107,32660,1071606.0,4.26,8.74,0.0134
2026-01-26,108,10039,197898.0,5.27,11.65,0.0427
2026-01-26,109,4270,106607.0,6.8,15.42,0.1067
2026-01-26,110,10,342.0,5.06,11.27,0.0
2026-01-26,111,189,4273.0,5.42,10.22,0.0372
2026-01-26,112,52539,1351710.0,4.76,10.26,0.029
2026-01-26,113,26278,892990.0,4.33,8.63,0.0128
2026-01-26,114,27718,939530.0,4.41,8.89,0.0151
2026-01-26,115,4650,100543.0,7.76,16.51,0.1413
2026-01-26,116,20709,479833.0,5.44,11.81,0.0415
2026-01-26,117,8823,228503.0,7.96,17.04,0.1509
2026-01-26,118,5873,142565.0,7.0,15.35,0.1091
2026-01-26,119,16351,344515.0,5.81,13.11,0.0604
2026-01-26,120,408,9223.0,5.18,11.85,0.042
2026-01-26,121,14839,336224.0,5.84,13.28,0.0639
2026-01-26,122,7274,163041.0,6.31,14.93,0.098
2026-01-26,123,26380,466499.0,5.49,12.26,0.0525
2026-01-26,124,9468,206083.0,5.93,12.97,0.06
2026-01-26,125,16796,638459.0,4.27,8.46,0.0138
2026-01-26,126,16385,329382.0,6.13,13.83,0.0738
2026-01-26,127,17755,410107.0,4.97,11.32,0.0365
2026-01-26,128,1545,40463.0,5.02,10.73,0.0304
2026-01-26,129,44915,876339.0,5.72,12.78,0.0566
2026-01-26,130,44270,971249.0,6.34,14.44,0.0888
2026-01-26,131,9640,225152.0,5.65,13.01,0.062
2026-01-26,132,73445,5741428.0,6.46,16.08,0.1185
2026-01-26,133,12130,266250.0,5.41,12.26,0.052
2026-01-26,134,13433,306405.0,5.7,13.25,0.0653
2026-01-26,135,12708,291192.0,5.72,12.92,0.0575
2026-01-26,136,13250,288773.0,5.69,12.98,0.0582
2026-01-26,137,25317,769299.0,4.89,10.84,0.0329
2026-01-26,138,82643,5081611.0,5.8,13.14,0.0608
2026-01-26,139,11783,253516.0,6.05,13.45,0.0687
2026-01-26,140,27429,963574.0,5.32,14.35,0.0899
2026-01-26,141,30428,997961.0,4.71,9.69,0.0218
2026-01-26,142,29018,1054972.0,4.39,8.81,0.014
2026-01-26,143,23077,768112.0,4.54,9.34,0.0188
2026-01-26,144,30143,1004687.0,4.56,8.95,0.0148
2026-01-26,145,42646,1041872.0,4.96,10.59,0.03
2026-01-26,146,12959,312159.0,4.71,10.55,0.0311
2026-01-26,147,10590,219361.0,5.63,12.52,0.0494
2026-01-26,148,43950,1393858.0,4.52,9.56,0.022
2026-01-26,149,18902,363887.0,5.49,12.06,0.049
2026-01-26,150,6899,150351.0,5.38,12.06,0.046
2026-01-26,151,12848,364049.0,4.86,10.3,0.0251
2026-01-26,152,10228,238333.0,5.45,11.84,0.0429
2026-01-26,153,4777,91982.0,5.98,13.1,0.0644
2026-01-26,154,321,9105.0,5.94,12.59,0.0516
2026-01-26,155,18160,420581.0,6.27,13.77,0.0741
2026-01-26,156,8200,162520.0,6.52,14.78,0.0946
2026-01-26,157,18796,418049.0,6.11,13.51,0.0699
2026-01-26,158,26095,956580.0,4.18,8.29,0.0108
2026-01-26,159,23351,490166.0,5.88,13.33,0.0652
2026-01-26,160,14879,317231.0,6.02,13.24,0.064
2026-01-26,161,51110,2523651.0,4.56,10.03,0.0253
2026-01-26,162,33057,1538908.0,4.2,8.88,0.0157
2026-01-26,163,33233,1531533.0,4.2,8.85,0.0145
2026-01-26,164,41026,1671751.0,4.53,9.88,0.0228
2026-01-26,165,23866,524213.0,6.08,13.57,0.0716
2026-01-26,166,19838,516455.0,4.72,9.84,0.0234
2026-01-26,167,19675,411667.0,5.89,13.03,0.0576
2026-01-26,168,34226,742420.0,6.07,13.28,0.0638
2026-01-26,169,23824,487303.0,5.92,13.4,0.0676
2026-01-26,170,38729,1409635.0,4.51,9.7,0.0218
2026-01-26,171,12355,253691.0,5.63,12.79,0.0594
2026-01-26,172,3863,89430.0,6.9,15.54,0.1125
2026-01-26,173,14810,283977.0,6.9,15.11,0.1024
2026-01-26,174,24817,570880.0,5.55,12.61,0.0558
2026-01-26,175,5632,144103.0,5.71,13.27,0.0632
2026-01-26,176,2103,56264.0,7.24,15.25,0.1062
2026-01-26,177,21268,467155.0,6.69,15.15,0.1035
2026-01-26,178,9283,176061.0,5.85,13.21,0.067
2026-01-26,179,19798,449475.0,5.05,11.23,0.0409
2026-01-26,180,10613,201545.0,5.25,11.52,0.0411
2026-01-26,181,55619,1427334.0,4.88,10.43,0.0287
2026-01-26,182,14660,308710.0,6.16,13.84,0.0759
2026-01-26,183,8023,159000.0,5.98,12.67,0.0576
2026-01-26,184,1022,18860.0,5.44,11.75,0.0466
2026-01-26,185,18310,394224.0,6.28,14.28,0.0837
2026-01-26,186,25732,1088795.0,4.32,10.82,0.0405
2026-01-26,187,4459,91326.0,6.87,15.53,0.1093
2026-01-26,188,39541,943272.0,6.57,14.42,0.0879
2026-01-26,189,20553,545687.0,5.17,11.06,0.0322
2026-01-26,190,2688,68255.0,5.56,12.15,0.0475
2026-01-26,191,17231,396835.0,5.97,13.94,0.0807
2026-01-26,192,8316,187049.0,5.58,12.65,0.0541
2026-01-26,193,8170,188954.0,5.36,12.34,0.0505
2026-01-26,194,596,21995.0,7.39,15.71,0.1121
2026-01-26,195,9943,300504.0,5.85,12.84,0.0595
2026-01-26,196,15083,321891.0,6.21,13.48,0.0681
2026-01-26,197,25781,536006.0,5.57,12.93,0.0608
2026-01-26,198,37183,842889.0,5.78,12.96,0.0619
2026-01-26,199,3,148.0,6.53,20.02,0.3333
2026-01-26,200,12271,342314.0,6.2,13.53,0.0696
2026-01-26,201,3262,103011.0,7.61,16.43,0.1352
2026-01-26,202,2783,95571.0,6.75,13.63,0.0729
2026-01-26,203,10804,231544.0,7.21,15.27,0.1061
2026-01-26,204,1537,42663.0,6.83,14.86,0.0964
2026-01-26,205,23984,515532.0,6.72,15.36,0.1079
2026-01-26,206,11302,235496.0,7.0,16.12,0.1221
2026-01-26,207,872,14638.0,4.34,8.83,0.0207
2026-01-26,208,19469,425535.0,6.08,13.73,0.0729
2026-01-26,209,9236,345530.0,5.0,10.55,0.0277
2026-01-26,210,22318,428732.0,5.13,11.63,0.0414
2026-01-26,211,24434,871708.0,4.24,8.54,0.0129
2026-01-26,212,15162,277449.0,6.13,13.62,0.0715
2026-01-26,213,27628,551716.0,6.16,13.69,0.0746
2026-01-26,214,5291,127098.0,6.67,15.3,0.1067
2026-01-26,215,16937,345132.0,6.6,15.35,0.1069
2026-01-26,216,35730,712481.0,5.07,11.77,0.0474
2026-01-26,217,13587,249605.0,7.55,16.12,0.1238
2026-01-26,218,12391,268236.0,6.32,14.03,0.0792
2026-01-26,219,10494,229364.0,6.26,13.59,0.0674
2026-01-26,220,20436,443200.0,5.61,12.13,0.0466
2026-01-26,221,8123,168693.0,7.13,15.95,0.1175
2026-01-26,222,6887,152041.0,6.56,14.37,0.0843
2026-01-26,223,29933,639743.0,4.63,10.29,0.0284
2026-01-26,224,8601,257859.0,5.47,10.84,0.0323
2026-01-26,225,40953,1031733.0,6.17,13.63,0.0714
2026-01-26,226,36840,856078.0,5.41,12.54,0.0553
2026-01-26,227,15675,325824.0,6.32,13.85,0.0756
2026-01-26,228,28077,648025.0,5.78,12.31,0.0523
2026-01-26,229,24575,837341.0,4.26,8.77,0.0147
2026-01-26,230,48086,2359907.0,4.74,11.09,0.0392
2026-01-26,231,51580,1910736.0,4.24,8.33,0.0125
2026-01-26,232,18823,549365.0,5.46,11.34,0.0346
2026-01-26,233,22243,765199.0,4.67,9.78,0.0234
2026-01-26,234,47843,1786835.0,4.36,8.83,0.0139
2026-01-26,235,21356,451125.0,6.24,13.78,0.0726
2026-01-26,236,35591,1275833.0,4.63,9.2,0.0172
2026-01-26,237,40830,1492662.0,4.22,8.37,0.0108
2026-01-26,238,23342,747461.0,4.57,9.42,0.0195
2026-01-26,239,27972,945126.0,4.38,8.82,0.016
2026-01-26,240,3856,78520.0,6.38,13.62,0.0701
2026-01-26,241,19854,423080.0,5.7,12.53,0.0533
2026-01-26,242,24607,559450.0,6.25,13.92,0.0773
2026-01-26,243,24939,601650.0,5.29,11.63,0.0382
2026-01-26,244,34901,905639.0,5.18,11.9,0.0454
2026-01-26,245,4751,105934.0,7.42,16.18,0.1281
2026-01-26,246,44646,1661337.0,4.51,9.24,0.0168
2026-01-26,247,24769,508039.0,5.95,13.04,0.0588
2026-01-26,248,13390,262666.0,6.19,13.68,0.0732
2026-01-26,249,41372,1395059.0,4.27,8.65,0.0133
2026-01-26,250,15221,308204.0,6.06,13.42,0.0684
2026-01-26,251,5000,105176.0,6.5,14.18,0.0834
2026-01-26,252,8209,196468.0,6.2,13.78,0.0712
2026-01-26,253,126,3461.0,5.63,13.6,0.056
2026-01-26,254,27701,554663.0,6.55,14.56,0.0899
2026-01-26,255,50796,1440198.0,4.88,10.21,0.026
2026-01-26,256,44273,1189362.0,5.23,11.06,0.0343
2026-01-26,257,9589,240731.0,4.99,10.7,0.0308
2026-01-26,258,18766,406018.0,5.86,13.27,0.0633
2026-01-26,259,19562,400288.0,6.69,14.39,0.0863
2026-01-26,260,26539,506829.0,5.13,11.52,0.0387
2026-01-26,261,14108,665203.0,4.99,10.67,0.0329
2026-01-26,262,17049,554844.0,5.25,11.18,0.0349
2026-01-26,263,25583,822194.0,4.83,9.93,0.0215
2026-01-26,265,270,7434.0,8.33,20.06,0.2023
2026-02-02,2,7,236.0,7.63,13.54,0.0
2026-02-02,3,13107,237250.0,4.76,10.56,0.0294
2026-02-02,4,14187,375869.0,4.54,9.49,0.0201
2026-02-02,5,1679,41393.0,6.84,14.74,0.092
2026-02-02,6,3209,73058.0,5.64,13.02,0.0539
2026-02-02,7,53019,1077835.0,4.16,9.08,0.0179
2026-02-02,8,96,1951.0,4.32,8.7,0.0213
2026-02-02,9,5305,110183.0,4.57,10.03,0.0216
2026-02-02,10,17516,356407.0,4.84,11.01,0.037
2026-02-02,11,7894,155075.0,4.49,9.98,0.0254
2026-02-02,12,290,11844.0,4.18,8.92,0.0105
2026-02-02,13,22147,858191.0,4.19,8.7,0.0124
2026-02-02,14,35322,759914.0,4.35,9.24,0.0185
2026-02-02,15,4187,107481.0,5.69,12.54,0.0477
2026-02-02,16,12023,267497.0,4.74,10.36,0.0262
2026-02-02,17,45531,1022995.0,5.31,11.86,0.0471
2026-02-02,18,24971,481563.0,4.99,10.93,0.0327
2026-02-02,19,5299,120306.0,5.41,11.77,0.041
2026-02-02,20,15984,331416.0,4.83,10.79,0.0302
2026-02-02,21,18108,341203.0,4.52,9.85,0.0228
2026-02-02,22,23324,442043.0,4.71,10.19,0.0238
2026-02-02,23,9527,211184.0,6.09,13.87,0.0749
2026-02-02,24,7063,171426.0,4.38,9.09,0.0188
2026-02-02,25,29527,852148.0,4.81,10.41,0.0284
2026-02-02,26,34542,665561.0,5.55,11.43,0.0372
2026-02-02,27,153,6550.0,10.02,20.0,0.237
2026-02-02,28,14600,302563.0,4.9,11.0,0.0298
2026-02-02,29,13757,271394.0,4.66,10.33,0.0278
2026-02-02,30,273,7533.0,9.48,18.2,0.1832
2026-02-02,31,1729,37183.0,5.21,11.31,0.0392
2026-02-02,32,13654,266888.0,5.01,11.16,0.0369
2026-02-02,33,24533,776199.0,4.57,9.59,0.0204
2026-02-02,34,4187,122801.0,5.72,12.77,0.0595
2026-02-02,35,31379,608271.0,6.01,12.94,0.0592
2026-02-02,36,47079,1070661.0,4.83,10.94,0.0345
2026-02-02,37,62668,1475780.0,4.96,11.06,0.0364
2026-02-02,38,7055,170465.0,5.27,11.83,0.0484
2026-02-02,39,41138,782183.0,5.66,12.32,0.0512
2026-02-02,40,14647,393095.0,4.41,8.86,0.0166
2026-02-02,41,32823,717832.0,5.0,10.2,0.0255
2026-02-02,42,44447,919639.0,5.22,11.01,0.0314
2026-02-02,43,5922,197017.0,4.22,9.03,0.012
2026-02-02,44,2563,71836.0,6.69,14.61,0.0898
2026-02-02,45,11794,347783.0,4.59,9.27,0.0202
2026-02-02,46,741,27091.0,9.25,18.36,0.1697
2026-02-02,47,17930,336797.0,5.18,11.28,0.0343
2026-02-02,48,41342,1388832.0,4.01,8.55,0.0141
2026-02-02,49,34647,859033.0,4.69,10.07,0.0253
2026-02-02,50,23656,720530.0,4.21,8.53,0.0135
2026-02-02,51,20722,440685.0,5.54,12.16,0.046
2026-02-02,52,9552,269139.0,4.25,8.66,0.0136
2026-02-02,53,8958,211264.0,5.68,13.15,0.0634
2026-02-02,54,3550,90465.0,4.3,9.14,0.0208
2026-02-02,55,16421,346667.0,4.93,11.17,0.0377
2026-02-02,56,17295,335631.0,5.06,11.14,0.0345
2026-02-02,57,1279,24582.0,5.34,11.77,0.0403
2026-02-02,58,2113,45512.0,6.04,12.73,0.0495
2026-02-02,59,654,13250.0,5.11,11.63,0.0402
2026-02-02,60,12433,229247.0,5.57,12.13,0.047
2026-02-02,61,71105,1621287.0,5.39,11.96,0.0438
2026-02-02,62,21193,480822.0,5.82,12.52,0.0547
2026-02-02,63,17630,353125.0,4.98,11.02,0.0344
2026-02-02,64,3888,98033.0,6.28,13.63,0.07
2026-02-02,65,22181,673611.0,5.1,11.06,0.0342
2026-02-02,66,17849,539428.0,4.59,9.87,0.022
2026-02-02,67,12117,240367.0,4.68,10.23,0.0257
2026-02-02,68,50299,1906181.0,3.83,8.23,0.012
2026-02-02,69,26999,549592.0,5.15,11.41,0.0374
2026-02-02,70,13147,286577.0,4.61,10.29,0.0288
2026-02-02,71,23042,473639.0,5.61,12.16,0.0472
2026-02-02,72,27149,533096.0,5.95,12.66,0.0566
2026-02-02,73,6132,123443.0,4.81,10.79,0.0324
2026-02-02,74,34675,733192.0,5.2,10.9,0.0331
2026-02-02,75,31667,819542.0,5.02,10.76,0.0304
2026-02-02,76,62688,1159243.0,5.16,11.33,0.0393
2026-02-02,77,15728,308169.0,5.36,11.96,0.0464
2026-02-02,78,23879,465770.0,5.06,11.42,0.0383
2026-02-02,79,60225,1712404.0,3.79,7.8,0.0105
2026-02-02,80,46250,1093246.0,4.64,10.13,0.0276
2026-02-02,81,16523,300986.0,5.55,12.04,0.0462
2026-02-02,82,40844,756574.0,4.81,10.53,0.0299
2026-02-02,83,13707,249447.0,4.69,10.46,0.0276
2026-02-02,84,2723,69933.0,6.2,13.3,0.0638
2026-02-02,85,16996,359028.0,5.48,11.94,0.0467
2026-02-02,86,12350,294020.0,6.99,15.26,0.1064
2026-02-02,87,27545,1086488.0,4.11,8.44,0.0131
2026-02-02,88,11608,495037.0,4.34,9.07,0.0158
2026-02-02,89,44565,973549.0,5.0,10.94,0.0349
2026-02-02,90,32939,1061104.0,3.64,7.39,0.0061
2026-02-02,91,28335,578552.0,5.37,11.61,0.0424
2026-02-02,92,28857,669401.0,5.43,12.72,0.0605
2026-02-02,93,1497,36698.0,4.83,11.38,0.0317
2026-02-02,94,10756,205140.0,4.97,10.8,0.0286
2026-02-02,95,40887,876888.0,5.03,10.97,0.0357
2026-02-02,96,637,13210.0,5.05,10.93,0.0382
2026-02-02,97,34707,933011.0,4.77,10.33,0.0286
2026-02-02,98,5546,120258.0,5.1,11.12,0.0327
2026-02-02,99,159,3725.0,6.79,13.61,0.0759
2026-02-02,100,24126,1026025.0,4.2,9.79,0.0236
2026-02-02,101,5491,149870.0,5.63,12.57,0.0521
2026-02-02,102,14522,292286.0,5.23,11.8,0.0446
2026-02-02,105,1,40.0,12.75,12.75,0.0
2026-02-02,106,13857,327468.0,4.47,9.25,0.0202
2026-02-02,107,36279,1129557.0,3.85,7.59,0.0077
2026-02-02,108,9726,186121.0,4.52,9.66,0.0203
2026-02-02,109,4160,100407.0,6.19,13.88,0.0763
2026-02-02,110,5,246.0,3.5,5.75,0.0
2026-02-02,111,162,3098.0,4.37,9.43,0.0123
2026-02-02,112,55147,1381363.0,4.26,9.3,0.0215
2026-02-02,113,29449,929526.0,3.8,7.43,0.007
2026-02-02,114,30134,958337.0,3.89,7.99,0.0089
2026-02-02,115,4708,93831.0,6.57,14.16,0.082
2026-02-02,116,22358,484920.0,4.84,10.24,0.0256
2026-02-02,117,9094,223376.0,6.99,15.14,0.1024
2026-02-02,118,5683,138782.0,6.18,14.17,0.0828
2026-02-02,119,17323,341599.0,4.95,10.99,0.0313
2026-02-02,120,441,9698.0,4.62,10.87,0.0369
2026-02-02,121,13985,312718.0,4.95,11.03,0.0327
2026-02-02,122,7337,152944.0,5.23,11.89,0.0453
2026-02-02,123,24129,425863.0,4.59,9.81,0.0214
2026-02-02,124,8800,187033.0,5.32,11.44,0.0389
2026-02-02,125,17407,627699.0,3.74,7.13,0.0048
2026-02-02,126,16998,327374.0,5.32,12.15,0.0473
2026-02-02,127,19061,412143.0,4.28,9.82,0.0234
2026-02-02,128,1517,39873.0,4.26,9.28,0.0175
2026-02-02,129,44279,847007.0,4.79,10.57,0.0312
2026-02-02,130,43134,891043.0,4.99,11.33,0.0398
2026-02-02,131,9494,209184.0,4.71,10.69,0.0303
2026-02-02,132,64709,4971451.0,5.46,12.23,0.051
2026-02-02,133,11530,243927.0,4.59,9.9,0.0248
2026-02-02,134,13296,283403.0,4.58,10.35,0.0297
2026-02-02,135,11806,261721.0,4.85,10.65,0.0306
2026-02-02,136,13435,271987.0,4.9,10.91,0.0313
2026-02-02,137,27348,764852.0,4.28,8.92,0.0153
2026-02-02,138,82082,4925147.0,5.3,11.97,0.0382
2026-02-02,139,11575,236056.0,5.24,11.55,0.0398
2026-02-02,140,29788,962461.0,4.45,9.64,0.0234
2026-02-02,141,33971,1033140.0,4.18,8.24,0.0115
2026-02-02,142,31479,1073068.0,3.98,7.78,0.0086
2026-02-02,143,25791,786441.0,4.15,8.36,0.0113
2026-02-02,144,33705,1066925.0,4.11,8.06,0.0094
2026-02-02,145,47718,1145417.0,4.37,9.54,0.0225
2026-02-02,146,13691,312115.0,4.03,8.97,0.0174
2026-02-02,147,10944,212957.0,4.91,11.02,0.03
2026-02-02,148,46719,1426981.0,4.11,8.72,0.0167
2026-02-02,149,17419,326426.0,4.48,9.67,0.0217
2026-02-02,150,6192,128723.0,4.65,10.53,0.0285
2026-02-02,151,14143,370747.0,4.44,9.07,0.0174
2026-02-02,152,11100,244734.0,4.87,10.22,0.0257
2026-02-02,153,4825,88337.0,5.18,11.67,0.0366
2026-02-02,154,296,7409.0,5.5,11.23,0.0351
2026-02-02,155,16617,372922.0,5.37,11.93,0.0521
2026-02-02,156,8029,147647.0,5.65,12.77,0.0556
2026-02-02,157,17514,359348.0,5.03,10.99,0.0346
2026-02-02,158,27371,929316.0,3.81,7.44,0.0065
2026-02-02,159,23970,470225.0,5.01,11.02,0.0331
2026-02-02,160,13831,282620.0,5.13,11.1,0.0341
2026-02-02,161,56495,2509080.0,4.19,9.85,0.0236
2026-02-02,162,38305,1624000.0,3.76,7.85,0.0081
2026-02-02,163,38276,1633156.0,3.87,8.17,0.0116
2026-02-02,164,46178,1753407.0,4.06,8.7,0.0132
2026-02-02,165,21176,443740.0,4.75,10.24,0.0283
2026-02-02,166,22005,541815.0,4.23,8.58,0.0134
2026-02-02,167,20096,387380.0,4.99,10.89,0.0308
2026-02-02,168,36312,752629.0,5.25,11.32,0.0328
2026-02-02,169,24323,462580.0,5.03,11.02,0.0303
2026-02-02,170,43856,1482423.0,4.06,8.49,0.0127
2026-02-02,171,11812,237987.0,4.58,10.34,0.0289
2026-02-02,172,3678,83407.0,5.97,13.75,0.0744
2026-02-02,173,14476,269056.0,5.6,12.26,0.0508
2026-02-02,174,24565,529866.0,4.8,10.79,0.0325
2026-02-02,175,5303,131108.0,5.08,11.32,0.0298
2026-02-02,176,1893,48207.0,6.27,14.27,0.0838
2026-02-02,177,22946,471604.0,5.74,12.43,0.0524
2026-02-02,178,8203,154359.0,4.82,10.04,0.0221
2026-02-02,179,20334,447205.0,4.36,9.43,0.0215
2026-02-02,180,10233,187099.0,4.56,9.83,0.0215
2026-02-02,181,57401,1453069.0,4.11,8.67,0.0159
2026-02-02,182,14928,296415.0,5.03,11.07,0.0367
2026-02-02,183,8141,158092.0,4.98,10.92,0.0335
2026-02-02,184,1050,18859.0,4.9,10.59,0.0251
2026-02-02,185,18385,373322.0,5.12,11.4,0.0378
2026-02-02,186,27044,1015292.0,3.59,8.65,0.016
2026-02-02,187,4315,83666.0,5.88,13.26,0.0626
2026-02-02,188,41100,907776.0,5.55,11.89,0.0447
2026-02-02,189,21484,549795.0,4.66,9.88,0.0262
2026-02-02,190,2815,68318.0,5.31,11.92,0.0513
2026-02-02,191,17102,366021.0,5.05,11.58,0.0413
2026-02-02,192,7975,172009.0,4.75,10.72,0.031
2026-02-02,193,8436,185034.0,4.59,10.27,0.0249
2026-02-02,194,600,22200.0,7.0,15.3,0.1044
2026-02-02,195,9939,283853.0,5.03,11.38,0.0442
2026-02-02,196,15151,315541.0,5.12,11.2,0.0339
2026-02-02,197,25211,485914.0,4.63,10.35,0.0291
2026-02-02,198,37439,830140.0,4.96,10.96,0.0376
2026-02-02,199,1,46.0,6.05,6.05,0.0
2026-02-02,200,12303,342724.0,5.35,11.57,0.0423
2026-02-02,201,3146,95720.0,6.67,14.99,0.099
2026-02-02,202,3014,99845.0,6.02,12.73,0.0498
2026-02-02,203,10867,216340.0,6.51,13.52,0.0714
2026-02-02,204,1520,41087.0,6.0,13.39,0.0667
2026-02-02,205,23594,469546.0,5.65,12.34,0.0516
2026-02-02,206,11459,223445.0,5.66,13.35,0.0672
2026-02-02,207,966,15081.0,3.78,7.21,0.0072
2026-02-02,208,18985,393459.0,5.13,11.66,0.0399
2026-02-02,209,9849,344544.0,4.51,9.03,0.0155
2026-02-02,210,21504,396192.0,4.49,9.81,0.0225
2026-02-02,211,27243,914804.0,3.77,7.46,0.0063
2026-02-02,212,15415,269384.0,5.2,11.65,0.0382
2026-02-02,213,27494,522649.0,5.44,12.1,0.0472
2026-02-02,214,5183,123816.0,5.4,12.61,0.0547
2026-02-02,215,17382,328187.0,5.38,11.96,0.0449
2026-02-02,216,34574,648001.0,4.3,9.65,0.0218
2026-02-02,217,11739,213147.0,6.15,13.03,0.0634
2026-02-02,218,12190,247501.0,5.35,11.51,0.0374
2026-02-02,219,9847,205512.0,5.56,11.65,0.0385
2026-02-02,220,20783,429041.0,4.91,10.6,0.0281
2026-02-02,221,8041,159523.0,6.11,13.6,0.0724
2026-02-02,222,7245,150652.0,5.63,12.57,0.0563
2026-02-02,223,28940,600972.0,3.9,8.53,0.0144
2026-02-02,224,9869,273281.0,4.99,9.83,0.0225
2026-02-02,225,42439,1005267.0,5.26,11.64,0.0422
2026-02-02,226,34376,722729.0,4.54,9.8,0.0227
2026-02-02,227,14969,306370.0,5.21,11.33,0.0375
2026-02-02,228,28720,654075.0,4.94,10.47,0.0292
2026-02-02,229,27294,862693.0,3.79,7.29,0.007
2026-02-02,230,55830,2516854.0,4.33,10.47,0.034
2026-02-02,231,57344,1996199.0,3.83,7.29,0.0061
2026-02-02,232,20384,569068.0,5.03,10.31,0.0282
2026-02-02,233,23910,755409.0,4.17,8.34,0.0109
2026-02-02,234,53706,1869487.0,3.89,7.91,0.0088
2026-02-02,235,22413,440113.0,5.39,12.05,0.0425
2026-02-02,236,38652,1267798.0,4.19,7.9,0.008
2026-02-02,237,42935,1472639.0,3.76,7.15,0.0051
2026-02-02,238,26298,779550.0,4.23,8.47,0.0124
2026-02-02,239,30968,986283.0,4.02,7.95,0.0091
2026-02-02,240,3602,68783.0,5.66,12.13,0.0468
2026-02-02,241,20640,414611.0,4.97,10.82,0.0308
2026-02-02,242,24577,525738.0,4.96,10.9,0.0322
2026-02-02,243,27204,622963.0,4.61,10.04,0.0246
2026-02-02,244,37775,912015.0,4.56,10.15,0.0264
2026-02-02,245,4692,100561.0,6.14,13.41,0.0664
2026-02-02,246,55928,1972060.0,4.22,8.67,0.0134
2026-02-02,247,26158,503414.0,5.14,10.94,0.0335
2026-02-02,248,13789,254108.0,5.27,11.73,0.0389
2026-02-02,249,44510,1397546.0,3.85,7.64,0.0086
2026-02-02,250,15055,288442.0,4.93,11.06,0.0323
2026-02-02,251,4860,96558.0,5.54,12.28,0.0509
2026-02-02,252,7641,179397.0,5.36,12.18,0.049
2026-02-02,253,133,3807.0,4.59,9.91,0.0301
2026-02-02,254,27432,520577.0,5.59,12.51,0.0531
2026-02-02,255,53443,1469864.0,4.3,9.19,0.0199
2026-02-02,256,47181,1233151.0,4.61,9.96,0.0266
2026-02-02,257,9679,232962.0,4.35,9.06,0.0168
2026-02-02,258,18599,380390.0,4.89,10.9,0.0319
2026-02-02,259,19743,379223.0,5.81,12.36,0.0503
2026-02-02,260,25073,455915.0,4.25,9.11,0.0157
2026-02-02,261,16180,706050.0,4.33,8.97,0.0157
2026-02-02,262,18866,551653.0,4.73,9.54,0.0192
2026-02-02,263,28403,848136.0,4.38,8.69,0.0124
2026-02-02,265,255,6553.0,7.81,15.82,0.1184
2026-02-09,2,12,475.0,8.13,18.53,0.1667
2026-02-09,3,13137,240796.0,4.79,10.16,0.0255
2026-02-09,4,13832,369446.0,4.57,9.36,0.0191
2026-02-09,5,1646,42187.0,6.33,14.41,0.0847
2026-02-09,6,3207,70790.0,5.56,12.67,0.0549
2026-02-09,7,51256,1052173.0,4.0,8.36,0.0114
2026-02-09,8,96,2061.0,3.73,8.65,0.0
2026-02-09,9,5133,109672.0,4.49,9.55,0.0198
2026-02-09,10,17869,374858.0,4.6,10.14,0.0276
2026-02-09,11,7350,147503.0,4.31,9.17,0.0173
2026-02-09,12,346,12703.0,4.33,10.45,0.0319
2026-02-09,13,21347,847521.0,4.13,8.45,0.011
2026-02-09,14,34353,770398.0,4.16,8.62,0.0137
2026-02-09,15,4073,100390.0,5.7,12.03,0.0414
2026-02-09,16,11779,268949.0,4.65,10.34,0.0254
2026-02-09,17,40419,906524.0,4.92,10.55,0.029
2026-02-09,18,25005,484139.0,4.88,10.72,0.0277
2026-02-09,19,5022,114826.0,5.38,11.3,0.0309
2026-02-09,20,15884,334915.0,4.77,10.49,0.026
2026-02-09,21,16482,315496.0,4.3,9.04,0.0157
2026-02-09,22,21427,410824.0,4.47,9.38,0.0181
2026-02-09,23,9061,202758.0,5.82,13.33,0.0674
2026-02-09,24,6675,170347.0,4.38,9.16,0.0151
2026-02-09,25,28037,816901.0,4.67,9.74,0.0214
2026-02-09,26,29381,580630.0,5.15,10.42,0.0252
2026-02-09,27,176,7704.0,9.79,19.68,0.2095
2026-02-09,28,14092,295933.0,4.78,10.43,0.0244
2026-02-09,29,13631,272538.0,4.38,9.66,0.0225
2026-02-09,30,317,8732.0,7.7,17.73,0.183
2026-02-09,31,1795,39602.0,5.17,11.07,0.0376
2026-02-09,32,13693,267711.0,5.01,10.77,0.0301
2026-02-09,33,22112,720860.0,4.44,9.2,0.0162
2026-02-09,34,3810,109129.0,5.42,11.5,0.0423
2026-02-09,35,31963,619441.0,5.73,12.2,0.0478
2026-02-09,36,41759,955264.0,4.56,10.11,0.0257
2026-02-09,37,57236,1363700.0,4.74,10.31,0.0266
2026-02-09,38,7158,173602.0,5.18,11.53,0.0458
2026-02-09,39,41075,787833.0,5.51,11.69,0.0449
2026-02-09,40,12625,350515.0,4.22,8.44,0.0129
2026-02-09,41,32509,733344.0,5.06,10.3,0.0261
2026-02-09,42,43786,935518.0,5.2,11.0,0.0303
2026-02-09,43,6083,200994.0,4.11,8.31,0.012
2026-02-09,44,2458,65477.0,6.35,14.09,0.0789
2026-02-09,45,12733,373392.0,4.58,9.69,0.0178
2026-02-09,46,984,34039.0,9.15,18.58,0.1851
2026-02-09,47,17949,338289.0,5.04,10.91,0.0321
2026-02-09,48,42059,1409274.0,4.03,8.8,0.0152
2026-02-09,49,30894,777064.0,4.53,9.53,0.019
2026-02-09,50,24859,747319.0,4.24,8.64,0.0116
2026-02-09,51,21834,477016.0,5.57,12.06,0.0437
2026-02-09,52,8125,233138.0,4.05,8.36,0.0124
2026-02-09,53,8947,215788.0,5.57,12.73,0.0575
2026-02-09,54,3197,86293.0,4.2,9.02,0.0196
2026-02-09,55,16146,354153.0,4.78,10.61,0.0309
2026-02-09,56,17396,345131.0,5.01,10.6,0.0285
2026-02-09,57,1228,23287.0,5.34,11.48,0.0385
2026-02-09,58,2010,46905.0,6.07,12.7,0.044
2026-02-09,59,663,13077.0,5.22,11.8,0.0445
2026-02-09,60,12230,229919.0,5.56,11.94,0.0428
2026-02-09,61,66094,1505005.0,5.08,10.99,0.0321
2026-02-09,62,19393,466120.0,5.39,11.55,0.0397
2026-02-09,63,17573,357437.0,4.7,10.46,0.0271
2026-02-09,64,3707,94076.0,6.16,13.16,0.0582
2026-02-09,65,21415,649779.0,5.01,10.69,0.0281
2026-02-09,66,18269,553050.0,4.57,9.86,0.022
2026-02-09,67,11109,223737.0,4.46,9.45,0.0199
2026-02-09,68,51988,2057009.0,3.88,8.54,0.0136
2026-02-09,69,26292,544687.0,5.09,11.05,0.0312
2026-02-09,70,13399,298489.0,4.41,9.86,0.0233
2026-02-09,71,23045,473896.0,5.43,11.51,0.0411
2026-02-09,72,26793,532977.0,5.76,12.21,0.0495
2026-02-09,73,5977,121752.0,4.56,10.12,0.0268
2026-02-09,74,34866,757244.0,5.19,10.88,0.0284
2026-02-09,75,31366,828728.0,5.03,10.62,0.0285
2026-02-09,76,63552,1186214.0,5.04,11.01,0.0348
2026-02-09,77,15741,313372.0,5.34,11.55,0.0403
2026-02-09,78,23214,452870.0,4.96,11.02,0.0338
2026-02-09,79,58888,1750769.0,3.84,7.98,0.0092
2026-02-09,80,38952,925636.0,4.26,9.19,0.018
2026-02-09,81,16433,298362.0,5.44,11.67,0.0396
2026-02-09,82,41646,793972.0,4.79,10.43,0.0282
2026-02-09,83,13529,252049.0,4.65,9.84,0.0205
2026-02-09,84,2566,66964.0,6.03,13.01,0.0508
2026-02-09,85,16773,358604.0,5.2,10.98,0.034
2026-02-09,86,12247,287927.0,6.49,14.34,0.0854
2026-02-09,87,29887,1145944.0,4.1,8.49,0.0111
2026-02-09,88,12682,505341.0,4.23,8.83,0.015
2026-02-09,89,42125,936677.0,4.65,9.85,0.0235
2026-02-09,90,31908,1055765.0,3.69,7.57,0.0068
2026-02-09,91,27471,567274.0,5.22,11.1,0.037
2026-02-09,92,29012,689179.0,5.34,12.37,0.056
2026-02-09,93,1446,35504.0,4.71,10.64,0.0328
2026-02-09,94,10906,211789.0,5.01,10.89,0.031
2026-02-09,95,39434,857804.0,4.82,10.31,0.0256
2026-02-09,96,590,12473.0,4.99,11.44,0.0516
2026-02-09,97,32706,866464.0,4.64,9.72,0.0203
2026-02-09,98,5461,119936.0,4.96,10.94,0.0313
2026-02-09,99,173,4402.0,6.18,11.67,0.0412
2026-02-09,100,26154,1081585.0,4.37,10.07,0.028
2026-02-09,101,5412,146877.0,5.53,12.45,0.0473
2026-02-09,102,13657,279689.0,4.94,10.79,0.0331
2026-02-09,106,12235,294604.0,4.33,8.64,0.0139
2026-02-09,107,34437,1077262.0,3.87,7.66,0.0072
2026-02-09,108,9125,178745.0,4.37,9.26,0.0174
2026-02-09,109,4098,100195.0,6.18,13.78,0.0718
2026-02-09,110,3,118.0,5.2,8.12,0.0
2026-02-09,111,193,3914.0,4.16,9.2,0.016
2026-02-09,112,50774,1255965.0,4.06,8.68,0.0135
2026-02-09,113,28156,924386.0,3.83,7.83,0.0074
2026-02-09,114,29136,952404.0,3.89,8.13,0.0088
2026-02-09,115,4548,92237.0,6.22,13.41,0.064
2026-02-09,116,22084,490570.0,4.86,10.36,0.026
2026-02-09,117,8853,219509.0,6.77,14.81,0.0965
2026-02-09,118,5648,138544.0,5.92,13.21,0.0654
2026-02-09,119,17223,342321.0,4.85,10.56,0.027
2026-02-09,120,472,10312.0,5.07,10.67,0.0239
2026-02-09,121,13931,317234.0,4.88,10.69,0.0314
2026-02-09,122,7311,153825.0,5.17,11.68,0.0419
2026-02-09,123,20749,375214.0,4.29,8.77,0.0146
2026-02-09,124,8960,190654.0,5.25,11.22,0.0339
2026-02-09,125,18285,661722.0,3.77,7.4,0.0067
2026-02-09,126,16698,321539.0,5.34,11.96,0.0412
2026-02-09,127,19836,441446.0,4.45,10.03,0.0245
2026-02-09,128,1565,40248.0,4.29,8.87,0.0124
2026-02-09,129,43388,850277.0,4.62,10.2,0.0288
2026-02-09,130,43250,911654.0,4.89,10.81,0.0333
2026-02-09,131,9215,204247.0,4.75,10.41,0.0263
2026-02-09,132,69266,5288043.0,5.35,12.25,0.0475
2026-02-09,133,10556,232540.0,4.32,9.0,0.0162
2026-02-09,134,12918,278261.0,4.44,9.64,0.0236
2026-02-09,135,10691,238014.0,4.66,10.22,0.0239
2026-02-09,136,13528,278075.0,4.9,10.86,0.0277
2026-02-09,137,26480,747522.0,4.23,8.76,0.0129
2026-02-09,138,89579,5219306.0,5.47,12.38,0.0455
2026-02-09,139,11910,241625.0,5.12,11.15,0.0344
2026-02-09,140,28216,913091.0,4.29,9.15,0.0169
2026-02-09,141,30873,957588.0,4.05,7.83,0.0069
2026-02-09,142,30964,1051584.0,3.98,7.92,0.0076
2026-02-09,143,22402,693010.0,4.16,8.23,0.0076
2026-02-09,144,35282,1144915.0,4.27,8.72,0.0127
2026-02-09,145,44954,1093201.0,4.17,8.71,0.0139
2026-02-09,146,12562,298820.0,3.9,8.13,0.01
2026-02-09,147,11037,219886.0,4.78,10.85,0.0298
2026-02-09,148,51385,1581086.0,4.22,9.16,0.0162
2026-02-09,149,16689,309225.0,4.26,8.77,0.0141
2026-02-09,150,6021,127350.0,4.47,9.37,0.0211
2026-02-09,151,13474,365928.0,4.5,9.26,0.0157
2026-02-09,152,10838,244266.0,4.92,10.6,0.031
2026-02-09,153,4980,90592.0,5.25,11.09,0.0338
2026-02-09,154,335,8298.0,5.45,12.1,0.0459
2026-02-09,155,16018,363491.0,5.18,11.21,0.0367
2026-02-09,156,7919,146884.0,5.4,12.28,0.0512
2026-02-09,157,17623,394008.0,4.97,10.62,0.027
2026-02-09,158,27008,945934.0,3.8,7.73,0.0065
2026-02-09,159,23933,483712.0,4.91,10.7,0.0292
2026-02-09,160,12737,264828.0,4.96,10.58,0.0266
2026-02-09,161,60371,2604056.0,4.02,9.32,0.0185
2026-02-09,162,39822,1648848.0,3.7,7.62,0.0077
2026-02-09,163,40626,1706122.0,3.78,7.92,0.0079
2026-02-09,164,47872,1814771.0,4.24,9.42,0.0197
2026-02-09,165,19432,410942.0,4.44,9.19,0.0182
2026-02-09,166,21255,543516.0,4.28,8.78,0.0152
2026-02-09,167,19875,386139.0,5.0,10.76,0.0286
2026-02-09,168,35691,755501.0,5.17,11.07,0.0328
2026-02-09,169,24408,473374.0,4.97,10.86,0.028
2026-02-09,170,44225,1500262.0,4.06,8.63,0.0116
2026-02-09,171,11524,233335.0,4.43,9.57,0.0191
2026-02-09,172,3744,84355.0,5.88,13.35,0.0711
2026-02-09,173,14417,272600.0,5.39,11.96,0.0452
2026-02-09,174,24498,537463.0,4.71,10.27,0.0243
2026-02-09,175,4947,123027.0,4.95,10.94,0.0316
2026-02-09,176,1845,48172.0,6.08,13.16,0.0718
2026-02-09,177,22318,465420.0,5.44,11.83,0.0431
2026-02-09,178,6511,122173.0,4.42,8.94,0.0135
2026-02-09,179,19210,420361.0,4.19,8.7,0.0153
2026-02-09,180,9795,179480.0,4.37,9.37,0.0183
2026-02-09,181,50320,1310139.0,3.96,8.11,0.0097
2026-02-09,182,14730,298082.0,5.03,10.79,0.0314
2026-02-09,183,7738,150710.0,4.84,10.73,0.0284
2026-02-09,184,997,17136.0,4.79,9.89,0.0255
2026-02-09,185,18085,371489.0,5.08,10.92,0.031
2026-02-09,186,27990,1094258.0,3.81,9.55,0.0264
2026-02-09,187,4399,85066.0,5.75,12.46,0.0499
2026-02-09,188,38749,876875.0,5.23,11.0,0.0361
2026-02-09,189,18161,476494.0,4.42,9.14,0.0158
2026-02-09,190,2120,50507.0,4.67,9.74,0.0243
2026-02-09,191,17048,368525.0,4.99,11.23,0.0384
2026-02-09,192,7486,158790.0,4.47,10.02,0.0191
2026-02-09,193,8768,192817.0,4.46,9.76,0.0239
2026-02-09,194,513,17791.0,6.97,14.19,0.0776
2026-02-09,195,9544,272741.0,4.97,11.21,0.0399
2026-02-09,196,14589,301048.0,4.92,10.38,0.0248
2026-02-09,197,24731,475248.0,4.49,9.89,0.0247
2026-02-09,198,34182,755991.0,4.69,10.14,0.0249
2026-02-09,199,3,150.0,13.92,32.47,0.3333
2026-02-09,200,11405,311791.0,5.25,11.38,0.0385
2026-02-09,201,3013,95435.0,6.1,14.39,0.0858
2026-02-09,202,3003,98887.0,5.8,11.77,0.04
2026-02-09,203,10770,214547.0,6.3,13.04,0.0603
2026-02-09,204,1432,37254.0,5.7,13.18,0.0587
2026-02-09,205,23576,472637.0,5.5,12.04,0.0484
2026-02-09,206,11315,222243.0,5.43,12.64,0.0559
2026-02-09,207,899,13798.0,3.67,6.79,0.0067
2026-02-09,208,18975,398939.0,5.08,11.57,0.0394
2026-02-09,209,10897,380038.0,4.57,9.26,0.018
2026-02-09,210,20366,386650.0,4.29,9.06,0.0179
2026-02-09,211,29802,1019951.0,3.84,7.76,0.0073
2026-02-09,212,15443,272101.0,5.16,11.31,0.0363
2026-02-09,213,27515,520662.0,5.37,11.72,0.0414
2026-02-09,214,4793,112434.0,5.41,12.5,0.0502
2026-02-09,215,17366,327203.0,5.15,11.56,0.0407
2026-02-09,216,34254,647933.0,4.13,9.07,0.0183
2026-02-09,217,9558,175935.0,5.62,12.07,0.0451
2026-02-09,218,12084,249795.0,5.13,10.91,0.0316
2026-02-09,219,10160,211958.0,5.36,11.47,0.0368
2026-02-09,220,20264,424270.0,4.92,10.28,0.0282
2026-02-09,221,7916,157366.0,5.82,12.8,0.0602
2026-02-09,222,7321,155208.0,5.58,11.9,0.0477
2026-02-09,223,26952,567306.0,3.75,7.75,0.0093
2026-02-09,224,9403,269814.0,5.01,9.77,0.0186
2026-02-09,225,40902,972516.0,5.01,10.7,0.0287
2026-02-09,226,32630,678273.0,4.37,9.25,0.0171
2026-02-09,227,14321,302904.0,4.94,10.58,0.0309
2026-02-09,228,28926,678982.0,4.82,10.02,0.0238
2026-02-09,229,26642,834595.0,3.71,7.22,0.0056
2026-02-09,230,57153,2521672.0,4.25,10.42,0.0334
2026-02-09,231,56370,1997099.0,3.76,7.33,0.0054
2026-02-09,232,20534,580364.0,5.08,10.3,0.0235
2026-02-09,233,24113,757556.0,4.04,8.1,0.0084
2026-02-09,234,53382,1848671.0,3.95,8.19,0.0095
2026-02-09,235,22483,445311.0,5.32,11.51,0.0364
2026-02-09,236,33296,1133680.0,4.11,7.9,0.0073
2026-02-09,237,40523,1417676.0,3.65,6.98,0.0034
2026-02-09,238,23389,726014.0,4.18,8.58,0.0108
2026-02-09,239,27444,909300.0,4.03,7.98,0.0087
2026-02-09,240,3536,67800.0,5.72,11.84,0.0429
2026-02-09,241,20201,408262.0,4.91,10.5,0.0282
2026-02-09,242,23755,513741.0,4.97,10.7,0.032
2026-02-09,243,27391,648967.0,4.67,10.17,0.0264
2026-02-09,244,37512,922178.0,4.59,10.4,0.0283
2026-02-09,245,4233,90957.0,6.03,12.78,0.0608
2026-02-09,246,56684,2009286.0,4.3,8.88,0.0131
2026-02-09,247,26121,514454.0,5.11,10.81,0.0285
2026-02-09,248,13819,258575.0,5.21,11.56,0.0373
2026-02-09,249,42256,1379532.0,3.87,7.89,0.0071
2026-02-09,250,14634,279853.0,4.88,10.67,0.0282
2026-02-09,251,4718,94700.0,5.45,11.9,0.0456
2026-02-09,252,7680,180802.0,5.23,11.65,0.0343
2026-02-09,253,139,3715.0,4.83,10.43,0.0145
2026-02-09,254,28024,534194.0,5.49,11.86,0.043
2026-02-09,255,50085,1378385.0,4.08,8.69,0.0127
2026-02-09,256,43251,1136706.0,4.3,9.04,0.0156
2026-02-09,257,8355,217214.0,4.21,8.29,0.0115
2026-02-09,258,18365,381136.0,4.78,10.43,0.0285
2026-02-09,259,19340,372918.0,5.78,11.99,0.044
2026-02-09,260,24163,442777.0,4.08,8.58,0.0117
2026-02-09,261,18128,779759.0,4.44,9.26,0.0199
2026-02-09,262,16717,500549.0,4.66,9.21,0.0147
2026-02-09,263,25224,775090.0,4.35,8.48,0.0094
2026-02-09,265,253,6675.0,8.09,16.8,0.1377
2026-02-16,2,5,100.0,7.33,25.95,0.2
2026-02-16,3,11131,199071.0,4.27,9.61,0.0249
2026-02-16,4,13250,326233.0,4.28,8.82,0.0163
2026-02-16,5,1342,34185.0,6.32,14.36,0.0831
2026-02-16,6,2756,60681.0,5.17,11.5,0.0388
2026-02-16,7,46044,927645.0,3.69,7.96,0.0127
2026-02-16,8,113,2221.0,4.02,8.84,0.009
2026-02-16,9,4285,89641.0,4.28,9.37,0.02
2026-02-16,10,15094,307673.0,4.2,9.41,0.0255
2026-02-16,11,6292,124942.0,4.07,9.24,0.0234
2026-02-16,12,322,11422.0,3.69,8.04,0.0094
2026-02-16,13,18683,669928.0,3.83,7.92,0.0081
2026-02-16,14,26773,589172.0,3.82,8.07,0.0132
2026-02-16,15,3570,90552.0,5.57,12.31,0.0478
2026-02-16,16,9727,223306.0,4.39,10.28,0.031
2026-02-16,17,38773,810391.0,4.46,9.62,0.0255
2026-02-16,18,22682,413543.0,4.33,9.84,0.025
2026-02-16,19,4191,96369.0,4.93,10.91,0.0332
2026-02-16,20,14333,276657.0,4.24,9.7,0.0236
2026-02-16,21,13994,260569.0,4.08,8.93,0.0209
2026-02-16,22,18402,348048.0,4.15,9.1,0.0221
2026-02-16,23,7478,164708.0,5.49,12.93,0.0592
2026-02-16,24,6389,148044.0,3.92,8.26,0.0156
2026-02-16,25,26323,712248.0,4.14,8.76,0.0173
2026-02-16,26,29407,545424.0,4.89,10.45,0.0312
2026-02-16,27,155,5311.0,10.15,18.48,0.2222
2026-02-16,28,11965,241630.0,4.38,9.87,0.0251
2026-02-16,29,11627,225152.0,4.06,9.12,0.0221
2026-02-16,30,233,6259.0,8.71,17.65,0.1652
2026-02-16,31,1564,33465.0,4.47,10.33,0.0232
2026-02-16,32,12027,226951.0,4.29,9.69,0.022
2026-02-16,33,20780,604996.0,3.86,8.19,0.0121
2026-02-16,34,3816,116868.0,5.41,13.18,0.0669
2026-02-16,35,28055,519343.0,4.96,11.26,0.04
2026-02-16,36,41611,935541.0,4.22,9.9,0.0263
2026-02-16,37,55162,1251395.0,4.32,9.7,0.0251
2026-02-16,38,5825,136384.0,4.58,10.63,0.0362
2026-02-16,39,34496,628573.0,4.73,10.55,0.0349
2026-02-16,40,11035,284260.0,3.82,7.63,0.0099
2026-02-16,41,29846,611337.0,4.37,9.2,0.0195
2026-02-16,42,40498,798581.0,4.63,10.17,0.0265
2026-02-16,43,5439,164981.0,3.7,7.83,0.0078
2026-02-16,44,2085,54022.0,6.31,14.45,0.0855
2026-02-16,45,12912,353503.0,4.22,8.67,0.0136
2026-02-16,46,738,25112.0,9.03,17.91,0.1896
2026-02-16,47,15506,267926.0,4.43,9.87,0.025
2026-02-16,48,41067,1315131.0,3.55,7.6,0.0125
2026-02-16,49,28780,662327.0,3.97,8.41,0.0154
2026-02-16,50,23560,638113.0,3.77,7.61,0.0108
2026-02-16,51,18817,390922.0,5.12,11.36,0.0415
2026-02-16,52,7376,196241.0,3.55,7.05,0.0098
2026-02-16,53,7636,179124.0,5.36,12.65,0.0575
2026-02-16,54,2727,70483.0,3.91,7.8,0.0086
2026-02-16,55,13510,292929.0,4.48,10.03,0.0298
2026-02-16,56,15121,288066.0,4.48,10.08,0.0285
2026-02-16,57,1178,21994.0,4.77,11.25,0.043
2026-02-16,58,1681,37171.0,5.36,11.82,0.0421
2026-02-16,59,451,9425.0,4.7,10.4,0.0271
2026-02-16,60,10688,190150.0,4.84,10.81,0.0347
2026-02-16,61,60613,1261524.0,4.46,9.87,0.0247
2026-02-16,62,17449,372899.0,4.61,9.82,0.0242
2026-02-16,63,15180,296004.0,4.34,10.06,0.0266
2026-02-16,64,3172,81986.0,6.09,13.22,0.058
2026-02-16,65,21053,577279.0,4.33,9.73,0.0224
2026-02-16,66,16583,461768.0,3.98,8.86,0.0168
2026-02-16,67,9170,179131.0,4.07,8.83,0.0179
2026-02-16,68,48367,1706830.0,3.47,7.49,0.0097
2026-02-16,69,23583,448552.0,4.48,10.13,0.0264
2026-02-16,70,11196,235272.0,4.22,9.94,0.03
2026-02-16,71,19839,383058.0,4.59,10.12,0.0304
2026-02-16,72,23019,426889.0,4.97,11.18,0.039
2026-02-16,73,5258,105125.0,4.41,10.57,0.0334
2026-02-16,74,32148,637409.0,4.65,9.81,0.0248
2026-02-16,75,28906,690399.0,4.38,9.31,0.0201
2026-02-16,76,54416,982022.0,4.56,10.32,0.0317
2026-02-16,77,13111,252640.0,4.71,10.67,0.0351
2026-02-16,78,20815,372658.0,4.44,10.09,0.0276
2026-02-16,79,59082,1589801.0,3.59,7.6,0.0092
2026-02-16,80,40504,922563.0,4.12,9.16,0.0199
2026-02-16,81,13981,248868.0,4.89,10.87,0.0352
2026-02-16,82,36357,674165.0,4.37,9.96,0.0293
2026-02-16,83,12428,224593.0,4.3,9.5,0.0253
2026-02-16,84,2019,52148.0,5.88,12.49,0.0568
2026-02-16,85,14526,296956.0,4.43,9.58,0.0254
2026-02-16,86,10890,253336.0,6.16,13.85,0.0806
2026-02-16,87,26215,930625.0,3.73,7.84,0.0098
2026-02-16,88,11293,421882.0,3.75,8.03,0.011
2026-02-16,89,36572,778125.0,4.16,8.95,0.0216
2026-02-16,90,30146,909616.0,3.29,6.83,0.0063
2026-02-16,91,23533,460186.0,4.55,9.88,0.03
2026-02-16,92,27076,627267.0,5.15,12.23,0.0546
2026-02-16,93,1479,34440.0,4.58,10.8,0.0341
2026-02-16,94,9912,181476.0,4.31,9.74,0.0234
2026-02-16,95,33402,701400.0,4.36,9.59,0.0246
2026-02-16,96,567,11786.0,4.42,10.45,0.0287
2026-02-16,97,30932,747925.0,4.1,8.91,0.0213
2026-02-16,98,4447,95915.0,4.7,10.71,0.0296
2026-02-16,99,168,3776.0,6.75,14.72,0.0714
2026-02-16,100,23565,897392.0,3.76,8.86,0.0202
2026-02-16,101,4713,123524.0,5.08,12.32,0.0555
2026-02-16,102,12121,237777.0,4.5,10.02,0.0303
2026-02-16,106,11006,256842.0,3.99,8.1,0.0137
2026-02-16,107,33413,942961.0,3.48,6.88,0.0062
2026-02-16,108,7360,143870.0,4.15,8.78,0.0185
2026-02-16,109,3405,79509.0,5.93,13.42,0.0695
2026-02-16,110,7,223.0,7.88,17.69,0.1667
2026-02-16,111,136,2919.0,3.71,9.23,0.0222
2026-02-16,112,47301,1108687.0,3.9,8.15,0.0129
2026-02-16,113,27010,786631.0,3.44,6.92,0.0062
2026-02-16,114,27251,797989.0,3.56,7.68,0.0096
2026-02-16,115,3925,77746.0,5.54,12.3,0.0473
2026-02-16,116,20445,428647.0,4.34,9.5,0.0239
2026-02-16,117,7974,192746.0,6.57,15.09,0.1027
2026-02-16,118,4632,113809.0,5.58,13.73,0.0723
2026-02-16,119,15401,283625.0,4.42,9.87,0.0259
2026-02-16,120,342,6934.0,4.32,9.41,0.006
2026-02-16,121,11730,256019.0,4.54,10.43,0.0333
2026-02-16,122,6138,123629.0,4.61,10.64,0.0359
2026-02-16,123,18477,322913.0,3.98,8.22,0.0165
2026-02-16,124,7742,164231.0,5.05,11.32,0.0436
2026-02-16,125,16261,530276.0,3.46,6.83,0.0058
2026-02-16,126,14165,262690.0,4.67,11.14,0.0362
2026-02-16,127,17057,369341.0,3.92,9.15,0.0223
2026-02-16,128,1433,34063.0,3.96,8.29,0.0219
2026-02-16,129,38490,729776.0,4.33,9.81,0.027
2026-02-16,130,37713,783368.0,4.55,10.42,0.032
2026-02-16,131,8003,173881.0,4.42,9.89,0.0255
2026-02-16,132,72511,5357503.0,5.92,13.05,0.0666
2026-02-16,133,9613,200734.0,3.98,8.44,0.0195
2026-02-16,134,11082,232137.0,4.03,8.86,0.0204
2026-02-16,135,8788,189008.0,4.43,10.0,0.0252
2026-02-16,136,12041,226612.0,4.25,9.73,0.0233
2026-02-16,137,25008,643860.0,3.78,7.97,0.0129
2026-02-16,138,88633,4895979.0,5.41,12.62,0.05
2026-02-16,139,9956,202292.0,4.72,10.62,0.0339
2026-02-16,140,26743,783400.0,3.87,8.18,0.0122
2026-02-16,141,30086,852154.0,3.63,6.97,0.0048
2026-02-16,142,29229,913832.0,3.64,7.34,0.008
2026-02-16,143,21926,602784.0,3.7,7.22,0.0068
2026-02-16,144,32682,961105.0,3.8,7.79,0.0098
2026-02-16,145,42424,996694.0,3.93,8.51,0.0163
2026-02-16,146,12332,280556.0,3.7,7.89,0.0138
2026-02-16,147,9433,179607.0,4.32,9.86,0.0252
2026-02-16,148,47008,1357458.0,3.88,8.76,0.0153
2026-02-16,149,13803,246422.0,3.85,8.05,0.0144
2026-02-16,150,4970,103439.0,4.16,9.31,0.022
2026-02-16,151,13312,334834.0,3.96,8.23,0.0134
2026-02-16,152,9730,209897.0,4.4,9.65,0.0247
2026-02-16,153,4369,77230.0,4.49,10.02,0.0261
2026-02-16,154,229,6977.0,5.62,13.52,0.0625
2026-02-16,155,13334,288423.0,4.7,10.72,0.0373
2026-02-16,156,6753,126236.0,4.89,11.56,0.0474
2026-02-16,157,15696,362837.0,4.7,10.85,0.0345
2026-02-16,158,24742,768024.0,3.48,6.95,0.0055
2026-02-16,159,20977,390525.0,4.29,9.81,0.0257
2026-02-16,160,11323,225091.0,4.51,9.9,0.028
2026-02-16,161,52006,2084078.0,3.62,8.11,0.0124
2026-02-16,162,33726,1281173.0,3.45,7.16,0.0066
2026-02-16,163,35477,1390792.0,3.39,7.07,0.0061
2026-02-16,164,44434,1558606.0,3.68,8.12,0.0132
2026-02-16,165,16869,345624.0,4.01,8.34,0.0184
2026-02-16,166,20825,502721.0,3.86,8.15,0.0148
2026-02-16,167,17478,319764.0,4.41,9.82,0.0245
2026-02-16,168,31657,628566.0,4.61,10.36,0.0275
2026-02-16,169,22236,402684.0,4.4,10.04,0.0275
2026-02-16,170,40433,1255958.0,3.61,7.61,0.0085
2026-02-16,171,10556,214540.0,4.36,9.83,0.0251
2026-02-16,172,3118,67452.0,5.64,13.29,0.0684
2026-02-16,173,12920,236701.0,5.03,11.61,0.0462
2026-02-16,174,20852,404886.0,4.03,9.28,0.0222
2026-02-16,175,3740,93841.0,4.84,11.3,0.039
2026-02-16,176,1642,40468.0,5.77,13.04,0.0597
2026-02-16,177,20370,396310.0,4.72,10.7,0.0346
2026-02-16,178,6354,118893.0,4.14,8.57,0.0172
2026-02-16,179,17127,360208.0,3.94,8.35,0.014
2026-02-16,180,8190,149104.0,4.21,9.2,0.0195
2026-02-16,181,43145,1048188.0,3.52,7.33,0.01
2026-02-16,182,12647,241546.0,4.28,9.48,0.0241
2026-02-16,183,6658,125821.0,4.36,9.88,0.0255
2026-02-16,184,847,14616.0,4.3,9.82,0.0202
2026-02-16,185,15399,302477.0,4.32,9.76,0.0239
2026-02-16,186,26134,924078.0,3.34,8.04,0.0145
2026-02-16,187,3558,66524.0,5.16,12.12,0.0507
2026-02-16,188,34778,736306.0,4.45,9.52,0.0236
2026-02-16,189,17208,412440.0,3.84,8.12,0.0143
2026-02-16,190,1821,42437.0,4.02,8.49,0.0151
2026-02-16,191,14180,298172.0,4.49,10.5,0.0338
2026-02-16,192,6709,139940.0,4.28,9.96,0.0268
2026-02-16,193,7917,175210.0,4.25,9.77,0.0287
2026-02-16,194,552,18360.0,6.48,15.05,0.0996
2026-02-16,195,8716,244713.0,4.74,10.8,0.0373
2026-02-16,196,12785,259313.0,4.45,9.95,0.0274
2026-02-16,197,21452,405548.0,4.21,9.53,0.0244
2026-02-16,198,32772,702025.0,4.36,9.75,0.0257
2026-02-16,199,3,140.0,10.83,11.38,0.0
2026-02-16,200,9894,251638.0,4.77,10.42,0.033
2026-02-16,201,2602,75034.0,6.21,14.62,0.0939
2026-02-16,202,2779,85173.0,5.84,12.08,0.0488
2026-02-16,203,9492,183431.0,5.86,12.78,0.056
2026-02-16,204,1341,36174.0,5.81,13.08,0.0606
2026-02-16,205,19988,388547.0,4.89,11.04,0.0395
2026-02-16,206,9755,182988.0,4.84,11.58,0.0472
2026-02-16,207,750,11007.0,3.83,7.32,0.0134
2026-02-16,208,15701,313785.0,4.62,10.84,0.034
2026-02-16,209,9200,297734.0,4.22,8.64,0.0152
2026-02-16,210,17307,321543.0,3.9,8.57,0.0165
2026-02-16,211,24841,770473.0,3.43,6.9,0.0061
2026-02-16,212,13821,236998.0,4.54,10.37,0.0283
2026-02-16,213,23929,430744.0,4.88,11.04,0.035
2026-02-16,214,4296,95166.0,4.85,11.68,0.0434
2026-02-16,215,15077,277138.0,4.58,10.34,0.0312
2026-02-16,216,29828,560534.0,3.95,9.0,0.0224
2026-02-16,217,9539,160250.0,5.14,10.8,0.0317
2026-02-16,218,10180,206175.0,4.75,10.39,0.033
2026-02-16,219,8498,173065.0,5.11,11.17,0.0413
2026-02-16,220,17414,352962.0,4.25,9.33,0.0212
2026-02-16,221,6936,132359.0,5.19,11.71,0.0462
2026-02-16,222,6253,125804.0,4.98,11.01,0.0363
2026-02-16,223,24142,493629.0,3.62,7.85,0.0128
2026-02-16,224,9379,238165.0,4.49,8.69,0.013
2026-02-16,225,36875,810867.0,4.51,9.67,0.0226
2026-02-16,226,29804,598134.0,4.14,8.95,0.02
2026-02-16,227,12741,262835.0,4.45,10.05,0.0284
2026-02-16,228,24036,554626.0,4.51,9.89,0.0265
2026-02-16,229,25322,735478.0,3.46,6.76,0.006
2026-02-16,230,51326,2119549.0,3.69,8.73,0.0172
2026-02-16,231,50059,1619325.0,3.49,6.8,0.0053
2026-02-16,232,19464,507682.0,4.68,9.86,0.0233
2026-02-16,233,23042,673935.0,3.74,7.53,0.007
2026-02-16,234,48658,1540526.0,3.52,7.33,0.0081
2026-02-16,235,20173,371277.0,4.75,10.83,0.0309
2026-02-16,236,32777,974771.0,3.66,6.97,0.0054
2026-02-16,237,37827,1192962.0,3.36,6.46,0.0044
2026-02-16,238,23008,633153.0,3.76,7.57,0.0089
2026-02-16,239,27774,810989.0,3.57,6.87,0.0069
2026-02-16,240,3082,57058.0,5.05,10.83,0.035
2026-02-16,241,17336,332405.0,4.36,9.68,0.0237
2026-02-16,242,19445,371723.0,4.3,9.92,0.0267
2026-02-16,243,24626,553260.0,4.14,9.3,0.0218
2026-02-16,244,34926,812930.0,4.11,9.37,0.0244
2026-02-16,245,3664,74488.0,5.18,11.9,0.0476
2026-02-16,246,46035,1482725.0,3.81,7.95,0.0102
2026-02-16,247,23758,434369.0,4.58,10.09,0.0246
2026-02-16,248,12277,214708.0,4.47,10.24,0.0273
2026-02-16,249,41081,1207609.0,3.54,7.4,0.0078
2026-02-16,250,12449,226030.0,4.31,9.73,0.0252
2026-02-16,251,4155,82735.0,5.02,11.46,0.0429
2026-02-16,252,6341,143147.0,5.19,11.94,0.0453
2026-02-16,253,148,3913.0,4.8,10.9,0.0411
2026-02-16,254,24365,446856.0,4.85,10.94,0.0345
2026-02-16,255,47821,1239743.0,3.9,8.51,0.015
2026-02-16,256,42343,1034682.0,4.09,8.72,0.0162
2026-02-16,257,6813,169940.0,3.81,7.63,0.0095
2026-02-16,258,15411,314543.0,4.39,10.1,0.0283
2026-02-16,259,17012,317288.0,5.27,11.26,0.0403
2026-02-16,260,22318,402244.0,3.85,8.48,0.0167
2026-02-16,261,15468,612693.0,3.96,8.36,0.0125
2026-02-16,262,16515,438919.0,4.12,7.94,0.0074
2026-02-16,263,25264,695759.0,3.9,7.51,0.0089
2026-02-16,265,237,6442.0,7.43,17.13,0.1535
2026-02-23,1,1,30.0,,,
2026-02-23,2,5,209.0,11.27,17.63,0.4
2026-02-23,3,12249,235660.0,5.37,12.3,0.0517
2026-02-23,4,12378,330910.0,4.67,10.47,0.0296
2026-02-23,5,1711,46745.0,7.82,16.36,0.1318
2026-02-23,6,3106,71306.0,6.68,15.74,0.1143
2026-02-23,7,45141,970798.0,4.34,10.09,0.0286
2026-02-23,8,116,2659.0,4.43,10.85,0.0174
2026-02-23,9,4680,101801.0,4.86,11.38,0.0402
2026-02-23,10,16220,357229.0,5.27,12.77,0.0624
2026-02-23,11,7156,147769.0,4.82,11.46,0.0451
2026-02-23,12,212,8250.0,4.35,10.64,0.0478
2026-02-23,13,17164,658364.0,4.27,8.83,0.0133
2026-02-23,14,29625,673578.0,4.58,10.34,0.0313
2026-02-23,15,3739,96607.0,5.98,13.42,0.0613
2026-02-23,16,10543,244052.0,5.03,11.86,0.0457
2026-02-23,17,41006,966249.0,5.23,11.7,0.0438
2026-02-23,18,23658,493429.0,5.47,12.59,0.0522
2026-02-23,19,4581,109936.0,5.7,12.75,0.058
2026-02-23,20,14786,325313.0,5.36,12.41,0.0515
2026-02-23,21,15680,310428.0,4.76,11.08,0.0405
2026-02-23,22,20441,406507.0,5.0,11.67,0.0455
2026-02-23,23,8942,214451.0,6.96,15.72,0.113
2026-02-23,24,6082,151758.0,4.41,9.96,0.028
2026-02-23,25,25619,764282.0,4.76,10.49,0.0298
2026-02-23,26,29753,601087.0,5.85,12.91,0.0621
2026-02-23,27,139,5888.0,10.62,24.47,0.272
2026-02-23,28,12619,277458.0,5.34,12.46,0.0529
2026-02-23,29,11630,234152.0,4.67,10.9,0.0368
2026-02-23,30,247,7630.0,9.78,18.87,0.2107
2026-02-23,31,1633,37371.0,5.86,12.74,0.0548
2026-02-23,32,13011,267217.0,5.5,12.6,0.0583
2026-02-23,33,19639,638022.0,4.45,9.74,0.0232
2026-02-23,34,4590,171923.0,6.43,15.71,0.1134
2026-02-23,35,31143,635239.0,6.11,13.91,0.0765
2026-02-23,36,36430,871851.0,4.86,11.37,0.0401
2026-02-23,37,51243,1258933.0,4.97,11.48,0.0417
2026-02-23,38,6118,149348.0,5.78,13.4,0.0728
2026-02-23,39,38502,762804.0,5.95,13.46,0.0701
2026-02-23,40,11392,312721.0,4.38,9.22,0.0212
2026-02-23,41,29635,674232.0,5.13,11.22,0.0373
2026-02-23,42,41068,905151.0,5.44,12.13,0.0454
2026-02-23,43,4802,155318.0,4.04,8.46,0.0158
2026-02-23,44,2341,66582.0,7.49,16.6,0.1412
2026-02-23,45,9538,285983.0,4.88,10.85,0.0349
2026-02-23,46,815,29005.0,9.26,18.86,0.2186
2026-02-23,47,17806,365306.0,5.54,12.51,0.0525
2026-02-23,48,34575,1190890.0,3.89,8.55,0.015
2026-02-23,49,29591,758561.0,4.62,10.3,0.029
2026-02-23,50,19668,584524.0,4.18,8.52,0.0154
2026-02-23,51,22021,495372.0,6.15,13.59,0.0721
2026-02-23,52,7473,221248.0,4.09,8.9,0.0185
2026-02-23,53,8033,196078.0,6.06,14.36,0.0862
2026-02-23,54,2850,76347.0,4.3,9.32,0.0216
2026-02-23,55,15230,347954.0,5.17,12.38,0.0561
2026-02-23,56,15006,311542.0,5.42,12.56,0.0539
2026-02-23,57,1205,24578.0,5.74,13.38,0.072
2026-02-23,58,1710,38158.0,6.13,13.65,0.0619
2026-02-23,59,606,13383.0,5.52,12.75,0.0582
2026-02-23,60,11966,237114.0,5.85,13.37,0.0666
2026-02-23,61,61044,1442799.0,5.27,12.02,0.0464
2026-02-23,62,17321,415614.0,5.53,12.35,0.0506
2026-02-23,63,16066,342669.0,5.23,12.29,0.0528
2026-02-23,64,3571,91402.0,6.67,14.74,0.0919
2026-02-23,65,19778,594367.0,4.98,11.41,0.0411
2026-02-23,66,15315,467363.0,4.6,10.28,0.0276
2026-02-23,67,10441,218929.0,5.05,11.54,0.0465
2026-02-23,68,38989,1514650.0,3.84,8.56,0.0143
2026-02-23,69,25201,548507.0,5.52,12.69,0.0564
2026-02-23,70,10971,244575.0,5.07,12.0,0.0509
2026-02-23,71,20860,446797.0,5.66,12.91,0.0626
2026-02-23,72,25185,515697.0,6.11,13.72,0.0734
2026-02-23,73,5305,112040.0,5.1,12.31,0.0564
2026-02-23,74,31760,710668.0,5.37,11.78,0.0413
2026-02-23,75,28451,735714.0,5.11,11.33,0.0389
2026-02-23,76,60969,1189194.0,5.5,12.73,0.0585
2026-02-23,77,14601,301147.0,5.8,13.56,0.07
2026-02-23,78,22873,476802.0,5.5,12.71,0.057
2026-02-23,79,49381,1474077.0,3.89,8.32,0.0121
2026-02-23,80,36216,908439.0,4.52,10.18,0.0266
2026-02-23,81,16091,310634.0,6.12,13.38,0.0671
2026-02-23,82,35698,710382.0,5.18,12.07,0.0493
2026-02-23,83,12489,245745.0,5.05,11.88,0.0483
2026-02-23,84,2646,72501.0,7.03,15.2,0.1038
2026-02-23,85,15209,337767.0,5.41,12.4,0.055
2026-02-23,86,11762,307782.0,7.74,16.91,0.1466
2026-02-23,87,22151,835719.0,4.17,9.1,0.0153
2026-02-23,88,9950,400465.0,4.33,9.63,0.021
2026-02-23,89,37754,859233.0,4.97,11.21,0.0411
2026-02-23,90,25093,850208.0,3.64,7.79,0.0095
2026-02-23,91,25840,549849.0,5.56,12.9,0.0633
2026-02-23,92,25160,601102.0,5.56,12.92,0.0597
2026-02-23,93,1427,35184.0,5.12,11.11,0.0416
2026-02-23,94,10442,224002.0,5.44,12.44,0.0524
2026-02-23,95,34418,771101.0,5.25,11.72,0.0435
2026-02-23,96,609,13734.0,5.37,11.24,0.0453
2026-02-23,97,31407,876364.0,4.8,10.8,0.034
2026-02-23,98,4989,112176.0,5.24,12.35,0.0485
2026-02-23,99,173,3970.0,7.95,15.15,0.0994
2026-02-23,100,19118,795943.0,4.12,9.35,0.0211
2026-02-23,101,5096,141415.0,5.98,14.02,0.0785
2026-02-23,102,12760,270784.0,5.34,12.57,0.0575
2026-02-23,106,10881,270564.0,4.56,9.65,0.0209
2026-02-23,107,28113,878705.0,3.88,8.08,0.0099
2026-02-23,108,8550,180772.0,4.7,10.84,0.0348
2026-02-23,109,4134,101582.0,7.26,16.18,0.1265
2026-02-23,110,4,135.0,7.71,27.8,0.25
2026-02-23,111,192,4298.0,4.53,9.12,0.0263
2026-02-23,112,49168,1247859.0,4.35,9.76,0.0214
2026-02-23,113,22871,747384.0,3.86,8.09,0.0106
2026-02-23,114,23008,755825.0,3.92,8.29,0.0121
2026-02-23,115,4479,100161.0,7.72,17.25,0.1502
2026-02-23,116,20434,475172.0,5.16,11.84,0.0425
2026-02-23,117,9008,238220.0,7.92,17.02,0.1486
2026-02-23,118,5798,146888.0,7.36,16.16,0.1268
2026-02-23,119,16684,355801.0,5.37,12.38,0.0499
2026-02-23,120,453,10718.0,5.45,11.93,0.0607
2026-02-23,121,12124,284455.0,5.26,12.3,0.0538
2026-02-23,122,6871,151172.0,5.57,13.46,0.0716
2026-02-23,123,20353,367790.0,4.72,10.48,0.0338
2026-02-23,124,8288,185862.0,5.81,13.07,0.0615
2026-02-23,125,13528,473173.0,3.79,7.49,0.0076
2026-02-23,126,15738,319914.0,5.66,13.05,0.0612
2026-02-23,127,18054,428422.0,4.74,11.35,0.0418
2026-02-23,128,1444,37446.0,4.76,11.22,0.0518
2026-02-23,129,36870,751374.0,4.99,11.54,0.0443
2026-02-23,130,38640,870970.0,5.49,12.6,0.0578
2026-02-23,131,8303,193990.0,5.2,11.95,0.0491
2026-02-23,132,67897,5277057.0,6.52,17.29,0.136
2026-02-23,133,9601,214236.0,4.7,10.48,0.0317
2026-02-23,134,11374,258518.0,4.94,11.18,0.0387
2026-02-23,135,9732,223951.0,5.11,11.85,0.0447
2026-02-23,136,12614,273449.0,5.31,12.47,0.0527
2026-02-23,137,23017,668987.0,4.35,9.64,0.0234
2026-02-23,138,83203,4873693.0,6.6,14.63,0.0909
2026-02-23,139,10444,230285.0,5.67,13.05,0.0666
2026-02-23,140,25118,802748.0,4.32,9.45,0.0212
2026-02-23,141,26591,820861.0,4.06,8.06,0.0097
2026-02-23,142,25715,865694.0,3.91,8.12,0.0115
2026-02-23,143,20749,631246.0,4.07,8.46,0.0129
2026-02-23,144,25747,850580.0,4.23,8.89,0.0157
2026-02-23,145,41330,1021610.0,4.57,10.35,0.0289
2026-02-23,146,11797,287410.0,4.21,9.59,0.0257
2026-02-23,147,10424,217263.0,5.22,12.17,0.0463
2026-02-23,148,39422,1266122.0,4.27,9.51,0.0216
2026-02-23,149,14883,285749.0,4.51,10.19,0.0292
2026-02-23,150,5604,120955.0,4.81,10.94,0.036
2026-02-23,151,12172,328261.0,4.55,9.96,0.0241
2026-02-23,152,10021,234522.0,5.12,11.56,0.0401
2026-02-23,153,4614,88620.0,5.49,12.34,0.0503
2026-02-23,154,251,6122.0,5.79,12.84,0.0492
2026-02-23,155,15361,351448.0,5.5,12.84,0.0621
2026-02-23,156,7882,160889.0,6.52,15.3,0.1062
2026-02-23,157,16594,394670.0,5.47,12.42,0.0537
2026-02-23,158,21467,733837.0,3.76,7.73,0.0076
2026-02-23,159,22995,487769.0,5.31,12.24,0.0488
2026-02-23,160,12202,256909.0,5.37,12.44,0.0564
2026-02-23,161,43726,1889854.0,3.86,8.77,0.0175
2026-02-23,162,29009,1184577.0,3.71,7.77,0.0108
2026-02-23,163,29391,1225560.0,3.61,7.68,0.0088
2026-02-23,164,35675,1353352.0,4.01,8.95,0.017
2026-02-23,165,18370,399995.0,4.81,10.71,0.0343
2026-02-23,166,19300,505458.0,4.39,9.95,0.0257
2026-02-23,167,19052,398824.0,5.3,12.12,0.0505
2026-02-23,168,31825,695062.0,5.49,12.53,0.0543
2026-02-23,169,23341,486649.0,5.54,12.75,0.0577
2026-02-23,170,33825,1148393.0,3.92,8.42,0.0132
2026-02-23,171,10628,226188.0,4.84,11.39,0.0395
2026-02-23,172,3741,89048.0,6.91,15.84,0.1167
2026-02-23,173,12410,248432.0,5.99,13.73,0.0725
2026-02-23,174,22196,487170.0,5.14,12.21,0.0531
2026-02-23,175,4293,109259.0,5.38,12.52,0.0548
2026-02-23,176,1915,53728.0,7.35,16.44,0.1357
2026-02-23,177,20510,443577.0,5.77,13.19,0.0639
2026-02-23,178,7150,139365.0,5.06,11.1,0.0388
2026-02-23,179,16909,387869.0,4.56,10.31,0.0298
2026-02-23,180,9337,181180.0,4.92,11.24,0.0374
2026-02-23,181,46368,1248536.0,4.15,9.33,0.0219
2026-02-23,182,13373,277572.0,5.25,12.07,0.0481
2026-02-23,183,6924,138950.0,5.36,12.09,0.0457
2026-02-23,184,971,17442.0,5.41,11.33,0.0387
2026-02-23,185,16414,353891.0,5.46,12.57,0.0557
2026-02-23,186,22240,877673.0,3.76,8.91,0.0175
2026-02-23,187,4360,93062.0,6.97,15.4,0.1092
2026-02-23,188,35304,810465.0,5.39,12.2,0.0505
2026-02-23,189,16950,450157.0,4.49,9.8,0.026
2026-02-23,190,2111,53257.0,4.56,10.14,0.0308
2026-02-23,191,15314,344355.0,5.4,12.68,0.059
2026-02-23,192,7006,151284.0,4.93,11.76,0.0441
2026-02-23,193,7716,173149.0,4.83,11.43,0.043
2026-02-23,194,541,18705.0,7.18,16.77,0.1157
2026-02-23,195,8935,260077.0,5.27,12.39,0.0538
2026-02-23,196,12761,271441.0,5.38,12.25,0.0508
2026-02-23,197,22347,460123.0,5.05,11.93,0.0512
2026-02-23,198,30990,722667.0,5.05,11.71,0.0448
2026-02-23,199,1,29.0,9.32,9.32,0.0
2026-02-23,200,10456,283543.0,5.74,13.1,0.066
2026-02-23,201,2839,91152.0,7.22,16.53,0.1293
2026-02-23,202,2761,91171.0,6.51,13.48,0.0675
2026-02-23,203,9761,211525.0,6.91,15.05,0.1008
2026-02-23,204,1590,45583.0,6.82,14.79,0.0957
2026-02-23,205,21138,451532.0,5.97,13.75,0.0753
2026-02-23,206,11547,251813.0,6.93,16.05,0.1231
2026-02-23,207,668,10978.0,3.95,7.92,0.003
2026-02-23,208,17720,382834.0,5.6,12.98,0.0589
2026-02-23,209,7993,281151.0,4.63,9.9,0.0225
2026-02-23,210,18638,357882.0,4.61,10.53,0.0347
2026-02-23,211,20779,726139.0,3.78,7.67,0.0071
2026-02-23,212,14649,268481.0,5.53,12.67,0.054
2026-02-23,213,26582,521690.0,5.83,13.04,0.0618
2026-02-23,214,5272,136223.0,6.81,15.89,0.1181
2026-02-23,215,15729,318263.0,5.7,13.45,0.0727
2026-02-23,216,30954,621583.0,4.69,11.34,0.0442
2026-02-23,217,9371,178931.0,5.88,12.99,0.0595
2026-02-23,218,11235,247472.0,5.84,13.34,0.069
2026-02-23,219,9502,213235.0,6.05,13.51,0.0703
2026-02-23,220,18618,403096.0,5.19,11.48,0.0417
2026-02-23,221,7913,170321.0,7.25,16.41,0.1294
2026-02-23,222,6517,139402.0,6.12,13.96,0.0779
2026-02-23,223,24321,529901.0,4.16,9.59,0.0242
2026-02-23,224,7993,228793.0,4.95,10.26,0.0268
2026-02-23,225,37452,911200.0,5.23,11.84,0.0428
2026-02-23,226,29068,631915.0,4.81,10.9,0.0348
2026-02-23,227,12653,278603.0,5.28,12.03,0.0479
2026-02-23,228,24309,574585.0,5.17,11.37,0.0406
2026-02-23,229,22132,701630.0,3.84,7.86,0.0105
2026-02-23,230,42050,1874552.0,3.99,9.38,0.0219
2026-02-23,231,44632,1578386.0,3.76,7.68,0.008
2026-02-23,232,17918,504240.0,5.22,11.19,0.0367
2026-02-23,233,19795,615867.0,4.12,8.48,0.012
2026-02-23,234,39942,1393082.0,3.9,8.16,0.0117
2026-02-23,235,21539,457775.0,5.92,13.49,0.069
2026-02-23,236,29901,976782.0,4.02,7.99,0.0106
2026-02-23,237,33491,1151045.0,3.64,7.24,0.0068
2026-02-23,238,21384,640556.0,4.2,9.03,0.0177
2026-02-23,239,24591,780146.0,3.98,8.38,0.014
2026-02-23,240,3332,69678.0,6.08,13.03,0.0618
2026-02-23,241,18408,393230.0,5.31,12.12,0.049
2026-02-23,242,20719,430222.0,5.44,12.69,0.0574
2026-02-23,243,24241,591805.0,4.99,11.57,0.0423
2026-02-23,244,34466,891423.0,4.88,11.61,0.0431
2026-02-23,245,5203,136769.0,7.63,17.3,0.15
2026-02-23,246,40739,1434036.0,4.19,8.87,0.0147
2026-02-23,247,26063,537378.0,5.49,12.17,0.0494
2026-02-23,248,13232,259558.0,5.55,12.46,0.0535
2026-02-23,249,35025,1149785.0,3.87,8.15,0.0091
2026-02-23,250,13444,262851.0,5.19,12.27,0.0523
2026-02-23,251,5066,107984.0,6.63,14.89,0.0978
2026-02-23,252,6725,157722.0,5.71,12.97,0.0549
2026-02-23,253,129,3659.0,5.64,12.47,0.0698
2026-02-23,254,26569,541525.0,6.27,14.24,0.0839
2026-02-23,255,43402,1242072.0,4.28,9.56,0.0214
2026-02-23,256,39169,1053856.0,4.51,9.97,0.025
2026-02-23,257,7689,198024.0,4.4,9.48,0.0221
2026-02-23,258,16277,352740.0,5.27,12.33,0.0534
2026-02-23,259,18675,388945.0,6.58,14.26,0.0841
2026-02-23,260,22049,425023.0,4.49,10.34,0.0312
2026-02-23,261,12550,525357.0,4.43,9.4,0.0205
2026-02-23,262,15035,446182.0,4.56,9.39,0.0185
2026-02-23,263,22673,686626.0,4.32,8.96,0.0147
2026-02-23,265,244,5831.0,8.25,19.13,0.1752
2026-03-02,2,10,336.0,9.92,35.07,0.2
2026-03-02,3,12913,236082.0,4.72,10.37,0.0274
2026-03-02,4,13496,359293.0,4.46,9.87,0.021
2026-03-02,5,1593,41595.0,6.08,13.57,0.065
2026-03-02,6,3191,70549.0,5.49,12.54,0.0511
2026-03-02,7,48170,1019692.0,3.92,8.76,0.0126
2026-03-02,8,125,2436.0,3.96,9.39,0.0242
2026-03-02,9,4916,104634.0,4.48,9.79,0.0224
2026-03-02,10,17042,361834.0,4.64,10.3,0.0276
2026-03-02,11,6527,132522.0,4.18,9.35,0.0159
2026-03-02,12,348,12347.0,3.86,9.16,0.0058
2026-03-02,13,21547,865095.0,4.02,8.4,0.0096
2026-03-02,14,29210,671631.0,3.95,8.56,0.0106
2026-03-02,15,3692,95794.0,5.71,12.44,0.0465
2026-03-02,16,10750,246324.0,4.64,10.36,0.0273
2026-03-02,17,41129,916497.0,4.82,10.53,0.0255
2026-03-02,18,25857,507959.0,4.99,11.15,0.0306
2026-03-02,19,4807,113812.0,5.24,11.41,0.0302
2026-03-02,20,16982,392827.0,4.98,11.42,0.0344
2026-03-02,21,14962,296060.0,4.15,9.15,0.0154
2026-03-02,22,19278,373788.0,4.25,9.33,0.0155
2026-03-02,23,9003,210261.0,5.73,13.22,0.062
2026-03-02,24,6640,162359.0,4.35,9.73,0.0191
2026-03-02,25,28354,839306.0,4.46,9.69,0.0192
2026-03-02,26,31159,633292.0,5.32,11.24,0.0361
2026-03-02,27,204,7640.0,9.62,19.73,0.2332
2026-03-02,28,13294,283371.0,4.61,10.17,0.0214
2026-03-02,29,11787,236988.0,4.16,9.19,0.0181
2026-03-02,30,278,8529.0,7.97,16.51,0.1375
2026-03-02,31,1757,42628.0,5.33,11.63,0.0378
2026-03-02,32,13826,271557.0,4.9,10.98,0.0299
2026-03-02,33,23218,740090.0,4.12,9.09,0.017
2026-03-02,34,4230,149152.0,5.89,13.88,0.0756
2026-03-02,35,34047,658901.0,5.49,12.11,0.0439
2026-03-02,36,39420,914939.0,4.46,10.47,0.0281
2026-03-02,37,52951,1268993.0,4.63,10.56,0.0281
2026-03-02,38,6398,149666.0,5.05,11.38,0.0398
2026-03-02,39,39876,757332.0,5.15,11.33,0.0385
2026-03-02,40,12204,340761.0,3.98,8.43,0.0113
2026-03-02,41,32976,730860.0,4.99,10.96,0.0308
2026-03-02,42,45305,953295.0,5.23,11.57,0.0358
2026-03-02,43,5587,185944.0,3.94,8.27,0.01
2026-03-02,44,2440,68416.0,6.43,14.01,0.081
2026-03-02,45,11933,347448.0,4.33,9.28,0.0163
2026-03-02,46,836,29072.0,8.88,18.02,0.1757
2026-03-02,47,19006,358862.0,5.07,11.15,0.0295
2026-03-02,48,40606,1384663.0,3.69,8.03,0.0106
2026-03-02,49,30813,764684.0,4.26,9.28,0.0173
2026-03-02,50,24459,722754.0,4.0,8.32,0.0104
2026-03-02,51,22163,487433.0,5.7,12.31,0.0479
2026-03-02,52,8216,239210.0,3.81,8.33,0.0087
2026-03-02,53,8146,195426.0,5.64,13.19,0.0606
2026-03-02,54,2936,78486.0,4.1,8.71,0.0121
2026-03-02,55,16165,367270.0,4.7,10.69,0.0313
2026-03-02,56,16188,325747.0,4.79,10.41,0.0239
2026-03-02,57,1300,25851.0,5.2,11.17,0.0364
2026-03-02,58,1892,40279.0,5.9,12.65,0.0484
2026-03-02,59,603,12694.0,5.28,11.77,0.0367
2026-03-02,60,12870,244027.0,5.43,11.99,0.0416
2026-03-02,61,66013,1467830.0,4.79,10.61,0.0249
2026-03-02,62,19119,425544.0,4.97,10.68,0.0256
2026-03-02,63,16695,349513.0,4.66,10.56,0.0252
2026-03-02,64,3570,94349.0,6.25,13.17,0.0581
2026-03-02,65,22508,674412.0,4.77,10.53,0.0281
2026-03-02,66,17174,517581.0,4.31,9.58,0.0213
2026-03-02,67,9968,209641.0,4.19,9.22,0.0144
2026-03-02,68,48121,1893797.0,3.61,8.09,0.0103
2026-03-02,69,27486,560417.0,5.09,11.55,0.0362
2026-03-02,70,11895,259481.0,4.4,10.16,0.0253
2026-03-02,71,22933,464246.0,4.98,10.92,0.0306
2026-03-02,72,26635,513972.0,5.42,11.8,0.0408
2026-03-02,73,5461,111306.0,4.54,10.23,0.0299
2026-03-02,74,35924,768739.0,5.26,11.24,0.032
2026-03-02,75,32628,832349.0,4.99,10.81,0.0271
2026-03-02,76,65418,1244094.0,4.92,10.95,0.0326
2026-03-02,77,15872,314191.0,5.11,11.4,0.0346
2026-03-02,78,24592,484951.0,5.05,11.44,0.0344
2026-03-02,79,57528,1665267.0,3.67,8.14,0.0112
2026-03-02,80,38696,952187.0,4.34,9.76,0.0193
2026-03-02,81,16433,306244.0,5.48,11.9,0.04
2026-03-02,82,39179,758726.0,4.67,10.56,0.0265
2026-03-02,83,12907,243643.0,4.46,10.03,0.02
2026-03-02,84,2592,69674.0,5.78,12.47,0.0521
2026-03-02,85,15925,336020.0,4.73,10.24,0.0236
2026-03-02,86,13009,330185.0,6.6,14.39,0.0883
2026-03-02,87,27655,1095549.0,3.84,8.38,0.0119
2026-03-02,88,12120,502017.0,4.08,8.79,0.014
2026-03-02,89,40322,892371.0,4.42,9.67,0.0201
2026-03-02,90,31082,1046267.0,3.44,7.41,0.0081
2026-03-02,91,25763,529016.0,4.89,10.6,0.0278
2026-03-02,92,26913,649997.0,5.12,11.78,0.0431
2026-03-02,93,1726,45966.0,4.75,10.99,0.0322
2026-03-02,94,11612,230352.0,5.12,11.45,0.0344
2026-03-02,95,37194,819828.0,4.76,10.5,0.0279
2026-03-02,96,567,11916.0,5.05,10.58,0.0231
2026-03-02,97,33710,887576.0,4.43,9.74,0.0206
2026-03-02,98,5022,111797.0,5.03,11.06,0.0307
2026-03-02,99,169,3984.0,6.87,13.74,0.0602
2026-03-02,100,25203,1106135.0,3.91,9.07,0.0185
2026-03-02,101,5142,138252.0,5.53,12.33,0.0494
2026-03-02,102,12671,259644.0,4.83,10.83,0.0299
2026-03-02,105,1,70.0,5.78,5.78,0.0
2026-03-02,106,11356,282340.0,4.29,8.79,0.0128
2026-03-02,107,35069,1111325.0,3.69,7.65,0.0068
2026-03-02,108,8569,172176.0,4.16,9.33,0.0135
2026-03-02,109,3906,93235.0,5.94,13.19,0.0655
2026-03-02,110,6,235.0,6.21,17.71,0.1667
2026-03-02,111,158,3571.0,4.32,8.23,0.0
2026-03-02,112,51387,1290759.0,4.08,9.04,0.0153
2026-03-02,113,29007,931043.0,3.62,7.51,0.0067
2026-03-02,114,28027,902503.0,3.72,8.06,0.0105
2026-03-02,115,4494,88972.0,6.02,13.08,0.0596
2026-03-02,116,22138,487921.0,4.87,11.02,0.0321
2026-03-02,117,9987,263443.0,7.09,15.65,0.1144
2026-03-02,118,5487,137685.0,5.95,13.25,0.0608
2026-03-02,119,18021,360138.0,4.89,10.91,0.0248
2026-03-02,120,445,10251.0,4.85,11.54,0.053
2026-03-02,121,11716,268836.0,4.75,10.74,0.0262
2026-03-02,122,7105,145280.0,4.76,10.69,0.0291
2026-03-02,123,19222,354793.0,4.16,8.7,0.0107
2026-03-02,124,8497,180687.0,5.29,11.6,0.0405
2026-03-02,125,16870,615804.0,3.63,7.74,0.0097
2026-03-02,126,17512,345518.0,5.34,12.11,0.0421
2026-03-02,127,19492,443226.0,4.48,10.56,0.0284
2026-03-02,128,1525,37667.0,4.54,9.67,0.0213
2026-03-02,129,40052,795733.0,4.6,10.33,0.0265
2026-03-02,130,41298,902656.0,4.88,11.03,0.0338
2026-03-02,131,8406,193867.0,4.67,10.14,0.0215
2026-03-02,132,70259,5780591.0,5.63,12.47,0.0524
2026-03-02,133,10101,221613.0,4.2,9.11,0.014
2026-03-02,134,12327,272967.0,4.46,9.8,0.0207
2026-03-02,135,10399,240288.0,4.54,10.21,0.0218
2026-03-02,136,13519,279057.0,4.9,11.12,0.0288
2026-03-02,137,25512,727680.0,4.11,8.81,0.0126
2026-03-02,138,95875,5998711.0,5.67,12.73,0.0499
2026-03-02,139,11194,228583.0,5.03,10.89,0.0289
2026-03-02,140,29489,945101.0,4.27,9.18,0.0162
2026-03-02,141,32052,979709.0,3.93,7.83,0.0071
2026-03-02,142,31584,1102685.0,3.77,7.68,0.0067
2026-03-02,143,24352,723160.0,3.92,8.07,0.0078
2026-03-02,144,31672,1039682.0,3.91,8.19,0.0109
2026-03-02,145,44931,1095876.0,4.23,9.32,0.019
2026-03-02,146,13113,319163.0,3.98,8.87,0.0154
2026-03-02,147,11253,226549.0,4.81,11.16,0.0286
2026-03-02,148,46357,1434181.0,4.01,9.11,0.0177
2026-03-02,149,14338,271536.0,3.98,8.51,0.0136
2026-03-02,150,5838,130507.0,4.36,9.81,0.0217
2026-03-02,151,13953,369725.0,4.43,9.69,0.0194
2026-03-02,152,11449,266222.0,4.88,11.01,0.0354
2026-03-02,153,5218,98626.0,5.18,11.35,0.0329
2026-03-02,154,259,6223.0,5.36,10.99,0.0357
2026-03-02,155,14855,336350.0,4.97,11.17,0.0369
2026-03-02,156,8268,156527.0,5.04,11.46,0.0346
2026-03-02,157,15921,348947.0,4.79,10.57,0.0302
2026-03-02,158,27496,953681.0,3.59,7.52,0.0071
2026-03-02,159,25462,513510.0,4.96,11.08,0.0302
2026-03-02,160,11701,242083.0,4.79,10.49,0.026
2026-03-02,161,58530,2740249.0,3.83,8.87,0.0156
2026-03-02,162,38703,1682820.0,3.64,7.71,0.0077
2026-03-02,163,38792,1727416.0,3.51,7.42,0.006
2026-03-02,164,45781,1809613.0,3.8,8.49,0.0133
2026-03-02,165,18057,383742.0,4.32,9.11,0.0164
2026-03-02,166,22513,573168.0,4.26,9.67,0.0219
2026-03-02,167,20710,402982.0,4.95,10.87,0.0252
2026-03-02,168,36604,762738.0,5.19,11.49,0.0336
2026-03-02,169,25963,505151.0,4.98,11.06,0.0281
2026-03-02,170,42673,1497478.0,3.8,8.22,0.0104
2026-03-02,171,11013,228827.0,4.44,9.86,0.0229
2026-03-02,172,3691,84590.0,5.82,13.58,0.0706
2026-03-02,173,13486,258583.0,5.32,11.79,0.0393
2026-03-02,174,23393,484476.0,4.59,10.31,0.0239
2026-03-02,175,4635,117485.0,5.12,11.12,0.0283
2026-03-02,176,1855,48389.0,5.9,13.39,0.0765
2026-03-02,177,21848,449389.0,5.24,11.63,0.0373
2026-03-02,178,7061,139419.0,4.5,9.35,0.0139
2026-03-02,179,18269,412463.0,4.17,8.94,0.0142
2026-03-02,180,9721,185866.0,4.43,9.71,0.018
2026-03-02,181,49001,1296850.0,3.74,8.17,0.0112
2026-03-02,182,14465,289138.0,4.86,10.82,0.0275
2026-03-02,183,7583,150512.0,4.92,10.99,0.03
2026-03-02,184,975,17192.0,5.04,10.91,0.032
2026-03-02,185,17566,369299.0,4.99,11.18,0.0343
2026-03-02,186,26980,1068306.0,3.49,8.53,0.0145
2026-03-02,187,4391,85487.0,5.49,12.34,0.0487
2026-03-02,188,38016,836755.0,4.87,10.49,0.0276
2026-03-02,189,18532,483129.0,4.1,8.9,0.0136
2026-03-02,190,2238,54848.0,4.42,9.29,0.0199
2026-03-02,191,16436,355130.0,4.79,10.73,0.0302
2026-03-02,192,6996,149650.0,4.44,9.84,0.018
2026-03-02,193,8819,196770.0,4.57,10.36,0.0297
2026-03-02,194,673,24954.0,6.59,14.56,0.0952
2026-03-02,195,9545,274527.0,5.03,11.49,0.0391
2026-03-02,196,14134,305215.0,4.83,10.77,0.0294
2026-03-02,197,23035,455193.0,4.52,10.14,0.0244
2026-03-02,198,31620,707848.0,4.61,10.28,0.0263
2026-03-02,199,2,121.0,7.32,9.78,0.0
2026-03-02,200,11691,331064.0,5.33,11.58,0.0406
2026-03-02,201,4613,139890.0,6.84,15.61,0.1145
2026-03-02,202,2941,96768.0,6.14,12.44,0.048
2026-03-02,203,10533,209801.0,6.29,13.13,0.0606
2026-03-02,204,1464,40519.0,5.56,12.5,0.0486
2026-03-02,205,22613,459074.0,5.2,11.52,0.0404
2026-03-02,206,12002,237711.0,5.33,12.56,0.0559
2026-03-02,207,892,14616.0,3.61,7.08,0.0101
2026-03-02,208,18093,381274.0,5.19,11.87,0.0375
2026-03-02,209,9638,343901.0,4.39,9.29,0.0184
2026-03-02,210,18391,349854.0,4.11,9.12,0.0161
2026-03-02,211,25810,892006.0,3.54,7.33,0.0059
2026-03-02,212,15870,279910.0,5.07,11.38,0.0331
2026-03-02,213,28279,540304.0,5.38,11.87,0.0414
2026-03-02,214,4990,117857.0,5.13,12.38,0.0514
2026-03-02,215,16752,319930.0,5.01,11.19,0.0338
2026-03-02,216,32313,643869.0,4.19,9.53,0.0211
2026-03-02,217,10427,203142.0,5.72,13.56,0.0741
2026-03-02,218,11711,244466.0,5.07,10.77,0.0294
2026-03-02,219,9805,210414.0,5.5,11.57,0.0366
2026-03-02,220,19906,428450.0,4.9,10.52,0.027
2026-03-02,221,8325,169001.0,5.61,12.66,0.0542
2026-03-02,222,7010,148096.0,5.42,11.77,0.0414
2026-03-02,223,25266,546320.0,3.73,8.44,0.0134
2026-03-02,224,9130,249927.0,4.79,9.69,0.0181
2026-03-02,225,39191,913787.0,4.85,10.71,0.0258
2026-03-02,226,31448,668753.0,4.37,9.55,0.0193
2026-03-02,227,13001,280098.0,4.62,10.21,0.0231
2026-03-02,228,25315,608310.0,4.68,10.02,0.0234
2026-03-02,229,26499,863246.0,3.64,7.27,0.0049
2026-03-02,230,54575,2565745.0,3.8,8.9,0.0154
2026-03-02,231,55054,1985519.0,3.61,7.36,0.0058
2026-03-02,232,20742,573825.0,4.93,10.51,0.0254
2026-03-02,233,24108,779600.0,3.9,8.09,0.0088
2026-03-02,234,50991,1827924.0,3.7,7.9,0.0093
2026-03-02,235,23426,471205.0,5.44,11.97,0.0392
2026-03-02,236,35725,1170368.0,3.96,7.83,0.0079
2026-03-02,237,41753,1452233.0,3.55,7.06,0.0042
2026-03-02,238,25767,758760.0,4.08,8.52,0.0118
2026-03-02,239,29476,931304.0,3.84,7.84,0.009
2026-03-02,240,3374,65697.0,5.71,11.63,0.0363
2026-03-02,241,20345,415019.0,5.0,10.89,0.0261
2026-03-02,242,21849,450406.0,4.92,11.26,0.0366
2026-03-02,243,26529,624105.0,4.65,10.62,0.0261
2026-03-02,244,38046,923399.0,4.62,10.94,0.0331
2026-03-02,245,4314,93806.0,5.62,12.48,0.0538
2026-03-02,246,51676,1924148.0,4.08,8.79,0.0157
2026-03-02,247,27327,545294.0,5.14,11.12,0.0308
2026-03-02,248,14186,262715.0,5.11,11.42,0.0357
2026-03-02,249,41529,1340808.0,3.66,7.78,0.0086
2026-03-02,250,14570,279284.0,4.79,10.87,0.0281
2026-03-02,251,4558,93736.0,5.17,11.66,0.0375
2026-03-02,252,6972,169934.0,5.37,11.77,0.033
2026-03-02,253,172,4408.0,5.02,10.68,0.0292
2026-03-02,254,28388,550058.0,5.49,12.2,0.0438
2026-03-02,255,47669,1345072.0,4.06,9.18,0.0166
2026-03-02,256,41847,1112863.0,4.31,9.59,0.0196
2026-03-02,257,7750,198705.0,3.93,8.25,0.0105
2026-03-02,258,17334,362622.0,4.66,10.57,0.0244
2026-03-02,259,19137,386319.0,5.86,12.31,0.0467
2026-03-02,260,22343,424502.0,4.06,9.07,0.0144
2026-03-02,261,16940,766575.0,4.14,8.85,0.0132
2026-03-02,262,17473,509722.0,4.59,9.39,0.0147
2026-03-02,263,25938,767645.0,4.25,8.56,0.009
2026-03-02,265,245,6489.0,9.01,17.93,0.1375
2026-03-09,2,13,514.0,8.72,14.2,0.0769
2026-03-09,3,12801,239953.0,4.76,10.62,0.0291
2026-03-09,4,13357,361696.0,4.61,10.27,0.0226
2026-03-09,5,1624,44755.0,6.14,13.55,0.0614
2026-03-09,6,3194,70900.0,5.3,12.05,0.0422
2026-03-09,7,49808,1066776.0,3.91,8.7,0.0122
2026-03-09,8,164,3256.0,3.99,8.62,0.0183
2026-03-09,9,4972,109864.0,4.46,9.81,0.0229
2026-03-09,10,17724,384406.0,4.55,10.18,0.0266
2026-03-09,11,6556,134669.0,4.03,9.18,0.0133
2026-03-09,12,427,16103.0,3.73,9.13,0.007
2026-03-09,13,21141,866000.0,3.97,8.35,0.0106
2026-03-09,14,28767,665831.0,3.85,8.23,0.0098
2026-03-09,15,3824,99079.0,5.65,12.31,0.047
2026-03-09,16,11043,256833.0,4.66,10.46,0.025
2026-03-09,17,40498,907775.0,4.78,10.68,0.0294
2026-03-09,18,25806,503653.0,5.04,11.41,0.0326
2026-03-09,19,4932,115055.0,5.25,11.49,0.0309
2026-03-09,20,15727,315327.0,4.92,11.12,0.0338
2026-03-09,21,14384,284141.0,4.02,8.93,0.0121
2026-03-09,22,18698,363655.0,4.13,9.16,0.0152
2026-03-09,23,8625,200963.0,5.58,12.94,0.0539
2026-03-09,24,6588,181127.0,4.44,10.2,0.0258
2026-03-09,25,27852,813817.0,4.48,9.81,0.0224
2026-03-09,26,28325,554299.0,4.79,10.07,0.0223
2026-03-09,27,152,6453.0,9.98,20.74,0.2391
2026-03-09,28,13724,292793.0,4.56,10.13,0.0218
2026-03-09,29,10993,217520.0,3.96,8.78,0.0127
2026-03-09,30,287,7400.0,8.45,17.12,0.1649
2026-03-09,31,1973,46787.0,5.25,11.82,0.0364
2026-03-09,32,14039,281702.0,4.95,11.27,0.0312
2026-03-09,33,22741,737953.0,4.26,9.33,0.0179
2026-03-09,34,2801,75392.0,4.97,11.09,0.0368
2026-03-09,35,33337,643622.0,5.37,12.2,0.0453
2026-03-09,36,39513,898794.0,4.44,10.51,0.0284
2026-03-09,37,54543,1286076.0,4.62,10.64,0.0288
2026-03-09,38,6781,162291.0,4.96,11.29,0.0386
2026-03-09,39,39363,755747.0,5.07,11.3,0.0374
2026-03-09,40,12250,342779.0,3.99,8.38,0.012
2026-03-09,41,32599,739451.0,5.07,11.24,0.0319
2026-03-09,42,45962,987504.0,5.31,11.89,0.0387
2026-03-09,43,5752,193249.0,3.91,8.37,0.0125
2026-03-09,44,2376,66547.0,6.31,14.01,0.0783
2026-03-09,45,11531,350950.0,4.48,9.88,0.0203
2026-03-09,46,1086,36645.0,8.88,18.04,0.1738
2026-03-09,47,19144,360723.0,5.16,11.25,0.0292
2026-03-09,48,43130,1571933.0,3.93,8.66,0.0147
2026-03-09,49,31237,796241.0,4.36,9.73,0.0205
2026-03-09,50,23625,742992.0,4.09,8.67,0.0129
2026-03-09,51,21886,489077.0,5.66,12.5,0.0512
2026-03-09,52,8034,231743.0,3.8,8.18,0.0119
2026-03-09,53,8117,197223.0,5.53,12.87,0.0561
2026-03-09,54,2947,80942.0,4.13,9.19,0.0184
2026-03-09,55,15354,347406.0,4.5,10.44,0.0262
2026-03-09,56,16174,325293.0,4.91,10.85,0.0288
2026-03-09,57,1298,25776.0,5.09,11.68,0.0381
2026-03-09,58,1938,44016.0,5.92,13.17,0.0591
2026-03-09,59,601,12246.0,5.53,12.22,0.0529
2026-03-09,60,13222,253555.0,5.67,12.51,0.0486
2026-03-09,61,65052,1449046.0,4.8,10.96,0.0298
2026-03-09,62,18076,412548.0,4.96,10.85,0.0318
2026-03-09,63,17336,362032.0,4.73,10.83,0.0282
2026-03-09,64,3492,91035.0,6.3,13.36,0.0612
2026-03-09,65,21766,671874.0,4.85,10.68,0.0289
2026-03-09,66,17835,551556.0,4.52,10.06,0.0254
2026-03-09,67,9697,209735.0,4.09,8.99,0.0131
2026-03-09,68,49328,2055241.0,3.71,8.48,0.014
2026-03-09,69,27637,567737.0,5.2,11.73,0.0377
2026-03-09,70,12283,279843.0,4.35,10.02,0.0247
2026-03-09,71,22685,451613.0,4.89,11.03,0.0364
2026-03-09,72,26195,505537.0,5.3,11.88,0.0409
2026-03-09,73,5289,112819.0,4.42,10.33,0.025
2026-03-09,74,34873,747931.0,5.29,11.56,0.0364
2026-03-09,75,31554,802180.0,4.99,10.87,0.0279
2026-03-09,76,64267,1214549.0,4.85,10.99,0.0341
2026-03-09,77,15675,310101.0,5.01,11.19,0.0356
2026-03-09,78,25873,518913.0,5.2,11.88,0.0391
2026-03-09,79,57089,1753032.0,3.93,8.83,0.0151
2026-03-09,80,38403,934091.0,4.3,9.82,0.0224
2026-03-09,81,16408,317335.0,5.51,12.11,0.044
2026-03-09,82,38899,778482.0,4.65,10.8,0.0329
2026-03-09,83,12983,255276.0,4.58,10.37,0.0296
2026-03-09,84,2600,70253.0,5.7,12.57,0.0517
2026-03-09,85,16336,344095.0,4.74,10.51,0.0267
2026-03-09,86,12619,314678.0,6.54,14.23,0.083
2026-03-09,87,28309,1162788.0,4.1,9.17,0.0166
2026-03-09,88,13428,566909.0,4.19,9.27,0.0163
2026-03-09,89,40855,895418.0,4.37,9.5,0.0194
2026-03-09,90,29989,1038756.0,3.59,7.76,0.0077
2026-03-09,91,26298,535559.0,4.88,10.61,0.0299
2026-03-09,92,27276,657775.0,4.98,11.41,0.0387
2026-03-09,93,1828,47518.0,4.84,11.35,0.0292
2026-03-09,94,12025,234373.0,5.1,11.53,0.0353
2026-03-09,95,37883,858593.0,4.74,10.71,0.0285
2026-03-09,96,683,16161.0,5.06,11.1,0.0279
2026-03-09,97,33453,895559.0,4.5,10.17,0.0259
2026-03-09,98,5334,121564.0,4.83,10.81,0.0263
2026-03-09,99,200,4523.0,6.35,12.82,0.05
2026-03-09,100,24797,1135673.0,4.18,9.76,0.0213
2026-03-09,101,5156,142954.0,5.47,12.42,0.0475
2026-03-09,102,12898,264500.0,4.94,11.16,0.0332
2026-03-09,106,11286,279623.0,4.23,8.81,0.0153
2026-03-09,107,34215,1121098.0,3.85,8.07,0.0094
2026-03-09,108,8073,166376.0,4.06,8.9,0.0129
2026-03-09,109,3904,93362.0,5.78,13.07,0.0593
2026-03-09,110,7,277.0,6.79,11.7,0.0
2026-03-09,111,151,3599.0,3.54,7.24,0.0067
2026-03-09,112,50953,1308663.0,4.15,9.48,0.0181
2026-03-09,113,27707,963448.0,3.78,8.02,0.0086
2026-03-09,114,27846,946840.0,3.87,8.6,0.0128
2026-03-09,115,4565,94989.0,6.0,13.08,0.0601
2026-03-09,116,22453,513164.0,5.07,11.68,0.0392
2026-03-09,117,9519,245385.0,6.81,15.14,0.1033
2026-03-09,118,5533,140822.0,5.8,13.26,0.0626
2026-03-09,119,18185,362407.0,4.97,11.21,0.0284
2026-03-09,120,500,11050.0,4.8,10.66,0.0385
2026-03-09,121,13301,306354.0,4.66,10.5,0.0235
2026-03-09,122,7132,148546.0,4.82,11.07,0.0396
2026-03-09,123,17454,326549.0,3.96,8.36,0.0096
2026-03-09,124,8451,183254.0,5.29,11.44,0.035
2026-03-09,125,16667,621997.0,3.75,7.85,0.0115
2026-03-09,126,17562,341345.0,5.35,12.33,0.0463
2026-03-09,127,20905,478619.0,4.63,10.95,0.0305
2026-03-09,128,1470,34422.0,4.38,9.55,0.0185
2026-03-09,129,39552,797999.0,4.55,10.36,0.0271
2026-03-09,130,42831,940832.0,4.81,10.8,0.0317
2026-03-09,131,8795,199965.0,4.6,10.1,0.0225
2026-03-09,132,72459,5946697.0,5.53,12.62,0.0548
2026-03-09,133,9791,215139.0,4.15,8.93,0.0138
2026-03-09,134,12749,280659.0,4.4,9.77,0.0219
2026-03-09,135,10239,234019.0,4.46,9.92,0.0183
2026-03-09,136,13690,283539.0,4.91,11.33,0.0298
2026-03-09,137,25080,734260.0,4.26,9.19,0.0162
2026-03-09,138,100784,6245559.0,5.61,12.44,0.0451
2026-03-09,139,11046,229255.0,5.0,10.97,0.0341
2026-03-09,140,27917,895614.0,4.25,9.32,0.0161
2026-03-09,141,30502,942211.0,3.92,7.78,0.0067
2026-03-09,142,29958,1070480.0,3.96,8.22,0.0108
2026-03-09,143,23098,723906.0,4.06,8.38,0.0078
2026-03-09,144,31481,1035037.0,4.1,8.7,0.0126
2026-03-09,145,45196,1161669.0,4.29,9.62,0.0221
2026-03-09,146,13405,329802.0,3.97,9.0,0.0164
2026-03-09,147,11637,236337.0,4.96,11.56,0.0344
2026-03-09,148,45744,1439048.0,4.14,9.38,0.0166
2026-03-09,149,13251,255289.0,3.92,8.35,0.0118
2026-03-09,150,5562,122837.0,4.12,9.4,0.017
2026-03-09,151,13222,368363.0,4.52,9.99,0.0203
2026-03-09,152,10701,249343.0,4.98,11.35,0.0345
2026-03-09,153,5076,93713.0,5.24,11.34,0.0321
2026-03-09,154,358,9980.0,4.99,10.37,0.0255
2026-03-09,155,14560,329769.0,4.82,11.0,0.0358
2026-03-09,156,8217,157221.0,5.03,11.63,0.041
2026-03-09,157,16505,374324.0,5.01,11.22,0.0362
2026-03-09,158,25784,909331.0,3.64,7.78,0.0066
2026-03-09,159,25888,525582.0,5.02,11.5,0.0329
2026-03-09,160,11479,242264.0,4.83,10.71,0.0303
2026-03-09,161,56636,2705570.0,3.75,8.7,0.0144
2026-03-09,162,38478,1731954.0,3.63,7.82,0.0092
2026-03-09,163,37968,1719523.0,3.56,7.73,0.0089
2026-03-09,164,44816,1829635.0,3.98,8.91,0.0156
2026-03-09,165,17078,369746.0,4.06,8.63,0.0123
2026-03-09,166,21639,684718.0,4.46,10.15,0.0247
2026-03-09,167,20999,410695.0,5.09,11.52,0.0339
2026-03-09,168,35708,749258.0,5.26,11.7,0.0371
2026-03-09,169,26133,505099.0,5.07,11.31,0.0318
2026-03-09,170,41522,1515769.0,3.9,8.55,0.0125
2026-03-09,171,10671,221503.0,4.37,10.0,0.0251
2026-03-09,172,3501,79743.0,5.54,12.91,0.0553
2026-03-09,173,13256,253930.0,5.24,12.09,0.0462
2026-03-09,174,23727,496104.0,4.6,10.54,0.028
2026-03-09,175,4503,114658.0,4.98,11.29,0.0318
2026-03-09,176,1882,47338.0,5.81,13.54,0.0758
2026-03-09,177,22147,457205.0,5.17,11.79,0.0398
2026-03-09,178,5983,117770.0,4.13,8.7,0.0118
2026-03-09,179,18200,413177.0,4.17,9.29,0.0168
2026-03-09,180,9529,178461.0,4.42,9.58,0.0177
2026-03-09,181,49126,1316863.0,3.79,8.35,0.0156
2026-03-09,182,14606,299401.0,4.89,11.06,0.0308
2026-03-09,183,7532,149223.0,4.81,10.79,0.0268
2026-03-09,184,1099,23429.0,5.14,11.45,0.0349
2026-03-09,185,17456,363522.0,4.86,10.9,0.0297
2026-03-09,186,27817,1199609.0,3.75,9.15,0.0193
2026-03-09,187,4424,88957.0,5.19,11.66,0.0418
2026-03-09,188,38221,841243.0,4.79,10.65,0.0296
2026-03-09,189,18378,485328.0,4.22,9.37,0.0183
2026-03-09,190,2449,60243.0,4.48,10.16,0.0342
2026-03-09,191,16504,356307.0,4.8,10.78,0.031
2026-03-09,192,7021,152887.0,4.4,9.71,0.0147
2026-03-09,193,9422,223503.0,4.55,10.36,0.0276
2026-03-09,194,628,22331.0,6.53,14.35,0.0912
2026-03-09,195,9509,277481.0,4.89,11.3,0.0389
2026-03-09,196,14104,309438.0,4.83,10.87,0.0303
2026-03-09,197,23221,464004.0,4.54,10.15,0.0251
2026-03-09,198,32749,740425.0,4.54,10.4,0.0274
2026-03-09,199,1,46.0,16.4,16.4,1.0
2026-03-09,200,11376,326874.0,5.22,11.79,0.0429
2026-03-09,201,3077,93776.0,6.06,14.2,0.0831
2026-03-09,202,2922,95283.0,6.17,12.61,0.053
2026-03-09,203,10500,213213.0,6.26,13.1,0.0609
2026-03-09,204,1447,39972.0,5.37,11.94,0.0429
2026-03-09,205,22485,457317.0,5.22,11.53,0.0408
2026-03-09,206,11694,231299.0,5.08,12.26,0.0505
2026-03-09,207,807,13054.0,3.93,7.34,0.0037
2026-03-09,208,19353,413248.0,5.25,11.84,0.0395
2026-03-09,209,9957,374352.0,4.5,9.65,0.0196
2026-03-09,210,17632,337165.0,3.95,8.97,0.0129
2026-03-09,211,24853,875351.0,3.64,7.73,0.0079
2026-03-09,212,15664,282231.0,5.1,11.56,0.0394
2026-03-09,213,28572,553450.0,5.47,12.31,0.0463
2026-03-09,214,4883,112707.0,5.02,12.29,0.0498
2026-03-09,215,16491,319107.0,5.04,11.4,0.038
2026-03-09,216,32397,637285.0,4.13,9.39,0.0189
2026-03-09,217,9025,165976.0,5.24,11.09,0.0344
2026-03-09,218,11648,244094.0,5.01,10.64,0.0317
2026-03-09,219,9829,210840.0,5.5,11.74,0.0379
2026-03-09,220,20213,432646.0,4.89,10.54,0.0287
2026-03-09,221,7990,161466.0,5.37,12.37,0.0496
2026-03-09,222,6994,148496.0,5.28,11.57,0.0409
2026-03-09,223,25675,555232.0,3.71,8.29,0.0117
2026-03-09,224,9237,275895.0,4.99,10.21,0.0216
2026-03-09,225,39630,922754.0,4.87,10.97,0.0307
2026-03-09,226,31772,688028.0,4.41,9.63,0.0211
2026-03-09,227,12821,284437.0,4.51,10.12,0.0218
2026-03-09,228,25373,598719.0,4.58,9.8,0.0218
2026-03-09,229,26541,877273.0,3.66,7.41,0.0064
2026-03-09,230,54551,2622009.0,3.9,9.36,0.0221
2026-03-09,231,52999,1947495.0,3.64,7.44,0.0062
2026-03-09,232,19804,569111.0,5.05,10.91,0.0295
2026-03-09,233,24966,837954.0,4.07,8.6,0.0138
2026-03-09,234,48118,1770856.0,3.84,8.27,0.0104
2026-03-09,235,23178,465705.0,5.49,12.25,0.043
2026-03-09,236,33570,1106560.0,3.93,7.77,0.0058
2026-03-09,237,40314,1425874.0,3.55,6.99,0.004
2026-03-09,238,23975,743486.0,4.14,8.77,0.0138
2026-03-09,239,28257,942549.0,3.92,8.23,0.0102
2026-03-09,240,3922,78050.0,5.58,12.1,0.0453
2026-03-09,241,20574,417784.0,5.02,11.07,0.0297
2026-03-09,242,21828,445747.0,4.8,11.04,0.032
2026-03-09,243,28193,673870.0,4.73,10.84,0.0292
2026-03-09,244,38933,980674.0,4.79,11.42,0.0398
2026-03-09,245,4367,92759.0,5.41,12.11,0.0452
2026-03-09,246,51600,1956020.0,4.05,8.78,0.0152
2026-03-09,247,27693,550796.0,5.3,11.71,0.0385
2026-03-09,248,13768,258930.0,5.24,11.69,0.037
2026-03-09,249,40700,1339120.0,3.78,8.2,0.0096
2026-03-09,250,14372,279850.0,4.75,10.79,0.028
2026-03-09,251,4454,91184.0,4.93,11.14,0.0326
2026-03-09,252,6971,165794.0,5.25,11.77,0.0378
2026-03-09,253,179,5176.0,4.38,12.69,0.0337
2026-03-09,254,28074,553179.0,5.47,12.22,0.0475
2026-03-09,255,48276,1378311.0,4.16,9.69,0.02
2026-03-09,256,40541,1093297.0,4.28,9.72,0.0214
2026-03-09,257,8436,218884.0,4.01,8.67,0.0133
2026-03-09,258,16931,359102.0,4.74,10.55,0.0264
2026-03-09,259,19360,398706.0,5.76,12.34,0.0479
2026-03-09,260,22455,436449.0,4.02,9.13,0.016
2026-03-09,261,16612,761303.0,4.23,9.33,0.02
2026-03-09,262,16912,512449.0,4.52,9.1,0.0123
2026-03-09,263,25372,773595.0,4.22,8.61,0.0105
2026-03-09,265,258,6414.0,7.85,16.73,0.1349
2026-03-16,2,15,346.0,8.17,15.58,0.2667
2026-03-16,3,12557,235273.0,5.03,11.52,0.0387
2026-03-16,4,12805,354418.0,4.58,10.42,0.0254
2026-03-16,5,1624,43445.0,6.55,14.27,0.0792
2026-03-16,6,3156,71816.0,5.44,12.58,0.0522
2026-03-16,7,50474,1072588.0,4.15,9.64,0.0223
2026-03-16,8,184,3845.0,4.11,8.87,0.0273
2026-03-16,9,4842,103566.0,4.57,10.74,0.0298
2026-03-16,10,17143,364655.0,4.87,11.35,0.0407
2026-03-16,11,6667,135854.0,4.33,10.03,0.0216
2026-03-16,12,511,17820.0,3.66,8.63,0.018
2026-03-16,13,20292,811060.0,4.04,8.48,0.0113
2026-03-16,14,30254,682125.0,4.2,9.28,0.0185
2026-03-16,15,3803,99100.0,5.68,12.91,0.0509
2026-03-16,16,11049,253647.0,4.86,11.39,0.0392
2026-03-16,17,40769,908943.0,5.07,11.4,0.0348
2026-03-16,18,25867,503154.0,5.11,11.82,0.0378
2026-03-16,19,4983,115768.0,5.43,11.88,0.0421
2026-03-16,20,16200,337310.0,5.09,11.69,0.04
2026-03-16,21,14832,281709.0,4.26,9.91,0.0214
2026-03-16,22,19265,372921.0,4.32,9.89,0.0215
2026-03-16,23,8593,197126.0,5.73,14.0,0.0764
2026-03-16,24,5967,158426.0,4.39,10.27,0.023
2026-03-16,25,27925,833781.0,4.71,10.36,0.0287
2026-03-16,26,29959,567656.0,5.15,11.05,0.0347
2026-03-16,27,216,8187.0,10.22,21.08,0.2626
2026-03-16,28,14135,293414.0,4.85,11.55,0.0365
2026-03-16,29,11682,230755.0,4.22,9.67,0.0205
2026-03-16,30,255,6859.0,9.08,18.62,0.2056
2026-03-16,31,2004,50430.0,5.7,12.56,0.0499
2026-03-16,32,13940,275149.0,5.16,12.03,0.0435
2026-03-16,33,22530,732760.0,4.5,9.77,0.0227
2026-03-16,34,5485,199180.0,6.55,15.19,0.1036
2026-03-16,35,32418,633649.0,5.82,13.27,0.0641
2026-03-16,36,38413,893287.0,4.78,11.37,0.0366
2026-03-16,37,54069,1310085.0,4.93,11.44,0.0375
2026-03-16,38,6568,153456.0,5.17,11.87,0.048
2026-03-16,39,38923,738807.0,5.49,12.55,0.0546
2026-03-16,40,12085,336543.0,4.29,9.2,0.0172
2026-03-16,41,32322,731902.0,5.11,11.47,0.0349
2026-03-16,42,45586,974309.0,5.42,12.42,0.0461
2026-03-16,43,5966,200041.0,4.1,8.52,0.0111
2026-03-16,44,2383,65813.0,6.59,14.75,0.0949
2026-03-16,45,11294,344340.0,4.64,10.1,0.0243
2026-03-16,46,997,34211.0,9.26,19.51,0.2134
2026-03-16,47,19109,359964.0,5.26,12.1,0.0413
2026-03-16,48,41578,1495288.0,3.91,8.62,0.0145
2026-03-16,49,29306,744793.0,4.61,10.21,0.0268
2026-03-16,50,22933,698697.0,4.03,8.53,0.012
2026-03-16,51,21601,477698.0,5.81,13.11,0.059
2026-03-16,52,7758,232011.0,4.03,8.52,0.0142
2026-03-16,53,8322,198234.0,5.89,13.84,0.0719
2026-03-16,54,2874,78941.0,4.4,9.8,0.0269
2026-03-16,55,15635,349059.0,4.77,11.41,0.0397
2026-03-16,56,16519,326724.0,5.16,11.86,0.0421
2026-03-16,57,1188,23235.0,5.26,12.38,0.0533
2026-03-16,58,1874,41671.0,6.22,13.84,0.0718
2026-03-16,59,719,15213.0,5.87,14.52,0.0864
2026-03-16,60,13187,252119.0,5.78,13.13,0.0578
2026-03-16,61,64215,1444441.0,5.15,11.86,0.0391
2026-03-16,62,18588,420197.0,5.33,11.8,0.04
2026-03-16,63,17048,350657.0,5.03,11.8,0.0425
2026-03-16,64,3541,92721.0,6.35,13.79,0.0699
2026-03-16,65,21550,649770.0,4.96,10.97,0.0327
2026-03-16,66,17492,535462.0,4.73,10.81,0.0351
2026-03-16,67,9931,204323.0,4.33,9.68,0.0192
2026-03-16,68,48386,1912831.0,3.68,8.35,0.0143
2026-03-16,69,27703,564805.0,5.29,12.35,0.0444
2026-03-16,70,12210,272699.0,4.47,10.75,0.0362
2026-03-16,71,22243,453666.0,5.5,12.53,0.054
2026-03-16,72,26061,510485.0,5.83,12.96,0.0593
2026-03-16,73,5409,110002.0,4.71,10.91,0.038
2026-03-16,74,34556,745731.0,5.36,11.91,0.0394
2026-03-16,75,31226,808277.0,5.08,11.44,0.0336
2026-03-16,76,62228,1195091.0,5.26,12.1,0.0485
2026-03-16,77,15301,304963.0,5.54,12.92,0.0579
2026-03-16,78,24752,495033.0,5.31,12.44,0.0479
2026-03-16,79,53401,1647974.0,3.82,8.43,0.0136
2026-03-16,80,36292,913042.0,4.5,10.31,0.0254
2026-03-16,81,16190,311490.0,5.74,12.77,0.0542
2026-03-16,82,38089,734838.0,4.93,11.56,0.0421
2026-03-16,83,13248,252439.0,4.91,11.49,0.039
2026-03-16,84,2547,68391.0,6.02,13.39,0.0602
2026-03-16,85,16103,340797.0,5.32,11.87,0.0456
2026-03-16,86,12323,303592.0,6.62,14.7,0.0925
2026-03-16,87,27239,1094661.0,4.1,9.05,0.0171
2026-03-16,88,12796,538468.0,4.12,9.16,0.0175
2026-03-16,89,42869,964046.0,4.89,10.92,0.0341
2026-03-16,90,29649,1021419.0,3.53,7.52,0.0086
2026-03-16,91,25940,536671.0,5.3,12.01,0.0469
2026-03-16,92,27445,662655.0,5.4,12.89,0.061
2026-03-16,93,1725,45195.0,5.07,11.99,0.0439
2026-03-16,94,11723,227413.0,5.17,12.0,0.039
2026-03-16,95,36657,809660.0,4.94,11.37,0.038
2026-03-16,96,692,16068.0,5.37,11.36,0.0364
2026-03-16,97,34094,946270.0,4.68,10.61,0.0295
2026-03-16,98,5094,113256.0,5.12,11.95,0.0408
2026-03-16,99,198,4126.0,6.56,14.16,0.0867
2026-03-16,100,24091,1065557.0,4.1,9.34,0.0202
2026-03-16,101,5035,133170.0,5.51,12.98,0.0591
2026-03-16,102,12966,266939.0,5.2,11.77,0.0417
2026-03-16,105,1,19.0,6.88,6.88,0.0
2026-03-16,106,11521,289608.0,4.49,9.48,0.0201
2026-03-16,107,33316,1088617.0,3.75,7.82,0.0084
2026-03-16,108,8537,173209.0,4.33,9.87,0.0192
2026-03-16,109,3862,92921.0,5.96,13.46,0.066
2026-03-16,110,10,331.0,8.19,21.6,0.1
2026-03-16,111,198,4148.0,4.19,8.34,0.0102
2026-03-16,112,51062,1305446.0,4.25,9.65,0.0203
2026-03-16,113,25113,849425.0,3.67,7.71,0.0098
2026-03-16,114,26035,900132.0,3.8,8.19,0.0125
2026-03-16,115,4244,87868.0,6.26,13.79,0.0714
2026-03-16,116,22311,504013.0,5.11,12.0,0.0444
2026-03-16,117,9167,232968.0,7.17,15.78,0.1202
2026-03-16,118,5541,137147.0,5.82,13.68,0.0718
2026-03-16,119,17948,367218.0,5.09,11.71,0.0349
2026-03-16,120,442,10214.0,5.44,12.2,0.0461
2026-03-16,121,12866,294121.0,4.97,11.7,0.0382
2026-03-16,122,7099,148615.0,5.2,12.01,0.0505
2026-03-16,123,18686,340970.0,4.19,8.95,0.0147
2026-03-16,124,8651,193428.0,5.57,12.71,0.0549
2026-03-16,125,16853,624995.0,3.72,7.6,0.0096
2026-03-16,126,17209,337177.0,5.48,12.83,0.0566
2026-03-16,127,19939,453421.0,4.68,11.15,0.0342
2026-03-16,128,1354,33154.0,4.49,10.08,0.0285
2026-03-16,129,40609,799802.0,4.8,11.53,0.0445
2026-03-16,130,43151,933665.0,5.19,12.06,0.0485
2026-03-16,131,8795,196914.0,5.04,11.61,0.0416
2026-03-16,132,75008,6212894.0,5.83,13.11,0.068
2026-03-16,133,10335,224159.0,4.47,9.86,0.0212
2026-03-16,134,12575,271666.0,4.52,10.35,0.0277
2026-03-16,135,10146,233120.0,4.76,11.14,0.0334
2026-03-16,136,13569,278685.0,5.01,11.76,0.0365
2026-03-16,137,24991,732949.0,4.18,9.13,0.0164
2026-03-16,138,97256,5966147.0,5.7,13.2,0.0619
2026-03-16,139,10960,224764.0,5.38,12.12,0.0475
2026-03-16,140,27897,897418.0,4.34,9.65,0.0166
2026-03-16,141,31052,982831.0,4.03,8.03,0.0074
2026-03-16,142,30729,1108529.0,3.89,8.21,0.0101
2026-03-16,143,22559,698905.0,3.99,8.35,0.0099
2026-03-16,144,30786,1025007.0,4.09,8.54,0.0137
2026-03-16,145,43553,1078993.0,4.41,10.12,0.0266
2026-03-16,146,13033,312558.0,4.12,9.39,0.0218
2026-03-16,147,11560,233081.0,5.11,12.07,0.0394
2026-03-16,148,44631,1451606.0,4.17,9.59,0.0224
2026-03-16,149,13746,262968.0,4.14,9.01,0.0169
2026-03-16,150,5704,123646.0,4.4,10.15,0.0238
2026-03-16,151,12729,358835.0,4.42,9.8,0.02
2026-03-16,152,10225,229541.0,5.0,11.72,0.0382
2026-03-16,153,4917,90781.0,5.25,11.96,0.037
2026-03-16,154,389,14332.0,6.22,13.27,0.0656
2026-03-16,155,15030,337197.0,5.28,12.05,0.0481
2026-03-16,156,7888,150835.0,5.3,12.81,0.0548
2026-03-16,157,16154,349367.0,5.0,11.07,0.0322
2026-03-16,158,25668,916264.0,3.63,7.7,0.0084
2026-03-16,159,25612,515745.0,5.15,12.04,0.0405
2026-03-16,160,11685,241817.0,5.01,11.18,0.0337
2026-03-16,161,53074,2429078.0,3.87,8.9,0.0165
2026-03-16,162,36657,1582204.0,3.73,8.01,0.0102
2026-03-16,163,37108,1655867.0,3.61,7.83,0.0098
2026-03-16,164,44854,1796731.0,3.94,8.9,0.0166
2026-03-16,165,18080,384132.0,4.39,9.69,0.0198
2026-03-16,166,16554,444421.0,4.27,9.94,0.0258
2026-03-16,167,21018,410751.0,5.28,12.25,0.0417
2026-03-16,168,36035,753154.0,5.33,12.29,0.0439
2026-03-16,169,26261,504961.0,5.16,12.01,0.0402
2026-03-16,170,41503,1471624.0,3.91,8.44,0.0118
2026-03-16,171,10955,223689.0,4.54,10.79,0.0349
2026-03-16,172,3507,77715.0,5.96,13.99,0.0803
2026-03-16,173,13652,260687.0,5.59,13.18,0.0642
2026-03-16,174,24042,493495.0,4.7,10.87,0.0275
2026-03-16,175,4443,110646.0,5.1,11.58,0.0352
2026-03-16,176,1888,49097.0,5.94,13.3,0.0675
2026-03-16,177,21446,443089.0,5.61,12.87,0.0551
2026-03-16,178,6360,119533.0,4.45,9.34,0.0178
2026-03-16,179,18594,419964.0,4.32,9.56,0.02
2026-03-16,180,9337,175902.0,4.67,10.61,0.0318
2026-03-16,181,48817,1336063.0,4.06,9.06,0.0201
2026-03-16,182,14718,293765.0,5.3,12.27,0.0455
2026-03-16,183,7482,149352.0,5.07,11.72,0.0361
2026-03-16,184,1068,22548.0,5.48,12.05,0.0416
2026-03-16,185,17312,362685.0,5.21,12.02,0.0429
2026-03-16,186,27478,1117351.0,3.66,9.08,0.0194
2026-03-16,187,4165,80186.0,5.46,12.71,0.0549
2026-03-16,188,39549,870278.0,5.31,11.83,0.0438
2026-03-16,189,18623,500177.0,4.5,9.95,0.0248
2026-03-16,190,2473,60304.0,5.04,10.3,0.0314
2026-03-16,191,16400,351624.0,5.1,11.93,0.0448
2026-03-16,192,6837,146576.0,4.61,10.67,0.029
2026-03-16,193,9216,206741.0,4.67,10.71,0.0295
2026-03-16,194,666,22827.0,6.41,13.54,0.0643
2026-03-16,195,9319,269703.0,5.15,12.01,0.0485
2026-03-16,196,14098,296650.0,5.12,11.77,0.041
2026-03-16,197,24285,476006.0,4.81,11.09,0.0353
2026-03-16,198,31797,705308.0,4.82,11.14,0.037
2026-03-16,199,2,87.0,11.08,12.25,0.0
2026-03-16,200,10842,296278.0,5.23,11.8,0.0407
2026-03-16,201,3259,97340.0,6.48,15.39,0.1079
2026-03-16,202,2869,93111.0,6.41,13.03,0.0582
2026-03-16,203,10476,208531.0,6.46,13.75,0.0744
2026-03-16,204,1427,42039.0,5.74,13.63,0.0658
2026-03-16,205,22482,458747.0,5.54,12.65,0.0553
2026-03-16,206,11464,225769.0,5.28,13.02,0.0636
2026-03-16,207,738,11963.0,3.61,7.66,0.0136
2026-03-16,208,17994,383474.0,5.44,12.48,0.0498
2026-03-16,209,9714,365791.0,4.45,9.65,0.0201
2026-03-16,210,18006,342836.0,4.23,9.67,0.0209
2026-03-16,211,25189,883828.0,3.65,7.61,0.0083
2026-03-16,212,15289,274528.0,5.4,12.55,0.0508
2026-03-16,213,27412,521273.0,5.69,12.83,0.0558
2026-03-16,214,4979,118464.0,5.26,12.98,0.0608
2026-03-16,215,16868,319832.0,5.36,12.52,0.0527
2026-03-16,216,32549,626030.0,4.42,10.37,0.0283
2026-03-16,217,9548,168374.0,5.44,11.74,0.0441
2026-03-16,218,11755,243584.0,5.4,11.94,0.0413
2026-03-16,219,9740,204179.0,5.67,12.38,0.0444
2026-03-16,220,19358,411393.0,4.87,10.87,0.0321
2026-03-16,221,7809,157524.0,5.75,13.17,0.0616
2026-03-16,222,6707,142678.0,5.76,12.92,0.0588
2026-03-16,223,26031,566074.0,3.85,8.99,0.0184
2026-03-16,224,8871,264766.0,4.9,10.19,0.0203
2026-03-16,225,38525,906040.0,5.13,11.92,0.039
2026-03-16,226,31372,669671.0,4.61,10.49,0.0286
2026-03-16,227,13021,275863.0,4.75,10.99,0.0309
2026-03-16,228,25122,577190.0,4.83,10.49,0.0283
2026-03-16,229,25968,851513.0,3.75,7.58,0.0066
2026-03-16,230,53742,2519316.0,4.02,9.49,0.0225
2026-03-16,231,51338,1891123.0,3.71,7.46,0.0079
2026-03-16,232,18589,534660.0,5.04,11.12,0.0324
2026-03-16,233,24119,793939.0,3.98,8.36,0.0098
2026-03-16,234,48338,1750087.0,3.75,7.99,0.0109
2026-03-16,235,23182,462259.0,5.62,12.82,0.0508
2026-03-16,236,33052,1146071.0,4.04,8.14,0.0105
2026-03-16,237,39490,1430358.0,3.63,7.28,0.0068
2026-03-16,238,23427,743674.0,4.12,8.97,0.0145
2026-03-16,239,28303,956772.0,3.86,8.21,0.0107
2026-03-16,240,3844,76512.0,5.83,12.53,0.0521
2026-03-16,241,20116,406385.0,5.07,11.46,0.0343
2026-03-16,242,22333,450342.0,5.09,12.03,0.0473
2026-03-16,243,27404,655308.0,4.88,11.39,0.0343
2026-03-16,244,37960,913886.0,4.76,11.47,0.0378
2026-03-16,245,4417,96603.0,5.73,13.13,0.062
2026-03-16,246,47931,1736586.0,4.07,8.66,0.0151
2026-03-16,247,27211,542545.0,5.32,11.93,0.0392
2026-03-16,248,13943,262758.0,5.53,12.6,0.0476
2026-03-16,249,40138,1346097.0,3.75,7.95,0.0105
2026-03-16,250,14555,278437.0,5.11,11.69,0.039
2026-03-16,251,4417,90038.0,5.31,12.29,0.0518
2026-03-16,252,7070,167234.0,5.49,12.5,0.0506
2026-03-16,253,163,4593.0,4.52,12.24,0.0491
2026-03-16,254,27777,541977.0,5.66,12.91,0.0572
2026-03-16,255,48045,1391642.0,4.29,9.81,0.0215
2026-03-16,256,41361,1128786.0,4.44,10.15,0.0248
2026-03-16,257,8299,212299.0,4.32,9.43,0.0168
2026-03-16,258,17510,368203.0,5.01,11.73,0.0403
2026-03-16,259,20293,436286.0,6.12,13.35,0.0656
2026-03-16,260,23670,456909.0,4.35,9.92,0.0237
2026-03-16,261,15977,707739.0,4.33,9.47,0.0198
2026-03-16,262,16864,517678.0,4.59,9.47,0.0164
2026-03-16,263,25631,805883.0,4.39,9.13,0.0148
2026-03-16,265,239,6147.0,8.28,17.04,0.1496
2026-03-23,2,6,193.0,6.36,17.61,0.1667
2026-03-23,3,11991,222121.0,4.38,9.97,0.0228
2026-03-23,4,13339,346202.0,4.24,9.47,0.0155
2026-03-23,5,1557,42264.0,5.95,13.33,0.0647
2026-03-23,6,3028,67028.0,4.82,11.79,0.042
2026-03-23,7,48237,1047575.0,3.6,8.01,0.0091
2026-03-23,8,186,3658.0,3.74,9.48,0.0054
2026-03-23,9,4794,105013.0,4.11,9.53,0.019
2026-03-23,10,17479,376179.0,4.52,10.3,0.028
2026-03-23,11,6204,128178.0,3.98,8.96,0.014
2026-03-23,12,441,15004.0,3.72,8.82,0.0114
2026-03-23,13,20163,775779.0,3.59,7.17,0.0044
2026-03-23,14,27808,636510.0,3.72,8.11,0.0092
2026-03-23,15,3896,103291.0,5.38,12.32,0.0459
2026-03-23,16,11114,256217.0,4.39,10.29,0.0253
2026-03-23,17,40805,879509.0,4.5,10.08,0.0244
2026-03-23,18,26318,500777.0,4.61,11.05,0.03
2026-03-23,19,4980,119109.0,5.1,11.0,0.032
2026-03-23,20,16507,335050.0,4.45,10.6,0.0275
2026-03-23,21,14624,279926.0,3.94,8.99,0.0136
2026-03-23,22,18630,363422.0,4.03,9.23,0.0161
2026-03-23,23,8564,195133.0,5.3,12.97,0.0611
2026-03-23,24,6507,162648.0,3.91,8.97,0.013
2026-03-23,25,28415,811755.0,4.04,8.84,0.0151
2026-03-23,26,27635,530117.0,4.87,10.54,0.0279
2026-03-23,27,217,7758.0,9.69,20.88,0.2513
2026-03-23,28,13252,281787.0,4.44,10.01,0.0196
2026-03-23,29,10993,219200.0,3.88,8.87,0.0136
2026-03-23,30,245,7501.0,8.56,17.72,0.1588
2026-03-23,31,1902,46380.0,4.8,11.16,0.0398
2026-03-23,32,13518,267569.0,4.52,10.27,0.027
2026-03-23,33,22074,692385.0,3.76,8.01,0.0105
2026-03-23,34,3509,85301.0,4.34,9.96,0.0258
2026-03-23,35,32705,627901.0,5.18,11.97,0.0446
2026-03-23,36,39071,882136.0,4.17,10.17,0.0258
2026-03-23,37,55785,1290861.0,4.31,10.04,0.0239
2026-03-23,38,6711,165092.0,4.89,11.2,0.0378
2026-03-23,39,38793,739190.0,5.03,11.48,0.0419
2026-03-23,40,11363,321307.0,3.65,7.61,0.0081
2026-03-23,41,32300,704544.0,4.35,9.84,0.0209
2026-03-23,42,45835,938036.0,4.78,11.14,0.0325
2026-03-23,43,5771,190364.0,3.49,7.46,0.0063
2026-03-23,44,2285,64761.0,6.12,14.5,0.0845
2026-03-23,45,11773,338984.0,4.05,8.8,0.0136
2026-03-23,46,976,32754.0,8.55,17.58,0.1658
2026-03-23,47,18627,340422.0,4.73,10.79,0.0265
2026-03-23,48,43116,1486995.0,3.42,7.75,0.0108
2026-03-23,49,30549,738751.0,3.87,8.51,0.0129
2026-03-23,50,23438,704922.0,3.63,7.42,0.0063
2026-03-23,51,21269,461655.0,5.32,11.72,0.0416
2026-03-23,52,7511,218598.0,3.34,6.9,0.0038
2026-03-23,53,8227,204368.0,5.32,12.81,0.055
2026-03-23,54,2837,79126.0,3.82,8.09,0.0111
2026-03-23,55,15384,350759.0,4.46,10.28,0.0275
2026-03-23,56,16194,324531.0,4.58,10.43,0.0259
2026-03-23,57,1258,26744.0,4.93,11.62,0.0447
2026-03-23,58,1819,41640.0,5.56,12.19,0.043
2026-03-23,59,609,12122.0,5.05,11.82,0.0433
2026-03-23,60,12512,233655.0,5.02,11.75,0.0404
2026-03-23,61,65177,1416110.0,4.53,10.5,0.0248
2026-03-23,62,18550,419541.0,4.69,10.55,0.0272
2026-03-23,63,16459,343250.0,4.42,10.18,0.0244
2026-03-23,64,3589,94900.0,6.01,13.08,0.0565
2026-03-23,65,24051,692971.0,4.31,9.63,0.0207
2026-03-23,66,17136,506726.0,3.97,8.86,0.0186
2026-03-23,67,9404,192474.0,3.95,8.84,0.0128
2026-03-23,68,50314,1877557.0,3.17,7.36,0.0101
2026-03-23,69,27783,548013.0,4.75,11.15,0.0311
2026-03-23,70,12652,311511.0,4.2,10.14,0.0297
2026-03-23,71,22172,443631.0,4.71,10.61,0.0294
2026-03-23,72,26505,508292.0,5.14,11.8,0.0429
2026-03-23,73,5294,107400.0,4.46,10.36,0.0264
2026-03-23,74,35114,725079.0,4.7,10.44,0.0252
2026-03-23,75,30735,750551.0,4.37,9.8,0.0172
2026-03-23,76,61854,1184325.0,4.7,10.75,0.0334
2026-03-23,77,14861,296155.0,4.84,11.28,0.0371
2026-03-23,78,24426,473395.0,4.75,11.08,0.033
2026-03-23,79,58459,1653404.0,3.46,7.75,0.0084
2026-03-23,80,38520,905954.0,3.92,9.01,0.0145
2026-03-23,81,16163,305805.0,5.1,11.67,0.0395
2026-03-23,82,37316,725396.0,4.22,9.73,0.0208
2026-03-23,83,12631,246394.0,4.26,9.63,0.0189
2026-03-23,84,2581,69641.0,5.6,12.63,0.049
2026-03-23,85,16487,348675.0,4.56,10.04,0.0233
2026-03-23,86,12480,304144.0,6.19,14.25,0.0842
2026-03-23,87,27855,1068742.0,3.55,7.54,0.0076
2026-03-23,88,12666,505533.0,3.57,7.58,0.0089
2026-03-23,89,42445,949468.0,4.21,9.23,0.0165
2026-03-23,90,30732,994580.0,3.11,6.78,0.0049
2026-03-23,91,25578,528222.0,4.73,10.55,0.0316
2026-03-23,92,27196,659744.0,4.75,11.12,0.0398
2026-03-23,93,2993,116514.0,5.26,14.9,0.0992
2026-03-23,94,11758,222474.0,4.71,11.03,0.0295
2026-03-23,95,36196,804816.0,4.35,9.81,0.021
2026-03-23,96,627,15131.0,4.79,11.39,0.0321
2026-03-23,97,33703,870620.0,3.98,9.0,0.0172
2026-03-23,98,4991,113667.0,4.69,10.72,0.0255
2026-03-23,99,187,4615.0,6.03,14.39,0.0604
2026-03-23,100,24962,1004931.0,3.58,8.93,0.0213
2026-03-23,101,5077,137206.0,5.25,11.75,0.0433
2026-03-23,102,12573,256121.0,4.57,10.61,0.0314
2026-03-23,105,1,25.0,8.38,8.38,0.0
2026-03-23,106,11527,286776.0,3.89,8.26,0.0108
2026-03-23,107,33959,1021645.0,3.3,6.78,0.0038
2026-03-23,108,8656,174346.0,4.05,9.06,0.0129
2026-03-23,109,3701,89707.0,5.7,13.23,0.0646
2026-03-23,110,11,290.0,7.42,10.33,0.0
2026-03-23,111,209,4574.0,3.34,7.49,0.0096
2026-03-23,112,50055,1253011.0,3.71,8.3,0.0109
2026-03-23,113,26852,835875.0,3.24,6.93,0.0061
2026-03-23,114,27789,864210.0,3.39,7.66,0.0075
2026-03-23,115,4437,89441.0,5.68,12.96,0.055
2026-03-23,116,22066,481163.0,4.45,10.53,0.027
2026-03-23,117,9275,239340.0,6.59,15.27,0.1057
2026-03-23,118,5324,133369.0,5.36,13.0,0.0614
2026-03-23,119,17943,354190.0,4.65,10.91,0.0264
2026-03-23,120,495,10999.0,4.63,11.46,0.0456
2026-03-23,121,12631,295783.0,4.47,10.31,0.0258
2026-03-23,122,6817,145333.0,4.78,11.1,0.0345
2026-03-23,123,17076,321377.0,3.87,8.3,0.0108
2026-03-23,124,8237,179922.0,5.15,11.51,0.0383
2026-03-23,125,17314,623391.0,3.22,6.43,0.0027
2026-03-23,126,16837,326067.0,4.92,11.57,0.0351
2026-03-23,127,20601,460301.0,4.26,9.98,0.0251
2026-03-23,128,1491,35215.0,4.14,8.9,0.0197
2026-03-23,129,39319,793037.0,4.28,9.77,0.0224
2026-03-23,130,41780,916056.0,4.54,10.33,0.0283
2026-03-23,131,8670,199750.0,4.5,10.03,0.0207
2026-03-23,132,76788,6339139.0,6.38,14.42,0.0894
2026-03-23,133,9714,217606.0,3.98,8.68,0.01
2026-03-23,134,11866,259829.0,4.18,9.25,0.0162
2026-03-23,135,10084,237516.0,4.39,10.05,0.0193
2026-03-23,136,14175,285712.0,4.57,10.85,0.0269
2026-03-23,137,24917,686501.0,3.55,7.67,0.0064
2026-03-23,138,76104,4509455.0,5.54,12.37,0.0412
2026-03-23,139,10779,225092.0,4.89,10.89,0.0345
2026-03-23,140,26863,840771.0,3.71,8.03,0.0077
2026-03-23,141,29081,889042.0,3.47,6.88,0.0031
2026-03-23,142,28915,990538.0,3.43,7.2,0.006
2026-03-23,143,21267,644035.0,3.54,7.36,0.0051
2026-03-23,144,32925,1020259.0,3.55,7.59,0.0074
2026-03-23,145,43504,1070503.0,3.61,8.12,0.0099
2026-03-23,146,13026,320006.0,3.48,7.66,0.0088
2026-03-23,147,11457,224512.0,4.46,10.67,0.0234
2026-03-23,148,47955,1445509.0,3.79,8.71,0.0145
2026-03-23,149,13526,261136.0,3.77,8.08,0.0088
2026-03-23,150,5658,125198.0,4.08,9.26,0.0183
2026-03-23,151,13099,346468.0,3.9,8.79,0.0144
2026-03-23,152,11429,252710.0,4.31,9.96,0.0226
2026-03-23,153,5437,99239.0,4.8,10.78,0.0313
2026-03-23,154,330,10236.0,5.3,11.63,0.0459
2026-03-23,155,14321,328286.0,4.74,11.06,0.0355
2026-03-23,156,7812,153646.0,4.78,11.27,0.0428
2026-03-23,157,16016,355951.0,4.6,10.3,0.0239
2026-03-23,158,25027,842123.0,3.23,6.89,0.0054
2026-03-23,159,25478,503845.0,4.46,10.52,0.0252
2026-03-23,160,11639,244438.0,4.62,10.14,0.0219
2026-03-23,161,54728,2350421.0,3.22,7.18,0.0076
2026-03-23,162,37642,1532129.0,3.11,6.39,0.0024
2026-03-23,163,37173,1566449.0,3.14,6.66,0.005
2026-03-23,164,47451,1744093.0,3.43,7.93,0.0114
2026-03-23,165,17717,386935.0,4.02,8.61,0.0126
2026-03-23,166,21759,547505.0,3.74,8.29,0.0106
2026-03-23,167,20474,394940.0,4.65,10.76,0.0286
2026-03-23,168,35635,735582.0,4.7,10.88,0.0283
2026-03-23,169,26073,490252.0,4.71,10.95,0.0276
2026-03-23,170,42224,1399670.0,3.29,6.99,0.0049
2026-03-23,171,10648,219633.0,4.2,9.6,0.0214
2026-03-23,172,3444,79723.0,5.29,13.14,0.0695
2026-03-23,173,13354,256775.0,4.99,11.57,0.0418
2026-03-23,174,23670,487095.0,4.24,9.67,0.022
2026-03-23,175,4332,112167.0,4.86,11.22,0.0321
2026-03-23,176,1801,47583.0,5.78,13.24,0.0677
2026-03-23,177,21724,439335.0,4.9,11.2,0.0342
2026-03-23,178,5860,114280.0,4.07,8.72,0.0107
2026-03-23,179,17896,415768.0,3.85,8.56,0.0126
2026-03-23,180,9278,177084.0,4.26,9.65,0.0178
2026-03-23,181,45804,1208216.0,3.4,7.33,0.0082
2026-03-23,182,14180,286219.0,4.54,10.44,0.0259
2026-03-23,183,7272,147738.0,4.39,10.27,0.0249
2026-03-23,184,1054,22038.0,4.72,11.18,0.0353
2026-03-23,185,16491,344222.0,4.49,10.2,0.0232
2026-03-23,186,28844,1074968.0,3.2,8.59,0.0271
2026-03-23,187,4110,78467.0,4.98,11.83,0.0473
2026-03-23,188,38299,841695.0,4.64,10.27,0.0264
2026-03-23,189,18164,466777.0,3.79,8.35,0.0103
2026-03-23,190,2288,55388.0,4.11,8.79,0.0142
2026-03-23,191,16432,359552.0,4.7,10.83,0.0349
2026-03-23,192,6834,152260.0,4.15,9.63,0.0181
2026-03-23,193,8978,202254.0,4.15,9.33,0.016
2026-03-23,194,698,24212.0,5.82,13.13,0.0613
2026-03-23,195,9772,286147.0,4.65,10.67,0.0334
2026-03-23,196,13648,295108.0,4.46,10.05,0.0236
2026-03-23,197,24183,474508.0,4.4,10.03,0.0239
2026-03-23,198,31918,708313.0,4.28,9.85,0.0234
2026-03-23,199,4,149.0,13.93,18.03,0.5
2026-03-23,200,10350,270740.0,5.0,11.26,0.0367
2026-03-23,201,3131,94356.0,6.06,14.42,0.0862
2026-03-23,202,2793,90574.0,5.96,12.56,0.0548
2026-03-23,203,10255,207255.0,5.98,12.74,0.057
2026-03-23,204,1388,39015.0,5.48,12.27,0.0444
2026-03-23,205,22293,461515.0,5.11,11.69,0.0446
2026-03-23,206,11572,227917.0,4.89,12.21,0.0525
2026-03-23,207,808,13471.0,3.53,7.99,0.0087
2026-03-23,208,17940,382200.0,4.78,11.0,0.0296
2026-03-23,209,10036,364056.0,3.96,8.34,0.0126
2026-03-23,210,17230,328299.0,3.95,8.87,0.0147
2026-03-23,211,26365,872622.0,3.17,6.64,0.004
2026-03-23,212,15576,280808.0,4.81,10.79,0.028
2026-03-23,213,27346,522933.0,5.05,11.51,0.0379
2026-03-23,214,4759,111662.0,4.74,12.23,0.0474
2026-03-23,215,16758,323754.0,4.85,11.32,0.0391
2026-03-23,216,33202,648892.0,4.12,9.42,0.0188
2026-03-23,217,9271,163341.0,5.12,10.98,0.032
2026-03-23,218,11440,243261.0,4.86,10.98,0.0333
2026-03-23,219,9547,207554.0,5.32,11.52,0.0364
2026-03-23,220,20230,430853.0,4.39,9.83,0.0221
2026-03-23,221,7829,155971.0,5.16,12.25,0.0535
2026-03-23,222,6781,143375.0,5.2,11.94,0.0496
2026-03-23,223,25113,571524.0,3.56,7.99,0.0114
2026-03-23,224,9145,252657.0,4.43,9.25,0.016
2026-03-23,225,38853,883025.0,4.54,10.48,0.0254
2026-03-23,226,30486,654900.0,4.05,8.95,0.0132
2026-03-23,227,12898,274035.0,4.37,10.03,0.023
2026-03-23,228,26121,649122.0,4.42,9.68,0.0193
2026-03-23,229,25212,795107.0,3.26,6.55,0.0041
2026-03-23,230,55824,2468245.0,3.54,8.64,0.0193
2026-03-23,231,50171,1780775.0,3.25,6.48,0.0027
2026-03-23,232,19342,533044.0,4.67,10.15,0.0241
2026-03-23,233,24307,756168.0,3.47,7.03,0.0036
2026-03-23,234,50608,1689114.0,3.25,7.16,0.0068
2026-03-23,235,23294,452863.0,5.14,11.94,0.0396
2026-03-23,236,27459,919389.0,3.43,6.73,0.0031
2026-03-23,237,35464,1233147.0,3.09,6.09,0.0017
2026-03-23,238,20970,635442.0,3.6,7.6,0.0081
2026-03-23,239,25571,830517.0,3.41,7.1,0.0055
2026-03-23,240,3543,70846.0,5.13,10.87,0.0345
2026-03-23,241,20772,423657.0,4.66,10.75,0.027
2026-03-23,242,21308,434269.0,4.36,9.9,0.0232
2026-03-23,243,27317,635591.0,4.39,10.36,0.0275
2026-03-23,244,38032,897525.0,4.2,10.13,0.0259
2026-03-23,245,4351,91354.0,5.24,12.05,0.0492
2026-03-23,246,47893,1646942.0,3.48,7.41,0.0062
2026-03-23,247,28232,529547.0,4.76,10.67,0.0279
2026-03-23,248,13696,259616.0,4.81,11.03,0.0299
2026-03-23,249,41713,1292118.0,3.36,7.33,0.0075
2026-03-23,250,14130,272925.0,4.38,10.07,0.021
2026-03-23,251,4333,86426.0,4.78,11.07,0.037
2026-03-23,252,6883,167495.0,5.07,11.44,0.0341
2026-03-23,253,249,8877.0,4.73,13.47,0.0685
2026-03-23,254,27039,526043.0,5.1,11.65,0.0407
2026-03-23,255,48400,1337154.0,3.69,8.6,0.013
2026-03-23,256,41352,1082044.0,3.9,8.88,0.0141
2026-03-23,257,7555,199171.0,3.68,7.66,0.0085
2026-03-23,258,16667,355526.0,4.55,10.54,0.0266
2026-03-23,259,18669,374344.0,5.42,11.75,0.0418
2026-03-23,260,22963,447665.0,3.82,8.63,0.0121
2026-03-23,261,16814,716620.0,3.79,8.03,0.0118
2026-03-23,262,14761,431414.0,4.01,8.32,0.0081
2026-03-23,263,23378,704439.0,3.78,7.65,0.0053
2026-03-23,265,256,7217.0,7.99,15.6,0.1165
2026-03-30,2,7,161.0,6.4,10.67,0.0
2026-03-30,3,12007,221714.0,4.25,9.54,0.0211
2026-03-30,4,12499,315922.0,4.03,9.08,0.0135
2026-03-30,5,1532,42510.0,6.37,14.14,0.0806
2026-03-30,6,2890,66370.0,4.88,11.52,0.0458
2026-03-30,7,46683,966417.0,3.46,7.59,0.0053
2026-03-30,8,177,3487.0,3.45,9.29,0.0169
2026-03-30,9,4265,92661.0,4.21,9.59,0.0146
2026-03-30,10,16408,339151.0,4.24,9.57,0.0234
2026-03-30,11,5713,114743.0,3.84,8.77,0.013
2026-03-30,12,646,22145.0,3.77,8.03,0.0171
2026-03-30,13,17439,658846.0,3.46,6.98,0.004
2026-03-30,14,26464,601758.0,3.68,8.05,0.0082
2026-03-30,15,3667,100168.0,5.42,12.2,0.0485
2026-03-30,16,9957,238211.0,4.42,10.28,0.0268
2026-03-30,17,37751,800478.0,4.26,9.52,0.0193
2026-03-30,18,25335,469096.0,4.52,10.84,0.0288
2026-03-30,19,4461,104768.0,4.99,10.68,0.0298
2026-03-30,20,16074,343018.0,4.5,10.76,0.0313
2026-03-30,21,12994,246827.0,3.84,8.66,0.0103
2026-03-30,22,17211,328640.0,3.91,8.81,0.0123
2026-03-30,23,7413,168813.0,5.23,12.93,0.0622
2026-03-30,24,6618,161551.0,3.79,8.72,0.0123
2026-03-30,25,26430,721678.0,3.88,8.68,0.0117
2026-03-30,26,18461,367865.0,4.62,10.0,0.0248
2026-03-30,27,203,8511.0,10.1,20.95,0.2973
2026-03-30,28,12510,264253.0,4.29,9.68,0.0158
2026-03-30,29,9888,198104.0,3.75,8.42,0.0125
2026-03-30,30,263,7645.0,7.69,16.09,0.1211
2026-03-30,31,2457,63814.0,5.13,11.4,0.041
2026-03-30,32,13268,258175.0,4.39,10.05,0.0204
2026-03-30,33,20876,634254.0,3.6,8.09,0.0105
2026-03-30,34,4022,112924.0,4.88,12.23,0.0564
2026-03-30,35,32721,604943.0,4.87,11.21,0.036
2026-03-30,36,37828,818555.0,4.04,9.88,0.0223
2026-03-30,37,52663,1167571.0,4.08,9.61,0.0197
2026-03-30,38,6150,141318.0,4.74,10.84,0.0353
2026-03-30,39,38541,701231.0,4.63,10.63,0.0323
2026-03-30,40,10916,303015.0,3.56,7.65,0.0072
2026-03-30,41,32795,685831.0,4.17,9.62,0.0187
2026-03-30,42,46319,915942.0,4.56,10.65,0.0267
2026-03-30,43,6739,207205.0,3.46,7.42,0.0054
2026-03-30,44,2286,62637.0,5.85,13.93,0.0823
2026-03-30,45,11190,314471.0,3.88,8.67,0.0117
2026-03-30,46,1129,38001.0,8.74,18.01,0.1757
2026-03-30,47,17648,315769.0,4.63,10.74,0.028
2026-03-30,48,39279,1257144.0,3.14,7.06,0.0066
2026-03-30,49,28802,681717.0,3.75,8.33,0.011
2026-03-30,50,21789,622920.0,3.5,7.46,0.0076
2026-03-30,51,21453,460669.0,5.16,11.49,0.0398
2026-03-30,52,7171,200870.0,3.35,7.25,0.006
2026-03-30,53,7483,179292.0,5.1,11.99,0.0475
2026-03-30,54,2685,72544.0,3.67,7.9,0.0096
2026-03-30,55,14629,336109.0,4.34,10.13,0.0288
2026-03-30,56,15750,305313.0,4.37,9.71,0.0176
2026-03-30,57,1215,23276.0,4.48,9.86,0.03
2026-03-30,58,1785,39084.0,5.57,13.14,0.0543
2026-03-30,59,563,10145.0,4.61,10.54,0.0306
2026-03-30,60,12563,231770.0,4.97,11.47,0.0375
2026-03-30,61,63504,1324078.0,4.31,10.03,0.0227
2026-03-30,62,16510,366751.0,4.44,10.07,0.0219
2026-03-30,63,15909,323800.0,4.31,9.96,0.0224
2026-03-30,64,3344,92852.0,6.2,13.25,0.0665
2026-03-30,65,22063,602978.0,4.07,9.31,0.0166
2026-03-30,66,17453,501897.0,3.9,9.12,0.0172
2026-03-30,67,8789,177920.0,3.83,8.57,0.0106
2026-03-30,68,44107,1551350.0,3.01,6.91,0.0067
2026-03-30,69,27255,533153.0,4.67,11.14,0.0329
2026-03-30,70,11303,252075.0,4.0,9.24,0.0164
2026-03-30,71,21599,418655.0,4.47,9.98,0.0243
2026-03-30,72,26051,478542.0,4.89,10.94,0.0341
2026-03-30,73,5077,102695.0,4.26,9.75,0.021
2026-03-30,74,35308,711419.0,4.56,10.21,0.0214
2026-03-30,75,30671,737953.0,4.14,9.35,0.0156
2026-03-30,76,60024,1123123.0,4.42,10.13,0.0256
2026-03-30,77,14812,290120.0,4.55,10.43,0.0264
2026-03-30,78,24502,466170.0,4.62,11.01,0.0333
2026-03-30,79,53347,1448625.0,3.16,6.91,0.0054
2026-03-30,80,34799,804577.0,3.76,8.61,0.0143
2026-03-30,81,15469,287062.0,5.0,11.01,0.0349
2026-03-30,82,35887,679496.0,3.99,9.02,0.0158
2026-03-30,83,11786,220298.0,3.97,8.76,0.0106
2026-03-30,84,2366,66813.0,5.65,12.81,0.0622
2026-03-30,85,16348,332678.0,4.32,9.51,0.0186
2026-03-30,86,11685,286617.0,6.18,14.15,0.0829
2026-03-30,87,24626,903367.0,3.36,7.41,0.0074
2026-03-30,88,11504,438492.0,3.45,7.5,0.0071
2026-03-30,89,39023,869074.0,4.06,8.87,0.0129
2026-03-30,90,27343,847843.0,2.86,6.13,0.0028
2026-03-30,91,24306,484849.0,4.5,9.96,0.0249
2026-03-30,92,26672,611939.0,4.63,10.57,0.0312
2026-03-30,93,1867,48450.0,4.66,11.35,0.0399
2026-03-30,94,11467,210489.0,4.6,10.95,0.0329
2026-03-30,95,33839,751661.0,4.13,9.19,0.0168
2026-03-30,96,716,16407.0,4.65,10.2,0.021
2026-03-30,97,32985,828396.0,3.84,8.77,0.0139
2026-03-30,98,4638,105254.0,4.75,10.89,0.024
2026-03-30,99,186,4121.0,6.19,13.32,0.0649
2026-03-30,100,22347,822719.0,3.23,7.76,0.0103
2026-03-30,101,5053,138286.0,5.29,11.87,0.0493
2026-03-30,102,12518,252952.0,4.4,10.07,0.0259
2026-03-30,105,2,78.0,5.75,6.55,0.0
2026-03-30,106,10445,252400.0,3.76,7.96,0.007
2026-03-30,107,30760,901443.0,3.12,6.47,0.003
2026-03-30,108,7408,149682.0,3.95,9.0,0.0121
2026-03-30,109,3608,90666.0,5.68,13.03,0.0666
2026-03-30,110,5,137.0,3.77,30.33,0.2
2026-03-30,111,182,4067.0,3.69,7.15,0.0226
2026-03-30,112,46223,1121945.0,3.57,7.9,0.0084
2026-03-30,113,25982,786362.0,3.05,6.42,0.0036
2026-03-30,114,25629,763057.0,3.1,6.97,0.0065
2026-03-30,115,4063,83985.0,5.51,12.57,0.0549
2026-03-30,116,22128,465060.0,4.29,10.25,0.0251
2026-03-30,117,9141,236652.0,6.43,15.19,0.1055
2026-03-30,118,5031,132429.0,5.28,12.87,0.0655
2026-03-30,119,17701,364643.0,4.6,10.83,0.0279
2026-03-30,120,468,9956.0,4.43,10.5,0.0286
2026-03-30,121,11257,262746.0,4.5,10.33,0.0222
2026-03-30,122,6630,136511.0,4.65,10.64,0.034
2026-03-30,123,12699,248664.0,3.72,7.96,0.0074
2026-03-30,124,8187,178743.0,5.06,11.6,0.0408
2026-03-30,125,14821,505924.0,3.07,6.41,0.004
2026-03-30,126,16200,315225.0,4.8,11.44,0.0368
2026-03-30,127,19591,429806.0,4.14,9.8,0.0219
2026-03-30,128,1446,35792.0,3.98,8.72,0.0196
2026-03-30,129,38088,744602.0,4.08,9.1,0.0164
2026-03-30,130,39462,834521.0,4.29,9.92,0.0263
2026-03-30,131,7935,181035.0,4.33,9.8,0.0215
2026-03-30,132,65210,5452474.0,5.74,12.67,0.0557
2026-03-30,133,8369,193790.0,3.8,8.27,0.0077
2026-03-30,134,11263,241330.0,3.89,8.66,0.0134
2026-03-30,135,8236,196103.0,4.42,10.23,0.0253
2026-03-30,136,13225,258597.0,4.43,10.51,0.0263
2026-03-30,137,22798,619369.0,3.41,7.3,0.0061
2026-03-30,138,78100,4772338.0,5.5,12.52,0.0489
2026-03-30,139,10482,210015.0,4.74,10.6,0.0305
2026-03-30,140,25190,786823.0,3.61,7.96,0.0076
2026-03-30,141,27212,831221.0,3.37,6.84,0.0031
2026-03-30,142,28330,938640.0,3.33,7.1,0.005
2026-03-30,143,20531,606669.0,3.4,6.99,0.0042
2026-03-30,144,30280,902254.0,3.37,7.31,0.0074
2026-03-30,145,41529,1002450.0,3.53,7.82,0.0096
2026-03-30,146,12130,280070.0,3.41,7.47,0.0056
2026-03-30,147,11554,222890.0,4.44,10.62,0.0253
2026-03-30,148,43786,1238177.0,3.5,8.06,0.0119
2026-03-30,149,11438,228054.0,3.62,8.05,0.0117
2026-03-30,150,4874,107325.0,4.02,9.18,0.0188
2026-03-30,151,13224,346670.0,3.79,8.52,0.0098
2026-03-30,152,11097,242228.0,4.23,9.92,0.0222
2026-03-30,153,4677,84113.0,4.52,10.4,0.0289
2026-03-30,154,383,11655.0,5.16,11.53,0.0524
2026-03-30,155,13213,306811.0,4.57,10.77,0.0347
2026-03-30,156,7393,140428.0,4.66,11.1,0.0398
2026-03-30,157,15699,336411.0,4.44,10.0,0.0235
2026-03-30,158,23669,759621.0,3.08,6.41,0.0037
2026-03-30,159,25223,479470.0,4.41,10.55,0.028
2026-03-30,160,10931,229845.0,4.36,9.7,0.0192
2026-03-30,161,49140,1933562.0,3.06,6.65,0.0048
2026-03-30,162,33189,1247302.0,2.92,6.04,0.0021
2026-03-30,163,33325,1345112.0,2.99,6.49,0.0042
2026-03-30,164,41700,1408250.0,3.11,6.94,0.0066
2026-03-30,165,12467,290573.0,3.82,8.31,0.011
2026-03-30,166,21498,522935.0,3.6,8.07,0.009
2026-03-30,167,19975,375340.0,4.54,10.64,0.0271
2026-03-30,168,35370,714940.0,4.65,10.76,0.0285
2026-03-30,169,25179,462797.0,4.58,10.81,0.0283
2026-03-30,170,37104,1161121.0,3.13,6.52,0.0028
2026-03-30,171,10154,211148.0,4.05,9.44,0.0205
2026-03-30,172,3341,79997.0,5.24,13.14,0.0647
2026-03-30,173,12758,239300.0,4.74,10.78,0.0321
2026-03-30,174,22562,450128.0,4.09,9.37,0.0169
2026-03-30,175,3899,101409.0,4.91,11.47,0.036
2026-03-30,176,1673,45984.0,5.57,12.99,0.0703
2026-03-30,177,21211,418321.0,4.7,10.62,0.0283
2026-03-30,178,3864,82791.0,3.86,8.4,0.0101
2026-03-30,179,17216,386034.0,3.79,8.19,0.01
2026-03-30,180,9414,179951.0,4.19,9.43,0.0159
2026-03-30,181,43148,1142341.0,3.3,7.22,0.0079
2026-03-30,182,13886,276808.0,4.34,9.75,0.0207
2026-03-30,183,6927,135856.0,4.36,10.01,0.0236
2026-03-30,184,1131,23732.0,4.69,10.86,0.0338
2026-03-30,185,16296,335740.0,4.36,9.89,0.0205
2026-03-30,186,25823,908921.0,2.89,7.22,0.0108
2026-03-30,187,3886,75068.0,4.85,11.13,0.0443
2026-03-30,188,36256,779509.0,4.32,9.56,0.018
2026-03-30,189,17440,429782.0,3.65,8.24,0.0116
2026-03-30,190,2857,64971.0,4.1,8.75,0.0149
2026-03-30,191,15447,329225.0,4.54,10.35,0.0286
2026-03-30,192,6551,143031.0,4.12,9.89,0.0267
2026-03-30,193,8285,179633.0,4.0,8.79,0.0097
2026-03-30,194,747,25788.0,6.41,14.54,0.0931
2026-03-30,195,9111,263000.0,4.63,10.55,0.0317
2026-03-30,196,12757,269377.0,4.27,9.49,0.0148
2026-03-30,197,22357,430189.0,4.17,9.31,0.0172
2026-03-30,198,31278,676294.0,4.15,9.5,0.0192
2026-03-30,199,1,161.0,18.03,18.03,1.0
2026-03-30,200,9305,247231.0,4.95,10.87,0.0321
2026-03-30,201,3085,92665.0,6.08,14.8,0.0948
2026-03-30,202,2866,90515.0,5.87,12.82,0.0586
2026-03-30,203,9853,197894.0,5.92,12.84,0.0587
2026-03-30,204,1409,42348.0,5.33,13.12,0.0638
2026-03-30,205,21697,433017.0,4.89,11.08,0.04
2026-03-30,206,10981,209073.0,4.65,11.67,0.0484
2026-03-30,207,861,14091.0,3.55,7.13,0.0023
2026-03-30,208,16931,361405.0,4.71,10.78,0.0312
2026-03-30,209,8589,293021.0,3.69,7.95,0.0092
2026-03-30,210,16124,305434.0,3.83,8.66,0.0149
2026-03-30,211,24236,767512.0,3.02,6.38,0.0031
2026-03-30,212,14716,256264.0,4.56,10.09,0.0225
2026-03-30,213,26459,498606.0,4.9,11.2,0.036
2026-03-30,214,4459,105342.0,4.69,11.0,0.038
2026-03-30,215,16297,305959.0,4.56,10.47,0.0321
2026-03-30,216,31717,605858.0,3.94,8.9,0.0165
2026-03-30,217,6553,121152.0,4.82,10.22,0.0251
2026-03-30,218,10951,227305.0,4.74,10.31,0.0271
2026-03-30,219,9170,198347.0,5.13,11.09,0.0315
2026-03-30,220,18391,384528.0,4.29,9.62,0.0199
2026-03-30,221,7643,152182.0,5.06,11.64,0.0506
2026-03-30,222,6867,139502.0,4.82,11.08,0.0389
2026-03-30,223,24033,529392.0,3.42,7.62,0.0062
2026-03-30,224,8737,237810.0,4.26,9.02,0.0128
2026-03-30,225,38649,849266.0,4.41,10.18,0.0243
2026-03-30,226,28931,607456.0,3.9,8.45,0.0107
2026-03-30,227,12250,256269.0,4.26,9.68,0.0198
2026-03-30,228,23136,529555.0,4.24,9.1,0.0148
2026-03-30,229,23585,721777.0,3.19,6.43,0.003
2026-03-30,230,49727,2015103.0,3.29,7.98,0.0145
2026-03-30,231,44187,1521915.0,3.1,6.35,0.0034
2026-03-30,232,19181,508726.0,4.38,9.63,0.0194
2026-03-30,233,22280,671115.0,3.32,6.81,0.0034
2026-03-30,234,44878,1434288.0,3.04,6.53,0.0038
2026-03-30,235,22495,426179.0,5.05,11.83,0.0402
2026-03-30,236,28844,933200.0,3.38,6.79,0.0034
2026-03-30,237,34512,1152618.0,3.05,6.1,0.002
2026-03-30,238,21254,641305.0,3.53,7.76,0.0076
2026-03-30,239,25957,811750.0,3.34,6.84,0.0036
2026-03-30,240,3744,74626.0,5.0,10.81,0.0326
2026-03-30,241,18995,372492.0,4.5,10.24,0.0234
2026-03-30,242,20255,406651.0,4.23,9.59,0.0223
2026-03-30,243,26397,600988.0,4.29,10.24,0.0256
2026-03-30,244,36515,837039.0,4.1,9.89,0.0227
2026-03-30,245,4092,89473.0,4.99,11.86,0.0483
2026-03-30,246,42904,1402019.0,3.38,7.28,0.0079
2026-03-30,247,28734,661398.0,4.82,11.5,0.0431
2026-03-30,248,13114,240746.0,4.56,10.44,0.0256
2026-03-30,249,39102,1161975.0,3.1,6.61,0.0044
2026-03-30,250,13462,251615.0,4.22,9.68,0.0192
2026-03-30,251,4041,83520.0,4.7,10.86,0.0373
2026-03-30,252,6628,160747.0,4.91,11.04,0.0345
2026-03-30,253,140,4169.0,4.34,11.77,0.05
2026-03-30,254,27343,525823.0,5.03,11.42,0.0384
2026-03-30,255,46414,1222624.0,3.44,8.09,0.0113
2026-03-30,256,38386,967823.0,3.67,8.3,0.0113
2026-03-30,257,7164,191302.0,3.62,7.64,0.0069
2026-03-30,258,15919,332477.0,4.33,10.06,0.0226
2026-03-30,259,18651,365736.0,5.44,11.7,0.0444
2026-03-30,260,21852,407903.0,3.58,7.98,0.0066
2026-03-30,261,14551,595651.0,3.61,8.03,0.011
2026-03-30,262,14837,433752.0,3.83,8.1,0.0065
2026-03-30,263,22732,675166.0,3.58,7.4,0.0051
2026-03-30,265,242,5771.0,7.43,16.32,0.1186
2026-04-06,2,8,206.0,6.07,9.43,0.0
2026-04-06,3,11126,203603.0,4.05,9.07,0.0153
2026-04-06,4,12761,313431.0,3.99,8.97,0.0113
2026-04-06,5,1371,34588.0,5.92,13.7,0.0728
2026-04-06,6,2822,60796.0,4.84,11.7,0.043
2026-04-06,7,45591,947289.0,3.5,7.7,0.0058
2026-04-06,8,196,4247.0,3.89,8.12,0.0
2026-04-06,9,3986,87558.0,4.14,9.42,0.0167
2026-04-06,10,15516,317117.0,4.16,9.09,0.0145
2026-04-06,11,5521,111184.0,3.91,8.95,0.014
2026-04-06,12,578,19219.0,3.89,8.74,0.0104
2026-04-06,13,20103,737247.0,3.53,7.01,0.0042
2026-04-06,14,25328,570082.0,3.64,7.88,0.0072
2026-04-06,15,3568,92981.0,5.25,11.92,0.0436
2026-04-06,16,9427,221268.0,4.2,9.85,0.0216
2026-04-06,17,34948,722716.0,4.04,9.07,0.0122
2026-04-06,18,24286,448525.0,4.2,10.07,0.0182
2026-04-06,19,4172,98479.0,4.99,10.62,0.0237
2026-04-06,20,15611,313280.0,4.12,9.74,0.0183
2026-04-06,21,12723,237152.0,3.89,8.93,0.0127
2026-04-06,22,16170,306592.0,3.9,8.73,0.0116
2026-04-06,23,6665,151955.0,5.17,12.65,0.0563
2026-04-06,24,6540,151846.0,3.68,8.28,0.0086
2026-04-06,25,27096,725625.0,3.79,8.4,0.0115
2026-04-06,26,14951,298709.0,4.3,9.48,0.02
2026-04-06,27,184,7672.0,10.92,23.22,0.3415
2026-04-06,28,11625,241079.0,4.2,9.36,0.0122
2026-04-06,29,10592,206942.0,3.9,8.66,0.0116
2026-04-06,30,266,7017.0,7.43,16.63,0.1445
2026-04-06,31,2678,73452.0,4.59,10.36,0.0244
2026-04-06,32,12307,236498.0,4.2,9.31,0.0133
2026-04-06,33,23576,710477.0,3.5,7.61,0.0079
2026-04-06,34,4903,141719.0,5.12,14.38,0.0888
2026-04-06,35,29676,542146.0,4.74,10.92,0.0315
2026-04-06,36,37848,808364.0,4.02,10.0,0.0271
2026-04-06,37,51118,1114820.0,4.04,9.48,0.0171
2026-04-06,38,5565,123130.0,4.58,10.13,0.024
2026-04-06,39,35869,647402.0,4.47,10.0,0.0254
2026-04-06,40,11246,304966.0,3.48,7.19,0.0053
2026-04-06,41,31156,654872.0,4.02,9.16,0.0164
2026-04-06,42,42304,844865.0,4.32,10.27,0.0218
2026-04-06,43,7312,223524.0,3.48,7.5,0.0065
2026-04-06,44,2215,62504.0,5.93,13.95,0.0799
2026-04-06,45,11861,321567.0,3.89,8.67,0.011
2026-04-06,46,1257,42365.0,8.8,19.25,0.1981
2026-04-06,47,16544,287947.0,4.31,9.99,0.0173
2026-04-06,48,40958,1326352.0,3.29,7.48,0.0082
2026-04-06,49,28172,651892.0,3.61,7.85,0.0074
2026-04-06,50,23192,651245.0,3.48,7.36,0.006
2026-04-06,51,20382,437070.0,4.98,10.93,0.0325
2026-04-06,52,7752,215545.0,3.25,6.92,0.0042
2026-04-06,53,7619,178490.0,5.21,12.27,0.0502
2026-04-06,54,2767,72784.0,3.58,7.45,0.0066
2026-04-06,55,14268,322664.0,4.35,9.98,0.0239
2026-04-06,56,15588,301564.0,4.31,9.77,0.0185
2026-04-06,57,1302,25315.0,4.74,10.93,0.0381
2026-04-06,58,1705,36975.0,5.26,11.89,0.0363
2026-04-06,59,484,9525.0,4.62,10.32,0.0293
2026-04-06,60,11616,208509.0,4.6,10.41,0.0245
2026-04-06,61,60799,1245934.0,4.17,9.81,0.0182
2026-04-06,62,14866,315985.0,4.27,9.7,0.0144
2026-04-06,63,15822,319425.0,4.34,10.09,0.02
2026-04-06,64,3150,83111.0,5.67,12.74,0.049
2026-04-06,65,22180,584695.0,3.94,8.91,0.0131
2026-04-06,66,18272,522505.0,3.67,8.17,0.0116
2026-04-06,67,8602,175480.0,3.87,8.6,0.0101
2026-04-06,68,48019,1667474.0,3.14,7.11,0.0074
2026-04-06,69,25508,486072.0,4.32,10.32,0.0231
2026-04-06,70,11152,248347.0,4.06,9.63,0.0202
2026-04-06,71,19818,380991.0,4.29,9.57,0.0189
2026-04-06,72,24035,439196.0,4.71,10.61,0.028
2026-04-06,73,5006,100766.0,4.11,9.82,0.0208
2026-04-06,74,33338,667504.0,4.45,9.87,0.0192
2026-04-06,75,29605,698482.0,4.05,9.23,0.0124
2026-04-06,76,56318,1038829.0,4.34,9.82,0.0221
2026-04-06,77,14348,281941.0,4.5,10.17,0.0225
2026-04-06,78,22870,420058.0,4.25,10.26,0.0248
2026-04-06,79,57036,1544570.0,3.26,7.32,0.0072
2026-04-06,80,35334,815593.0,3.73,8.67,0.012
2026-04-06,81,14230,262635.0,4.84,10.77,0.0284
2026-04-06,82,35989,673760.0,4.03,9.16,0.0156
2026-04-06,83,11801,221473.0,4.08,9.06,0.0144
2026-04-06,84,2242,62610.0,5.57,13.07,0.0652
2026-04-06,85,15619,316753.0,4.2,9.24,0.0176
2026-04-06,86,10969,256700.0,5.78,13.37,0.0693
2026-04-06,87,27325,980101.0,3.42,7.36,0.0061
2026-04-06,88,12598,474351.0,3.52,7.59,0.0079
2026-04-06,89,38176,825496.0,3.94,8.59,0.011
2026-04-06,90,30225,918882.0,3.0,6.37,0.0033
2026-04-06,91,22682,449632.0,4.33,9.44,0.0184
2026-04-06,92,26184,598578.0,4.54,10.44,0.0317
2026-04-06,93,3679,129548.0,5.51,13.67,0.0786
2026-04-06,94,11144,204349.0,4.31,10.18,0.0207
2026-04-06,95,32407,697439.0,4.09,9.14,0.016
2026-04-06,96,771,18461.0,4.58,10.15,0.0131
2026-04-06,97,32266,788294.0,3.69,8.42,0.0101
2026-04-06,98,4297,94088.0,4.5,10.34,0.0197
2026-04-06,99,161,3836.0,6.78,14.29,0.0875
2026-04-06,100,24182,920702.0,3.34,7.97,0.0107
2026-04-06,101,4697,123794.0,5.19,11.36,0.0399
2026-04-06,102,12194,240093.0,4.32,9.71,0.0209
2026-04-06,105,1,39.0,9.88,9.88,0.0
2026-04-06,106,11399,273687.0,3.73,7.77,0.0055
2026-04-06,107,33064,951827.0,3.14,6.53,0.0024
2026-04-06,108,6968,137201.0,3.89,8.83,0.0116
2026-04-06,109,3423,80478.0,5.65,13.35,0.069
2026-04-06,110,13,438.0,4.93,16.1,0.0769
2026-04-06,111,162,3850.0,3.8,8.34,0.0062
2026-04-06,112,45964,1113081.0,3.54,7.73,0.0075
2026-04-06,113,28093,830956.0,3.12,6.64,0.0047
2026-04-06,114,28783,850310.0,3.24,7.65,0.0099
2026-04-06,115,4078,76630.0,5.5,12.33,0.0514
2026-04-06,116,21600,462666.0,4.17,9.91,0.0213
2026-04-06,117,8717,219880.0,6.28,14.76,0.0955
2026-04-06,118,4916,121968.0,5.23,12.63,0.0612
2026-04-06,119,16843,342278.0,4.32,10.36,0.0212
2026-04-06,120,459,8812.0,4.01,9.8,0.011
2026-04-06,121,10868,251744.0,4.31,10.0,0.0178
2026-04-06,122,6169,125372.0,4.44,10.1,0.0261
2026-04-06,123,11986,216263.0,3.61,7.94,0.0064
2026-04-06,124,7709,165109.0,5.02,11.1,0.0366
2026-04-06,125,16600,566652.0,3.08,6.29,0.003
2026-04-06,126,15454,291420.0,4.61,10.82,0.0287
2026-04-06,127,19717,425664.0,3.97,9.39,0.0178
2026-04-06,128,1420,33286.0,3.79,7.7,0.0064
2026-04-06,129,37167,717241.0,4.16,9.3,0.0176
2026-04-06,130,39109,827760.0,4.23,9.73,0.0222
2026-04-06,131,7478,165492.0,4.18,9.15,0.0125
2026-04-06,132,74344,5830371.0,6.25,13.66,0.0766
2026-04-06,133,7880,176648.0,3.75,8.08,0.0057
2026-04-06,134,10855,228276.0,3.8,8.51,0.0109
2026-04-06,135,7256,166545.0,4.36,9.82,0.0139
2026-04-06,136,12722,246133.0,4.11,9.93,0.0164
2026-04-06,137,23814,625132.0,3.44,7.4,0.007
2026-04-06,138,95357,5734656.0,6.0,13.81,0.0739
2026-04-06,139,9783,194860.0,4.5,10.06,0.0222
2026-04-06,140,25810,767860.0,3.63,8.06,0.0081
2026-04-06,141,28825,828165.0,3.34,6.72,0.0028
2026-04-06,142,30342,974329.0,3.35,6.94,0.005
2026-04-06,143,22106,612843.0,3.36,6.72,0.0037
2026-04-06,144,32710,966159.0,3.45,7.46,0.0078
2026-04-06,145,42760,1014986.0,3.52,7.78,0.0078
2026-04-06,146,12094,282520.0,3.43,7.47,0.0055
2026-04-06,147,10385,199545.0,4.11,10.21,0.0173
2026-04-06,148,47284,1339418.0,3.54,8.34,0.0128
2026-04-06,149,10831,198607.0,3.58,7.78,0.0074
2026-04-06,150,4618,97168.0,3.98,9.19,0.0167
2026-04-06,151,12809,311167.0,3.71,8.1,0.0094
2026-04-06,152,10608,227067.0,4.06,9.45,0.0165
2026-04-06,153,4615,81221.0,4.26,9.74,0.0227
2026-04-06,154,355,11216.0,5.0,11.37,0.0458
2026-04-06,155,12398,271666.0,4.47,10.29,0.0278
2026-04-06,156,6852,128161.0,4.69,11.01,0.0346
2026-04-06,157,14672,302304.0,4.3,9.67,0.0192
2026-04-06,158,27190,860708.0,3.19,6.7,0.0053
2026-04-06,159,23055,432192.0,4.04,9.81,0.0165
2026-04-06,160,10898,222522.0,4.33,9.48,0.0164
2026-04-06,161,55206,2228783.0,3.19,7.08,0.0061
2026-04-06,162,36701,1416393.0,3.06,6.27,0.0028
2026-04-06,163,37485,1535618.0,3.13,6.79,0.005
2026-04-06,164,44181,1515716.0,3.25,7.37,0.0071
2026-04-06,165,11344,237985.0,3.77,8.23,0.0078
2026-04-06,166,22521,548531.0,3.51,7.94,0.0085
2026-04-06,167,18428,338927.0,4.3,9.96,0.0184
2026-04-06,168,31883,641739.0,4.44,10.28,0.0208
2026-04-06,169,24054,431026.0,4.31,10.11,0.0187
2026-04-06,170,40058,1242950.0,3.25,6.92,0.0047
2026-04-06,171,9880,199542.0,3.98,9.18,0.0164
2026-04-06,172,3128,72544.0,5.17,12.66,0.0563
2026-04-06,173,12818,238733.0,4.76,10.98,0.0358
2026-04-06,174,21381,429270.0,3.87,8.86,0.01
2026-04-06,175,3348,83517.0,4.71,10.95,0.0331
2026-04-06,176,1646,41303.0,5.48,13.29,0.0701
2026-04-06,177,20265,395482.0,4.57,10.43,0.0263
2026-04-06,178,3315,65231.0,3.87,8.43,0.0052
2026-04-06,179,16898,369540.0,3.76,8.23,0.0094
2026-04-06,180,8563,160736.0,4.12,9.17,0.013
2026-04-06,181,44107,1118481.0,3.22,6.93,0.0043
2026-04-06,182,13259,260077.0,4.1,9.04,0.0126
2026-04-06,183,6808,131185.0,4.29,9.81,0.018
2026-04-06,184,1200,27688.0,4.83,10.85,0.0377
2026-04-06,185,15488,313677.0,4.13,9.33,0.0148
2026-04-06,186,27516,957913.0,2.98,7.47,0.0101
2026-04-06,187,3661,70470.0,4.92,11.41,0.0395
2026-04-06,188,35009,729702.0,4.16,9.22,0.0148
2026-04-06,189,17029,409679.0,3.58,7.85,0.0065
2026-04-06,190,3611,88578.0,4.13,9.41,0.0187
2026-04-06,191,14497,302945.0,4.41,10.0,0.0234
2026-04-06,192,6201,131536.0,3.98,9.1,0.0088
2026-04-06,193,8201,178930.0,4.03,9.15,0.0126
2026-04-06,194,1124,39296.0,6.1,12.76,0.0565
2026-04-06,195,10860,332713.0,4.74,11.26,0.0459
2026-04-06,196,12752,265533.0,4.32,9.57,0.0189
2026-04-06,197,21758,422087.0,4.15,9.33,0.0177
2026-04-06,198,30715,655116.0,4.06,9.36,0.0175
2026-04-06,199,2,86.0,11.05,13.75,0.0
2026-04-06,200,10140,272887.0,4.6,10.31,0.0295
2026-04-06,201,2914,87194.0,5.69,14.39,0.0892
2026-04-06,202,3081,94298.0,5.95,12.83,0.0573
2026-04-06,203,9727,190029.0,5.56,11.93,0.0426
2026-04-06,204,1449,41681.0,5.4,12.98,0.0606
2026-04-06,205,20152,399949.0,4.66,10.39,0.0291
2026-04-06,206,10446,193709.0,4.59,11.5,0.0458
2026-04-06,207,828,12832.0,3.43,6.83,0.0048
2026-04-06,208,16735,356350.0,4.59,10.72,0.0274
2026-04-06,209,9747,328395.0,3.74,7.91,0.0084
2026-04-06,210,16003,299707.0,3.84,8.61,0.0134
2026-04-06,211,25871,816500.0,3.1,6.61,0.0034
2026-04-06,212,14014,248322.0,4.29,9.65,0.0166
2026-04-06,213,25049,470211.0,4.66,10.48,0.0266
2026-04-06,214,4244,96203.0,4.45,11.48,0.0428
2026-04-06,215,15034,278045.0,4.47,10.07,0.0236
2026-04-06,216,30334,576040.0,3.91,8.97,0.0157
2026-04-06,217,5446,98463.0,4.52,9.32,0.0171
2026-04-06,218,10414,214928.0,4.57,10.0,0.0219
2026-04-06,219,8657,178144.0,4.93,10.61,0.0251
2026-04-06,220,18487,384992.0,4.14,9.56,0.0218
2026-04-06,221,7267,137996.0,4.93,11.45,0.0437
2026-04-06,222,6337,127793.0,4.75,10.37,0.0259
2026-04-06,223,23335,502511.0,3.47,7.7,0.0072
2026-04-06,224,8727,224061.0,4.19,8.54,0.0102
2026-04-06,225,37050,801655.0,4.33,10.02,0.0214
2026-04-06,226,28896,598864.0,3.91,8.51,0.0091
2026-04-06,227,11592,239742.0,4.15,9.34,0.0161
2026-04-06,228,23698,553708.0,4.18,8.94,0.0129
2026-04-06,229,24611,745299.0,3.23,6.6,0.0032
2026-04-06,230,53029,2228402.0,3.47,8.59,0.0166
2026-04-06,231,50944,1697476.0,3.19,6.44,0.0031
2026-04-06,232,20325,529372.0,4.42,9.72,0.019
2026-04-06,233,23632,695999.0,3.43,7.1,0.0042
2026-04-06,234,49227,1569338.0,3.15,6.81,0.0054
2026-04-06,235,21350,397598.0,4.75,11.17,0.0294
2026-04-06,236,32760,1016738.0,3.33,6.51,0.0029
2026-04-06,237,38703,1292532.0,3.07,6.11,0.002
2026-04-06,238,23693,645058.0,3.46,7.29,0.005
2026-04-06,239,27406,818214.0,3.32,6.77,0.0035
2026-04-06,240,3645,74725.0,4.89,10.66,0.0299
2026-04-06,241,17994,348159.0,4.34,9.98,0.018
2026-04-06,242,19343,391314.0,4.05,9.11,0.0162
2026-04-06,243,25405,562800.0,3.99,9.67,0.0187
2026-04-06,244,37378,865527.0,3.88,9.43,0.0181
2026-04-06,245,3920,80377.0,4.99,11.66,0.0485
2026-04-06,246,49996,1627773.0,3.44,7.44,0.0065
2026-04-06,247,26195,526032.0,4.43,10.52,0.026
2026-04-06,248,12520,226324.0,4.36,9.74,0.0154
2026-04-06,249,42564,1257640.0,3.24,7.08,0.0066
2026-04-06,250,12952,239248.0,4.07,9.2,0.0127
2026-04-06,251,3969,79566.0,4.62,10.73,0.0296
2026-04-06,252,6354,148846.0,4.94,11.39,0.0333
2026-04-06,253,218,6606.0,4.72,12.94,0.0737
2026-04-06,254,25104,474679.0,4.79,10.66,0.0296
2026-04-06,255,45906,1209448.0,3.41,8.19,0.0112
2026-04-06,256,38540,988065.0,3.61,8.23,0.0104
2026-04-06,257,6876,174870.0,3.56,7.31,0.0045
2026-04-06,258,15478,323894.0,4.47,10.13,0.0244
2026-04-06,259,17774,344402.0,5.24,11.19,0.0333
2026-04-06,260,21509,404777.0,3.67,8.14,0.0071
2026-04-06,261,16176,649126.0,3.68,7.9,0.0115
2026-04-06,262,15950,434483.0,3.79,7.67,0.0047
2026-04-06,263,24209,678094.0,3.57,7.19,0.0038
2026-04-06,265,236,6784.0,7.33,16.56,0.146
2026-04-13,2,14,522.0,10.73,26.27,0.2857
2026-04-13,3,12086,232324.0,4.22,9.05,0.0151
2026-04-13,4,12978,342724.0,4.31,9.83,0.0189
2026-04-13,5,1503,39697.0,5.72,13.06,0.062
2026-04-13,6,3110,70155.0,4.82,11.13,0.0386
2026-04-13,7,49761,1093295.0,3.65,7.73,0.007
2026-04-13,8,224,4658.0,3.66,8.3,0.0045
2026-04-13,9,4718,103451.0,4.15,8.87,0.0126
2026-04-13,10,16967,362772.0,4.28,9.59,0.0234
2026-04-13,11,6030,124125.0,3.78,8.24,0.0089
2026-04-13,12,462,16398.0,4.05,8.66,0.0241
2026-04-13,13,20661,823987.0,3.77,7.74,0.0076
2026-04-13,14,28085,661455.0,3.67,7.67,0.0064
2026-04-13,15,3795,101721.0,5.36,12.17,0.0422
2026-04-13,16,10689,253236.0,4.22,9.6,0.0193
2026-04-13,17,40612,888786.0,4.52,10.05,0.0262
2026-04-13,18,25181,491449.0,4.53,10.37,0.0253
2026-04-13,19,4848,117272.0,4.98,10.59,0.0234
2026-04-13,20,16202,353748.0,4.48,10.47,0.028
2026-04-13,21,13851,272494.0,3.84,8.47,0.0113
2026-04-13,22,18209,360802.0,3.96,8.68,0.0112
2026-04-13,23,8311,196529.0,5.23,12.39,0.0557
2026-04-13,24,7017,176155.0,4.01,9.33,0.0193
2026-04-13,25,28493,811054.0,4.17,9.05,0.0178
2026-04-13,26,24893,482309.0,4.49,9.42,0.0198
2026-04-13,27,216,9143.0,11.16,20.54,0.3333
2026-04-13,28,13050,282476.0,4.32,9.57,0.0158
2026-04-13,29,11114,225830.0,3.94,8.63,0.0117
2026-04-13,30,281,8069.0,8.26,17.01,0.1449
2026-04-13,31,2598,73234.0,5.19,11.69,0.0439
2026-04-13,32,13020,264825.0,4.29,9.62,0.0198
2026-04-13,33,24571,780004.0,3.96,8.65,0.0142
2026-04-13,34,3775,94984.0,4.66,10.38,0.0312
2026-04-13,35,32349,619203.0,5.09,11.64,0.0437
2026-04-13,36,40080,914118.0,4.24,10.08,0.0281
2026-04-13,37,55211,1295480.0,4.35,9.99,0.0255
2026-04-13,38,6149,147167.0,4.66,10.36,0.03
2026-04-13,39,38570,720948.0,4.77,10.55,0.0337
2026-04-13,40,12149,337979.0,3.67,7.63,0.0084
2026-04-13,41,32622,720057.0,4.52,10.0,0.0249
2026-04-13,42,45375,946827.0,4.82,11.0,0.0317
2026-04-13,43,7554,249684.0,3.85,8.25,0.0098
2026-04-13,44,2361,66824.0,6.08,14.06,0.0753
2026-04-13,45,11796,350266.0,4.26,9.45,0.02
2026-04-13,46,1289,45722.0,8.26,19.0,0.191
2026-04-13,47,18145,337718.0,4.6,10.21,0.0227
2026-04-13,48,43473,1506462.0,3.64,8.35,0.0148
2026-04-13,49,30318,737680.0,4.04,8.74,0.0162
2026-04-13,50,24443,724431.0,3.89,8.35,0.0111
2026-04-13,51,20169,452786.0,4.99,10.78,0.0319
2026-04-13,52,8153,235643.0,3.55,7.44,0.0077
2026-04-13,53,7742,195813.0,5.13,11.92,0.0418
2026-04-13,54,3123,84577.0,3.92,8.01,0.013
2026-04-13,55,14974,349565.0,4.3,9.93,0.0243
2026-04-13,56,15972,320709.0,4.42,9.73,0.0217
2026-04-13,57,1264,26815.0,4.5,9.93,0.0199
2026-04-13,58,1822,40768.0,5.25,11.61,0.0385
2026-04-13,59,649,13077.0,4.7,9.78,0.022
2026-04-13,60,11895,225196.0,4.81,10.8,0.0294
2026-04-13,61,64617,1395536.0,4.56,10.41,0.0279
2026-04-13,62,18073,400971.0,4.6,10.29,0.0271
2026-04-13,63,16560,349495.0,4.35,9.86,0.0221
2026-04-13,64,3549,93276.0,5.98,13.03,0.0603
2026-04-13,65,23722,696283.0,4.5,10.03,0.0237
2026-04-13,66,19300,591338.0,4.18,9.51,0.0223
2026-04-13,67,9479,205742.0,3.85,8.44,0.0102
2026-04-13,68,49987,1900235.0,3.46,7.93,0.011
2026-04-13,69,26705,545418.0,4.7,11.09,0.0324
2026-04-13,70,11890,275953.0,4.02,9.48,0.0192
2026-04-13,71,21806,437595.0,4.61,10.22,0.0291
2026-04-13,72,25799,490860.0,5.08,11.34,0.0406
2026-04-13,73,5326,111809.0,4.15,9.48,0.017
2026-04-13,74,34858,737784.0,4.84,10.61,0.0272
2026-04-13,75,30963,786972.0,4.58,10.13,0.023
2026-04-13,76,59269,1139681.0,4.51,10.09,0.0266
2026-04-13,77,15041,302931.0,4.75,10.79,0.0308
2026-04-13,78,23466,464066.0,4.53,10.5,0.0292
2026-04-13,79,56699,1645480.0,3.56,7.94,0.0095
2026-04-13,80,38703,940172.0,4.1,9.36,0.0199
2026-04-13,81,15535,298504.0,4.89,10.82,0.0341
2026-04-13,82,37641,737102.0,4.18,9.19,0.0174
2026-04-13,83,12629,243665.0,4.1,8.85,0.0128
2026-04-13,84,2450,65771.0,5.49,11.78,0.0461
2026-04-13,85,16774,363956.0,4.55,10.2,0.0293
2026-04-13,86,11706,286343.0,6.19,13.98,0.0815
2026-04-13,87,28747,1134056.0,3.73,8.19,0.0104
2026-04-13,88,14201,600396.0,3.96,9.13,0.0216
2026-04-13,89,40499,914905.0,4.16,9.03,0.0184
2026-04-13,90,30612,1012647.0,3.29,7.14,0.0064
2026-04-13,91,25082,515191.0,4.54,10.04,0.0263
2026-04-13,92,26281,637750.0,4.49,10.09,0.0264
2026-04-13,93,2759,77962.0,4.96,11.79,0.0485
2026-04-13,94,11522,218061.0,4.54,10.47,0.0265
2026-04-13,95,35569,805525.0,4.27,9.28,0.0181
2026-04-13,96,951,23926.0,4.73,10.57,0.0287
2026-04-13,97,33823,865393.0,4.22,9.3,0.02
2026-04-13,98,5038,117143.0,4.57,10.23,0.0203
2026-04-13,99,209,5240.0,6.07,12.47,0.0537
2026-04-13,100,25312,1043291.0,3.86,9.25,0.019
2026-04-13,101,4955,135719.0,5.39,11.72,0.046
2026-04-13,102,12501,259715.0,4.52,10.01,0.0251
2026-04-13,106,11353,283417.0,3.88,7.97,0.009
2026-04-13,107,33691,1059735.0,3.48,7.28,0.0064
2026-04-13,108,7812,159634.0,3.98,8.73,0.0125
2026-04-13,109,3749,88699.0,5.48,12.41,0.0545
2026-04-13,110,11,211.0,5.65,13.75,0.0909
2026-04-13,111,220,5318.0,3.7,8.69,0.0185
2026-04-13,112,51466,1329806.0,3.82,8.34,0.0123
2026-04-13,113,28033,901097.0,3.47,7.36,0.0073
2026-04-13,114,28514,926426.0,3.61,8.38,0.0126
2026-04-13,115,4418,89119.0,5.57,12.73,0.0602
2026-04-13,116,22461,498746.0,4.53,10.5,0.028
2026-04-13,117,9015,236466.0,6.64,15.39,0.1073
2026-04-13,118,5226,133205.0,5.39,12.29,0.0566
2026-04-13,119,18515,427916.0,4.65,10.95,0.0334
2026-04-13,120,538,12101.0,4.54,10.76,0.034
2026-04-13,121,12467,297328.0,4.44,9.92,0.0236
2026-04-13,122,6718,143182.0,4.62,10.59,0.033
2026-04-13,123,15679,293758.0,3.83,8.03,0.0106
2026-04-13,124,8154,184012.0,4.99,10.92,0.036
2026-04-13,125,17170,625140.0,3.49,7.33,0.0081
2026-04-13,126,16091,322655.0,4.79,11.19,0.0357
2026-04-13,127,20586,457893.0,4.0,9.31,0.0183
2026-04-13,128,1530,37652.0,3.91,8.1,0.0086
2026-04-13,129,39479,802626.0,4.17,9.24,0.0188
2026-04-13,130,41556,911762.0,4.41,9.98,0.0256
2026-04-13,131,8489,196089.0,4.33,9.47,0.0175
2026-04-13,132,76146,6112514.0,5.97,13.7,0.0761
2026-04-13,133,9217,209187.0,3.89,8.32,0.0087
2026-04-13,134,12341,275598.0,4.02,8.92,0.0166
2026-04-13,135,9779,234862.0,4.28,9.72,0.0186
2026-04-13,136,13303,269919.0,4.38,10.26,0.0238
2026-04-13,137,24587,697115.0,3.94,8.5,0.0129
2026-04-13,138,101119,6555951.0,6.33,14.43,0.0874
2026-04-13,139,10498,216379.0,4.68,10.31,0.0287
2026-04-13,140,26957,863842.0,3.99,8.89,0.0132
2026-04-13,141,30630,946302.0,3.66,7.32,0.0058
2026-04-13,142,31861,1096217.0,3.67,7.67,0.0081
2026-04-13,143,23385,688588.0,3.78,7.68,0.0075
2026-04-13,144,32077,1032699.0,3.8,8.34,0.0129
2026-04-13,145,46921,1169666.0,3.81,8.37,0.0123
2026-04-13,146,12372,304862.0,3.6,7.88,0.0089
2026-04-13,147,10516,211783.0,4.36,10.21,0.022
2026-04-13,148,47402,1463377.0,3.89,9.18,0.0177
2026-04-13,149,13228,252446.0,3.73,7.74,0.0087
2026-04-13,150,5442,120610.0,4.07,9.0,0.02
2026-04-13,151,13677,351553.0,4.05,8.83,0.0136
2026-04-13,152,11894,272982.0,4.45,10.44,0.0282
2026-04-13,153,5188,96812.0,4.67,10.02,0.0265
2026-04-13,154,501,17485.0,5.41,12.07,0.0446
2026-04-13,155,13956,320692.0,4.58,10.25,0.0318
2026-04-13,156,7497,147529.0,4.69,10.65,0.0373
2026-04-13,157,16486,370979.0,4.51,10.53,0.0295
2026-04-13,158,27724,977974.0,3.45,7.38,0.007
2026-04-13,159,24263,483146.0,4.42,10.35,0.0235
2026-04-13,160,11431,244193.0,4.46,9.78,0.0222
2026-04-13,161,56620,2544600.0,3.52,8.25,0.0152
2026-04-13,162,39523,1641550.0,3.26,6.91,0.0049
2026-04-13,163,39082,1755581.0,3.32,7.38,0.0094
2026-04-13,164,46780,1757587.0,3.75,8.51,0.0142
2026-04-13,165,15857,345403.0,3.9,8.21,0.0101
2026-04-13,166,23265,602006.0,3.88,8.59,0.0138
2026-04-13,167,19586,381216.0,4.53,10.08,0.0209
2026-04-13,168,34439,730012.0,4.63,10.53,0.0267
2026-04-13,169,24824,470553.0,4.57,10.55,0.0264
2026-04-13,170,41845,1418399.0,3.63,7.82,0.0083
2026-04-13,171,10405,223381.0,4.04,8.98,0.0169
2026-04-13,172,3547,81040.0,5.22,12.29,0.0545
2026-04-13,173,13414,264388.0,4.81,10.89,0.0332
2026-04-13,174,22467,476784.0,4.12,9.08,0.0167
2026-04-13,175,4188,107739.0,4.62,10.46,0.0249
2026-04-13,176,1790,48998.0,5.33,11.99,0.0494
2026-04-13,177,21981,440693.0,4.86,10.86,0.0342
2026-04-13,178,5113,101653.0,3.96,8.32,0.0099
2026-04-13,179,18165,417919.0,3.88,8.23,0.0108
2026-04-13,180,9040,170704.0,4.1,9.06,0.013
2026-04-13,181,46715,1221065.0,3.43,7.23,0.0063
2026-04-13,182,13747,284071.0,4.22,9.56,0.0203
2026-04-13,183,7198,150349.0,4.26,9.69,0.0187
2026-04-13,184,1333,32065.0,5.49,13.33,0.0689
2026-04-13,185,16614,359547.0,4.27,9.46,0.0204
2026-04-13,186,27110,991512.0,3.41,8.4,0.0164
2026-04-13,187,4007,79400.0,4.95,11.08,0.0366
2026-04-13,188,37530,821150.0,4.53,9.96,0.0244
2026-04-13,189,18462,478016.0,3.91,8.51,0.0134
2026-04-13,190,3277,81835.0,4.26,9.62,0.0283
2026-04-13,191,15626,340375.0,4.55,10.16,0.0286
2026-04-13,192,6706,149906.0,3.97,9.02,0.0125
2026-04-13,193,8562,193349.0,4.2,9.38,0.0183
2026-04-13,194,1259,46344.0,5.84,12.73,0.0585
2026-04-13,195,10376,323176.0,4.73,11.0,0.0397
2026-04-13,196,13406,296487.0,4.36,9.4,0.0151
2026-04-13,197,23302,470519.0,4.2,9.22,0.018
2026-04-13,198,31808,714132.0,4.24,9.44,0.0213
2026-04-13,199,2,211.0,15.68,16.73,0.5
2026-04-13,200,11799,333769.0,4.83,10.65,0.0324
2026-04-13,201,3063,97475.0,6.12,14.33,0.0875
2026-04-13,202,3065,95956.0,5.92,12.44,0.0498
2026-04-13,203,10195,202107.0,5.83,12.2,0.0506
2026-04-13,204,1418,40682.0,5.14,11.85,0.0436
2026-04-13,205,21781,444200.0,4.93,11.14,0.0394
2026-04-13,206,11562,222862.0,4.96,11.6,0.0453
2026-04-13,207,880,14105.0,3.6,6.86,0.0034
2026-04-13,208,18118,413316.0,4.56,10.27,0.0253
2026-04-13,209,10350,377234.0,4.04,8.51,0.0116
2026-04-13,210,16911,330642.0,3.88,8.58,0.0136
2026-04-13,211,26461,923068.0,3.42,7.26,0.0066
2026-04-13,212,14611,271008.0,4.42,9.79,0.0221
2026-04-13,213,26328,527819.0,4.72,10.65,0.0322
2026-04-13,214,4596,109784.0,4.66,11.42,0.0414
2026-04-13,215,16405,314636.0,4.71,10.57,0.0331
2026-04-13,216,32047,621962.0,3.87,8.79,0.016
2026-04-13,217,8109,147905.0,5.01,10.56,0.0319
2026-04-13,218,11204,235254.0,4.85,10.3,0.0275
2026-04-13,219,9355,198388.0,5.04,10.64,0.0273
2026-04-13,220,19770,428987.0,4.38,9.4,0.0176
2026-04-13,221,7677,152530.0,5.16,11.76,0.0442
2026-04-13,222,6605,141282.0,5.14,11.11,0.0344
2026-04-13,223,24693,564596.0,3.48,7.51,0.0066
2026-04-13,224,9156,255679.0,4.55,9.49,0.0182
2026-04-13,225,38654,890744.0,4.61,10.5,0.0294
2026-04-13,226,30864,672316.0,3.99,8.52,0.0121
2026-04-13,227,12538,262826.0,4.24,9.23,0.0172
2026-04-13,228,25037,608199.0,4.24,8.93,0.0141
2026-04-13,229,25613,815200.0,3.42,6.87,0.0048
2026-04-13,230,55252,2535662.0,3.73,9.35,0.0243
2026-04-13,231,54253,1961404.0,3.46,7.05,0.0056
2026-04-13,232,19656,548265.0,4.8,10.63,0.0303
2026-04-13,233,24565,783320.0,3.72,7.72,0.0078
2026-04-13,234,49627,1759500.0,3.55,7.84,0.0109
2026-04-13,235,22824,448046.0,4.99,11.43,0.0375
2026-04-13,236,35037,1161452.0,3.68,7.3,0.006
2026-04-13,237,41962,1519112.0,3.33,6.76,0.0049
2026-04-13,238,24851,718904.0,3.85,8.12,0.0103
2026-04-13,239,28780,928110.0,3.66,7.51,0.0073
2026-04-13,240,3778,76558.0,5.12,10.97,0.034
2026-04-13,241,19699,411159.0,4.47,9.91,0.0207
2026-04-13,242,20619,436224.0,4.14,9.31,0.0192
2026-04-13,243,27691,646744.0,4.36,10.13,0.0251
2026-04-13,244,37693,904958.0,4.26,10.08,0.0257
2026-04-13,245,4268,90569.0,5.25,11.32,0.0465
2026-04-13,246,51701,1859523.0,3.89,8.47,0.0133
2026-04-13,247,29411,731512.0,4.88,11.37,0.0375
2026-04-13,248,12996,251472.0,4.52,10.18,0.0244
2026-04-13,249,41536,1344107.0,3.54,7.85,0.0092
2026-04-13,250,13321,264441.0,4.14,9.21,0.0141
2026-04-13,251,4301,85391.0,4.69,10.44,0.0326
2026-04-13,252,6806,168209.0,4.92,11.03,0.0364
2026-04-13,253,186,5826.0,4.35,9.57,0.027
2026-04-13,254,25945,513066.0,4.85,10.73,0.0307
2026-04-13,255,49187,1415001.0,3.99,9.48,0.021
2026-04-13,256,41601,1122403.0,4.03,9.14,0.0176
2026-04-13,257,7660,201718.0,3.7,7.62,0.0068
2026-04-13,258,16871,364832.0,4.43,9.88,0.0218
2026-04-13,259,18450,378738.0,5.24,11.26,0.0375
2026-04-13,260,22008,429128.0,3.65,7.83,0.0068
2026-04-13,261,17433,768800.0,3.99,8.68,0.0146
2026-04-13,262,16854,487904.0,4.23,8.65,0.0108
2026-04-13,263,25779,776105.0,3.97,8.06,0.009
2026-04-13,265,237,5753.0,8.02,16.8,0.1304
2026-04-20,2,12,351.0,9.45,17.21,0.0909
2026-04-20,3,11829,222397.0,4.04,8.77,0.0174
2026-04-20,4,13441,349241.0,4.48,10.12,0.0252
2026-04-20,5,1486,38579.0,5.52,12.46,0.0558
2026-04-20,6,3043,67567.0,4.63,10.47,0.031
2026-04-20,7,50167,1078770.0,3.62,7.72,0.0075
2026-04-20,8,202,4374.0,3.52,7.42,0.005
2026-04-20,9,4859,108014.0,4.06,8.73,0.0139
2026-04-20,10,17156,369479.0,4.19,9.2,0.0204
2026-04-20,11,6102,123742.0,3.78,7.98,0.0107
2026-04-20,12,485,16961.0,4.08,9.02,0.0167
2026-04-20,13,21825,852951.0,3.85,7.87,0.0078
2026-04-20,14,29175,667772.0,3.63,7.41,0.007
2026-04-20,15,3830,103900.0,5.11,11.53,0.0401
2026-04-20,16,10584,249473.0,4.19,9.53,0.0223
2026-04-20,17,39468,853251.0,4.46,10.07,0.0255
2026-04-20,18,24833,476421.0,4.36,9.98,0.0234
2026-04-20,19,4680,110826.0,4.79,10.18,0.0228
2026-04-20,20,15836,331399.0,4.33,10.12,0.0254
2026-04-20,21,14219,271286.0,3.8,8.14,0.0089
2026-04-20,22,18866,367061.0,3.87,8.27,0.011
2026-04-20,23,8406,198987.0,5.03,11.61,0.0469
2026-04-20,24,7080,172257.0,3.99,9.0,0.0183
2026-04-20,25,29724,855641.0,4.27,9.47,0.02
2026-04-20,26,25131,478490.0,4.42,9.07,0.0194
2026-04-20,27,173,7290.0,10.54,21.44,0.2785
2026-04-20,28,13163,282482.0,4.21,9.03,0.0113
2026-04-20,29,10832,212775.0,3.8,8.07,0.0105
2026-04-20,30,314,8804.0,8.39,18.06,0.1993
2026-04-20,31,2599,71689.0,4.85,11.25,0.036
2026-04-20,32,12601,249386.0,4.18,9.25,0.0192
2026-04-20,33,24580,771177.0,3.98,8.68,0.0165
2026-04-20,34,3707,102728.0,4.76,11.38,0.0452
2026-04-20,35,30704,585745.0,4.94,11.17,0.0386
2026-04-20,36,42299,937904.0,4.33,10.18,0.0289
2026-04-20,37,56759,1285375.0,4.35,9.88,0.0246
2026-04-20,38,6365,153156.0,4.55,10.21,0.031
2026-04-20,39,37267,703206.0,4.66,10.38,0.0318
2026-04-20,40,13174,361645.0,3.78,7.75,0.0093
2026-04-20,41,33178,717401.0,4.51,9.76,0.0227
2026-04-20,42,44893,932654.0,4.84,10.94,0.0315
2026-04-20,43,7276,243055.0,3.86,8.44,0.012
2026-04-20,44,2360,68800.0,5.83,14.08,0.0819
2026-04-20,45,12862,373078.0,4.23,9.23,0.0169
2026-04-20,46,1022,35082.0,8.02,17.13,0.1411
2026-04-20,47,17423,320488.0,4.47,10.0,0.0225
2026-04-20,48,44186,1532982.0,3.71,8.47,0.0141
2026-04-20,49,31143,754330.0,4.14,9.14,0.0168
2026-04-20,50,24918,758711.0,3.94,8.48,0.0107
2026-04-20,51,20578,454125.0,4.9,10.61,0.0311
2026-04-20,52,8537,241606.0,3.61,7.58,0.0119
2026-04-20,53,8261,202756.0,4.94,11.22,0.0388
2026-04-20,54,3118,83487.0,3.86,8.36,0.016
2026-04-20,55,14685,326818.0,4.17,9.26,0.0184
2026-04-20,56,16344,325940.0,4.42,9.93,0.024
2026-04-20,57,1386,29032.0,4.68,10.67,0.0392
2026-04-20,58,1833,41287.0,5.28,11.63,0.0331
2026-04-20,59,504,10572.0,4.73,10.69,0.0221
2026-04-20,60,11800,222734.0,4.76,10.63,0.0305
2026-04-20,61,65884,1425322.0,4.56,10.47,0.0291
2026-04-20,62,18239,416007.0,4.62,10.58,0.0324
2026-04-20,63,15942,328062.0,4.25,9.69,0.0209
2026-04-20,64,3608,95032.0,5.7,12.18,0.0485
2026-04-20,65,24140,700299.0,4.58,10.36,0.0283
2026-04-20,66,18198,554511.0,4.03,9.2,0.0204
2026-04-20,67,9737,204582.0,3.86,8.21,0.0101
2026-04-20,68,50966,1948017.0,3.5,7.97,0.0101
2026-04-20,69,26364,525700.0,4.62,10.64,0.0294
2026-04-20,70,12078,280255.0,3.99,9.38,0.0222
2026-04-20,71,21673,431105.0,4.54,10.07,0.0277
2026-04-20,72,25122,479051.0,4.98,11.17,0.0415
2026-04-20,73,5286,110443.0,4.07,9.13,0.014
2026-04-20,74,35323,732802.0,4.74,10.28,0.0243
2026-04-20,75,32118,793965.0,4.51,9.98,0.0217
2026-04-20,76,57638,1095522.0,4.41,9.78,0.0243
2026-04-20,77,14500,290744.0,4.55,10.27,0.0287
2026-04-20,78,23248,449269.0,4.44,10.25,0.028
2026-04-20,79,60298,1704509.0,3.64,7.95,0.0093
2026-04-20,80,37957,901572.0,4.0,9.08,0.0159
2026-04-20,81,15150,286508.0,4.71,10.34,0.0305
2026-04-20,82,38928,749296.0,4.08,9.18,0.018
2026-04-20,83,12825,245297.0,4.1,8.95,0.0153
2026-04-20,84,2450,66531.0,5.34,11.5,0.0438
2026-04-20,85,16387,343183.0,4.42,9.68,0.0218
2026-04-20,86,11399,276771.0,6.06,13.86,0.0794
2026-04-20,87,31284,1223960.0,3.83,8.4,0.0117
2026-04-20,88,13702,558019.0,3.83,8.36,0.0123
2026-04-20,89,40072,888883.0,4.09,8.81,0.015
2026-04-20,90,31477,1057281.0,3.4,7.48,0.0093
2026-04-20,91,24880,505854.0,4.51,9.96,0.0259
2026-04-20,92,28132,679783.0,4.72,11.52,0.0475
2026-04-20,93,4371,171974.0,5.77,16.36,0.1182
2026-04-20,94,11351,212836.0,4.44,10.22,0.0246
2026-04-20,95,36700,808593.0,4.21,9.23,0.0186
2026-04-20,96,762,17988.0,4.71,10.36,0.0304
2026-04-20,97,34723,905329.0,4.28,9.71,0.0239
2026-04-20,98,5056,114978.0,4.5,10.01,0.0228
2026-04-20,99,171,4382.0,6.38,12.79,0.0595
2026-04-20,100,26097,1095405.0,3.93,9.42,0.0222
2026-04-20,101,4996,137197.0,4.97,11.08,0.039
2026-04-20,102,13161,270715.0,4.42,9.96,0.0272
2026-04-20,105,1,28.0,12.15,12.15,0.0
2026-04-20,106,13252,323288.0,4.0,8.22,0.0124
2026-04-20,107,35790,1116795.0,3.61,7.62,0.0077
2026-04-20,108,8113,159048.0,3.87,8.15,0.0113
2026-04-20,109,3866,94134.0,5.3,12.21,0.0483
2026-04-20,110,7,217.0,8.87,23.13,0.1667
2026-04-20,111,211,5007.0,3.89,8.49,0.0047
2026-04-20,112,51845,1315683.0,3.9,8.75,0.0145
2026-04-20,113,29754,954423.0,3.57,7.56,0.0085
2026-04-20,114,30400,967081.0,3.68,8.28,0.013
2026-04-20,115,4364,86659.0,5.47,11.77,0.0463
2026-04-20,116,22471,497005.0,4.61,10.44,0.0277
2026-04-20,117,8781,233153.0,6.4,14.98,0.0995
2026-04-20,118,5407,138355.0,4.97,11.6,0.0455
2026-04-20,119,17178,350251.0,4.64,10.68,0.0286
2026-04-20,120,474,10278.0,4.87,11.34,0.0255
2026-04-20,121,12486,289519.0,4.26,9.51,0.0175
2026-04-20,122,6769,145849.0,4.43,10.09,0.03
2026-04-20,123,16277,299810.0,3.72,7.68,0.0088
2026-04-20,124,8275,184829.0,4.97,10.57,0.0349
2026-04-20,125,18065,665820.0,3.49,7.24,0.0082
2026-04-20,126,16363,317963.0,4.68,10.7,0.0315
2026-04-20,127,21103,468738.0,3.98,9.17,0.0188
2026-04-20,128,1600,40291.0,4.17,8.98,0.0127
2026-04-20,129,40706,814558.0,4.14,9.23,0.019
2026-04-20,130,41507,888062.0,4.23,9.48,0.0213
2026-04-20,131,8377,189041.0,4.25,9.25,0.0189
2026-04-20,132,77506,5984293.0,5.82,13.03,0.0647
2026-04-20,133,9769,219126.0,3.82,8.07,0.0093
2026-04-20,134,12363,268188.0,3.91,8.47,0.0124
2026-04-20,135,9605,228014.0,4.15,9.14,0.0151
2026-04-20,136,13352,272162.0,4.32,10.14,0.0239
2026-04-20,137,25899,733726.0,3.99,8.69,0.0147
2026-04-20,138,101094,6456298.0,5.98,14.15,0.0832
2026-04-20,139,10684,218196.0,4.64,10.13,0.0269
2026-04-20,140,28784,897783.0,3.97,8.65,0.0121
2026-04-20,141,33084,991886.0,3.79,7.52,0.0057
2026-04-20,142,34008,1180225.0,3.78,7.88,0.0094
2026-04-20,143,24352,729723.0,3.86,7.91,0.0084
2026-04-20,144,34194,1091512.0,3.87,8.35,0.0113
2026-04-20,145,46977,1150935.0,3.84,8.51,0.0157
2026-04-20,146,13269,324504.0,3.59,7.87,0.01
2026-04-20,147,10641,210663.0,4.31,10.22,0.0231
2026-04-20,148,50165,1517486.0,3.93,8.96,0.0151
2026-04-20,149,13061,243052.0,3.63,7.56,0.0072
2026-04-20,150,5558,120392.0,3.88,8.49,0.0148
2026-04-20,151,14002,364175.0,4.14,8.92,0.0152
2026-04-20,152,11519,254334.0,4.49,10.01,0.0269
2026-04-20,153,4865,89285.0,4.53,9.82,0.0263
2026-04-20,154,361,10793.0,4.93,10.88,0.0335
2026-04-20,155,13573,309566.0,4.51,10.16,0.0303
2026-04-20,156,7308,139822.0,4.51,10.12,0.0289
2026-04-20,157,17188,374316.0,4.46,9.85,0.0203
2026-04-20,158,28489,998770.0,3.45,7.23,0.0067
2026-04-20,159,24281,473294.0,4.34,9.98,0.0238
2026-04-20,160,11543,243195.0,4.42,9.55,0.0207
2026-04-20,161,58696,2658737.0,3.6,8.67,0.0213
2026-04-20,162,40144,1667638.0,3.34,7.29,0.008
2026-04-20,163,40658,1818470.0,3.4,7.44,0.0089
2026-04-20,164,47058,1797954.0,3.82,8.89,0.0178
2026-04-20,165,16193,338440.0,3.8,7.91,0.0096
2026-04-20,166,22978,572027.0,3.86,8.56,0.0132
2026-04-20,167,19353,371457.0,4.46,10.06,0.0236
2026-04-20,168,34474,709685.0,4.57,10.34,0.0266
2026-04-20,169,24907,470685.0,4.52,10.46,0.0284
2026-04-20,170,43439,1491603.0,3.7,8.18,0.0143
2026-04-20,171,10715,225131.0,3.92,8.62,0.0157
2026-04-20,172,3523,82879.0,5.07,11.9,0.0526
2026-04-20,173,14221,279938.0,4.86,11.24,0.0408
2026-04-20,174,23095,478810.0,3.94,8.63,0.0141
2026-04-20,175,4280,109846.0,4.64,10.42,0.028
2026-04-20,176,1858,48481.0,5.11,12.39,0.0579
2026-04-20,177,22166,446525.0,4.8,10.82,0.0341
2026-04-20,178,5374,104281.0,3.87,8.28,0.0081
2026-04-20,179,17908,404167.0,3.8,8.0,0.0093
2026-04-20,180,9076,172981.0,4.04,8.73,0.0125
2026-04-20,181,51064,1334210.0,3.59,7.73,0.0093
2026-04-20,182,13690,274694.0,4.17,9.11,0.0195
2026-04-20,183,7044,143449.0,4.2,9.34,0.0203
2026-04-20,184,1093,23504.0,4.69,11.53,0.0395
2026-04-20,185,16338,347006.0,4.23,9.29,0.0182
2026-04-20,186,27513,1059756.0,3.59,9.16,0.0241
2026-04-20,187,3960,77899.0,4.84,10.55,0.0306
2026-04-20,188,38050,856086.0,4.53,10.05,0.0276
2026-04-20,189,19175,502807.0,4.05,9.2,0.0214
2026-04-20,190,3711,97814.0,4.18,9.16,0.0214
2026-04-20,191,15520,342006.0,4.44,10.03,0.0274
2026-04-20,192,6952,157034.0,3.93,8.85,0.0133
2026-04-20,193,8765,196888.0,3.92,8.8,0.0126
2026-04-20,194,1176,43653.0,6.05,13.38,0.0647
2026-04-20,195,10739,322605.0,4.59,10.65,0.0335
2026-04-20,196,13600,293344.0,4.27,9.24,0.0171
2026-04-20,197,22997,459526.0,4.07,8.9,0.0169
2026-04-20,198,34047,742796.0,4.32,9.55,0.0225
2026-04-20,199,1,78.0,,,
2026-04-20,200,11978,335557.0,4.66,10.17,0.0265
2026-04-20,201,3119,95156.0,5.62,13.61,0.0793
2026-04-20,202,3158,100699.0,5.71,11.81,0.0422
2026-04-20,203,10153,202080.0,5.77,11.9,0.0476
2026-04-20,204,1326,37792.0,5.02,11.66,0.0425
2026-04-20,205,21687,438814.0,4.81,10.77,0.0377
2026-04-20,206,11424,225135.0,4.62,10.95,0.0377
2026-04-20,207,868,13977.0,3.6,6.85,0.0138
2026-04-20,208,17244,383991.0,4.5,10.2,0.0271
2026-04-20,209,10785,387760.0,4.09,8.73,0.0149
2026-04-20,210,17494,330479.0,3.77,8.08,0.0108
2026-04-20,211,27942,962981.0,3.49,7.37,0.0068
2026-04-20,212,14463,262141.0,4.32,9.44,0.0205
2026-04-20,213,25297,494361.0,4.63,10.25,0.0272
2026-04-20,214,4638,108070.0,4.45,10.34,0.0284
2026-04-20,215,16288,310035.0,4.55,10.2,0.0306
2026-04-20,216,32282,616856.0,3.83,8.51,0.0145
2026-04-20,217,8092,144817.0,4.84,10.2,0.0306
2026-04-20,218,11258,236817.0,4.66,9.91,0.0245
2026-04-20,219,9150,191443.0,4.97,10.55,0.0276
2026-04-20,220,19525,411849.0,4.18,8.82,0.0159
2026-04-20,221,7340,146978.0,4.97,11.19,0.0455
2026-04-20,222,6499,138412.0,4.98,10.96,0.0353
2026-04-20,223,25154,549606.0,3.45,7.43,0.0072
2026-04-20,224,9479,265306.0,4.8,10.0,0.0225
2026-04-20,225,38809,882737.0,4.58,10.42,0.0301
2026-04-20,226,32123,705311.0,4.05,8.89,0.0163
2026-04-20,227,13020,273046.0,4.23,9.11,0.0176
2026-04-20,228,27159,641905.0,4.22,8.84,0.015
2026-04-20,229,28119,899308.0,3.52,7.2,0.0065
2026-04-20,230,58193,2686206.0,3.87,9.72,0.0284
2026-04-20,231,58267,2059820.0,3.52,7.06,0.0054
2026-04-20,232,20967,581130.0,4.82,10.49,0.0277
2026-04-20,233,25364,805705.0,3.78,7.84,0.008
2026-04-20,234,51454,1831351.0,3.58,7.89,0.0122
2026-04-20,235,22362,435929.0,4.96,11.28,0.0342
2026-04-20,236,37842,1215060.0,3.77,7.46,0.0066
2026-04-20,237,45169,1592333.0,3.48,7.03,0.0053
2026-04-20,238,25597,746486.0,3.85,8.07,0.0107
2026-04-20,239,31219,998345.0,3.74,7.7,0.0085
2026-04-20,240,3602,74185.0,4.84,10.51,0.0308
2026-04-20,241,19976,403077.0,4.37,9.47,0.0172
2026-04-20,242,20229,420675.0,4.07,8.97,0.0161
2026-04-20,243,28515,664580.0,4.38,9.99,0.0251
2026-04-20,244,38925,913425.0,4.2,9.74,0.0228
2026-04-20,245,4350,92299.0,5.03,11.01,0.0356
2026-04-20,246,52701,1948020.0,3.82,8.31,0.0126
2026-04-20,247,28643,575609.0,4.75,10.49,0.0289
2026-04-20,248,12755,242680.0,4.4,10.08,0.0256
2026-04-20,249,44172,1401401.0,3.58,7.8,0.0091
2026-04-20,250,13375,257647.0,4.04,9.12,0.015
2026-04-20,251,4382,91645.0,4.64,10.28,0.0308
2026-04-20,252,6766,163534.0,4.76,10.72,0.0282
2026-04-20,253,219,7321.0,4.94,11.77,0.0596
2026-04-20,254,25833,499961.0,4.65,10.13,0.0272
2026-04-20,255,50993,1426251.0,3.91,9.12,0.0196
2026-04-20,256,42770,1130023.0,4.03,9.01,0.0167
2026-04-20,257,8841,232221.0,3.85,7.94,0.0081
2026-04-20,258,16377,350375.0,4.32,9.52,0.0192
2026-04-20,259,18127,362203.0,5.01,10.8,0.0327
2026-04-20,260,23233,447186.0,3.7,8.15,0.0111
2026-04-20,261,17562,748772.0,3.99,8.65,0.0159
2026-04-20,262,17946,518719.0,4.3,8.88,0.0116
2026-04-20,263,26924,794671.0,4.01,8.08,0.009
2026-04-20,265,248,6890.0,7.16,16.35,0.1345
2026-04-27,1,3,59.0,36.09,46.92,1.0
2026-04-27,2,14,557.0,9.86,16.04,0.1429
2026-04-27,3,11921,224734.0,3.98,8.58,0.0137
2026-04-27,4,13123,342922.0,4.25,9.55,0.0191
2026-04-27,5,1472,39886.0,5.69,13.21,0.064
2026-04-27,6,3100,73898.0,4.83,11.36,0.0395
2026-04-27,7,47268,1030649.0,3.42,7.33,0.0056
2026-04-27,8,190,4370.0,3.38,7.15,0.0053
2026-04-27,9,4444,96853.0,3.96,8.54,0.0094
2026-04-27,10,16299,350450.0,4.19,9.08,0.0206
2026-04-27,11,5970,122999.0,3.7,7.93,0.0085
2026-04-27,12,502,18773.0,3.93,8.55,0.0302
2026-04-27,13,21142,835412.0,3.69,7.72,0.0064
2026-04-27,14,27942,644238.0,3.62,7.57,0.008
2026-04-27,15,3926,108454.0,5.17,11.42,0.0346
2026-04-27,16,10546,251130.0,4.08,9.36,0.0177
2026-04-27,17,37686,822514.0,4.29,9.44,0.0215
2026-04-27,18,24171,468868.0,4.26,9.92,0.0218
2026-04-27,19,4637,111352.0,4.74,10.29,0.0223
2026-04-27,20,15647,322561.0,4.2,9.62,0.0212
2026-04-27,21,13835,267671.0,3.73,8.11,0.0096
2026-04-27,22,18329,354277.0,3.82,8.09,0.01
2026-04-27,23,8399,195471.0,5.11,11.86,0.0518
2026-04-27,24,7038,169106.0,3.88,8.52,0.0115
2026-04-27,25,27527,789121.0,3.98,8.66,0.0133
2026-04-27,26,24524,473096.0,4.33,8.89,0.0147
2026-04-27,27,202,8219.0,9.63,19.59,0.2021
2026-04-27,28,12820,274572.0,4.13,9.02,0.0131
2026-04-27,29,10641,214919.0,3.74,8.0,0.0098
2026-04-27,30,307,8792.0,7.67,16.45,0.1356
2026-04-27,31,1866,45932.0,4.42,10.5,0.0331
2026-04-27,32,12793,254327.0,4.06,9.03,0.0166
2026-04-27,33,24282,770959.0,3.85,8.27,0.0114
2026-04-27,34,4640,131596.0,4.9,13.22,0.0712
2026-04-27,35,31005,594508.0,4.94,11.06,0.0387
2026-04-27,36,39024,886487.0,4.1,9.73,0.0236
2026-04-27,37,53437,1242850.0,4.17,9.59,0.0224
2026-04-27,38,6202,151056.0,4.4,9.76,0.0252
2026-04-27,39,37402,701199.0,4.66,10.37,0.0316
2026-04-27,40,12266,335126.0,3.63,7.39,0.007
2026-04-27,41,32463,717215.0,4.41,9.75,0.0214
2026-04-27,42,43925,915438.0,4.68,10.7,0.0301
2026-04-27,43,6411,221983.0,3.57,7.7,0.0085
2026-04-27,44,2352,62523.0,5.54,12.58,0.0551
2026-04-27,45,12222,356581.0,4.08,8.99,0.016
2026-04-27,46,1086,38757.0,8.04,18.0,0.1609
2026-04-27,47,17209,315573.0,4.34,9.72,0.0201
2026-04-27,48,41717,1483854.0,3.53,8.12,0.0132
2026-04-27,49,29161,711182.0,3.84,8.46,0.0154
2026-04-27,50,24158,741385.0,3.71,7.91,0.0096
2026-04-27,51,20875,464933.0,4.68,10.06,0.0269
2026-04-27,52,8229,234924.0,3.5,7.51,0.0089
2026-04-27,53,7915,196080.0,4.76,10.94,0.0322
2026-04-27,54,2914,78725.0,3.88,7.96,0.0119
2026-04-27,55,14818,339491.0,4.12,9.17,0.0182
2026-04-27,56,16042,322356.0,4.2,9.11,0.0165
2026-04-27,57,1276,26610.0,4.43,9.96,0.0284
2026-04-27,58,1855,41083.0,5.17,11.38,0.0339
2026-04-27,59,621,12619.0,4.38,9.86,0.0212
2026-04-27,60,11669,219635.0,4.64,10.26,0.0261
2026-04-27,61,62302,1349188.0,4.33,9.82,0.023
2026-04-27,62,17261,385585.0,4.44,9.91,0.0227
2026-04-27,63,15720,325332.0,4.22,9.52,0.0188
2026-04-27,64,3572,95841.0,5.85,12.32,0.0512
2026-04-27,65,23406,671085.0,4.25,9.56,0.0205
2026-04-27,66,17690,536302.0,3.94,8.87,0.0212
2026-04-27,67,9850,211427.0,3.81,8.3,0.0121
2026-04-27,68,48473,1889590.0,3.4,7.77,0.0107
2026-04-27,69,26144,523001.0,4.48,10.35,0.0246
2026-04-27,70,11933,275680.0,3.85,8.83,0.0155
2026-04-27,71,20755,416688.0,4.43,9.88,0.025
2026-04-27,72,25173,481878.0,4.94,10.95,0.0371
2026-04-27,73,5031,105590.0,4.04,8.91,0.017
2026-04-27,74,34023,720154.0,4.75,10.51,0.0286
2026-04-27,75,30812,788471.0,4.4,9.79,0.0191
2026-04-27,76,57816,1109186.0,4.4,9.89,0.0272
2026-04-27,77,14058,287708.0,4.55,10.12,0.0255
2026-04-27,78,22799,442877.0,4.27,9.92,0.0227
2026-04-27,79,57078,1644279.0,3.52,7.86,0.0091
2026-04-27,80,36191,877893.0,3.83,8.71,0.0161
2026-04-27,81,15127,284968.0,4.65,10.1,0.024
2026-04-27,82,37003,717198.0,3.87,8.52,0.0131
2026-04-27,83,11997,228968.0,3.89,8.33,0.0089
2026-04-27,84,2461,65531.0,5.2,11.37,0.039
2026-04-27,85,15609,331783.0,4.27,9.38,0.0219
2026-04-27,86,11508,275934.0,6.0,13.41,0.0709
2026-04-27,87,29840,1180853.0,3.69,8.05,0.0107
2026-04-27,88,14194,585502.0,3.91,8.58,0.0134
2026-04-27,89,38248,854510.0,3.98,8.49,0.0132
2026-04-27,90,30939,1051423.0,3.25,7.04,0.0069
2026-04-27,91,23884,489959.0,4.41,9.62,0.0246
2026-04-27,92,26475,630557.0,4.25,9.51,0.0236
2026-04-27,93,3676,137413.0,5.02,12.83,0.0649
2026-04-27,94,10958,207218.0,4.3,9.99,0.0227
2026-04-27,95,35175,786702.0,4.03,8.71,0.0131
2026-04-27,96,756,18690.0,4.44,9.18,0.0294
2026-04-27,97,33890,875912.0,3.96,8.71,0.0145
2026-04-27,98,5009,117385.0,4.46,9.87,0.0181
2026-04-27,99,168,3997.0,5.37,13.21,0.0599
2026-04-27,100,25285,1079157.0,3.69,8.93,0.018
2026-04-27,101,4844,134292.0,4.86,10.89,0.0396
2026-04-27,102,12540,259731.0,4.26,9.48,0.02
2026-04-27,105,2,35.0,13.17,18.72,0.5
2026-04-27,106,11874,297122.0,3.85,7.89,0.0064
2026-04-27,107,34599,1086552.0,3.36,7.01,0.0048
2026-04-27,108,7645,153657.0,3.84,8.09,0.0092
2026-04-27,109,3606,88137.0,5.19,11.58,0.0441
2026-04-27,110,16,383.0,6.54,19.52,0.2143
2026-04-27,111,263,5611.0,3.58,7.33,0.0
2026-04-27,112,47015,1217532.0,3.63,7.94,0.0103
2026-04-27,113,28220,911945.0,3.41,7.42,0.0094
2026-04-27,114,28722,922927.0,3.55,8.27,0.0146
2026-04-27,115,4411,90246.0,5.47,11.81,0.0464
2026-04-27,116,22032,489225.0,4.37,10.05,0.0254
2026-04-27,117,8364,217349.0,6.23,14.54,0.0906
2026-04-27,118,5373,136301.0,5.01,11.18,0.0421
2026-04-27,119,17117,360042.0,4.47,10.23,0.0241
2026-04-27,120,419,9520.0,4.2,9.19,0.0146
2026-04-27,121,12369,288057.0,4.19,9.22,0.0157
2026-04-27,122,6550,139820.0,4.3,9.9,0.0269
2026-04-27,123,15547,290697.0,3.71,7.53,0.0067
2026-04-27,124,8117,180536.0,4.98,10.75,0.034
2026-04-27,125,17248,637711.0,3.36,7.09,0.0087
2026-04-27,126,15844,313715.0,4.61,10.78,0.0299
2026-04-27,127,19551,433661.0,3.83,8.74,0.0143
2026-04-27,128,1461,34609.0,3.89,8.48,0.0173
2026-04-27,129,39177,789898.0,3.94,8.63,0.0133
2026-04-27,130,39364,852785.0,4.11,9.19,0.0208
2026-04-27,131,8385,192518.0,4.13,9.01,0.0155
2026-04-27,132,78501,6009531.0,5.79,13.44,0.0714
2026-04-27,133,9165,204197.0,3.79,7.89,0.0074
2026-04-27,134,11781,261589.0,3.88,8.29,0.0136
2026-04-27,135,9473,221168.0,4.11,8.91,0.0141
2026-04-27,136,13099,268318.0,4.23,9.7,0.0196
2026-04-27,137,25557,731177.0,3.7,8.03,0.01
2026-04-27,138,100770,6462744.0,5.7,13.51,0.0693
2026-04-27,139,10352,217655.0,4.61,9.83,0.0232
2026-04-27,140,27025,862132.0,3.83,8.51,0.0133
2026-04-27,141,30010,927546.0,3.64,7.34,0.0067
2026-04-27,142,32074,1138789.0,3.54,7.43,0.0073
2026-04-27,143,23867,717699.0,3.69,7.51,0.0064
2026-04-27,144,32155,1044774.0,3.65,7.87,0.0098
2026-04-27,145,42280,1070247.0,3.53,7.7,0.0098
2026-04-27,146,12415,313309.0,3.41,7.48,0.007
2026-04-27,147,10130,202537.0,4.19,9.82,0.0183
2026-04-27,148,47816,1463377.0,3.85,9.04,0.0173
2026-04-27,149,12754,241018.0,3.62,7.58,0.008
2026-04-27,150,5460,117854.0,3.91,8.46,0.0113
2026-04-27,151,13639,359586.0,3.94,8.68,0.015
2026-04-27,152,11699,265075.0,4.29,9.87,0.0243
2026-04-27,153,4717,85688.0,4.44,9.76,0.0195
2026-04-27,154,421,13010.0,4.78,10.32,0.0289
2026-04-27,155,13320,305350.0,4.4,9.98,0.0259
2026-04-27,156,7388,143029.0,4.52,10.02,0.0281
2026-04-27,157,15596,331914.0,4.2,9.15,0.0158
2026-04-27,158,27245,974609.0,3.39,7.25,0.0069
2026-04-27,159,23433,455326.0,4.23,9.8,0.022
2026-04-27,160,11139,234959.0,4.26,9.09,0.0152
2026-04-27,161,57382,2637726.0,3.38,7.69,0.0097
2026-04-27,162,37435,1579083.0,3.19,6.74,0.0044
2026-04-27,163,38439,1750073.0,3.22,6.95,0.0071
2026-04-27,164,46264,1785133.0,3.55,8.19,0.0125
2026-04-27,165,15373,320519.0,3.77,7.81,0.0093
2026-04-27,166,23003,574671.0,3.8,8.35,0.0128
2026-04-27,167,19149,365546.0,4.35,9.74,0.0218
2026-04-27,168,32842,691235.0,4.48,10.17,0.0242
2026-04-27,169,24136,454844.0,4.37,10.06,0.0226
2026-04-27,170,41658,1456077.0,3.47,7.52,0.0074
2026-04-27,171,10251,220634.0,3.81,8.24,0.0119
2026-04-27,172,3444,78525.0,5.08,11.92,0.0497
2026-04-27,173,13475,257987.0,4.5,10.03,0.0251
2026-04-27,174,22185,468392.0,3.82,8.39,0.0114
2026-04-27,175,4307,109564.0,4.52,10.37,0.0256
2026-04-27,176,1764,45986.0,5.31,12.24,0.0625
2026-04-27,177,20923,426916.0,4.68,10.59,0.0323
2026-04-27,178,5112,100253.0,3.91,7.97,0.0073
2026-04-27,179,17354,401098.0,3.71,7.94,0.0116
2026-04-27,180,9416,184646.0,4.07,8.58,0.0122
2026-04-27,181,45727,1177604.0,3.33,6.75,0.004
2026-04-27,182,13301,271789.0,4.08,9.03,0.0166
2026-04-27,183,7060,147239.0,4.08,9.19,0.0204
2026-04-27,184,1163,28760.0,5.03,12.11,0.0511
2026-04-27,185,16152,341386.0,4.07,8.7,0.014
2026-04-27,186,25758,976299.0,3.36,8.29,0.0171
2026-04-27,187,3988,80458.0,4.79,10.62,0.0338
2026-04-27,188,35884,786662.0,4.34,9.49,0.0209
2026-04-27,189,17467,446168.0,3.72,8.06,0.0102
2026-04-27,190,3079,75650.0,3.94,8.37,0.0171
2026-04-27,191,15392,335374.0,4.33,9.73,0.0251
2026-04-27,192,6812,151565.0,3.79,8.49,0.0086
2026-04-27,193,8148,192038.0,3.85,8.82,0.0176
2026-04-27,194,1361,51894.0,5.73,12.91,0.0631
2026-04-27,195,10707,303577.0,4.61,10.3,0.0309
2026-04-27,196,13316,287941.0,4.13,8.85,0.0137
2026-04-27,197,22420,448423.0,4.03,8.81,0.0153
2026-04-27,198,31334,699975.0,4.09,9.1,0.0173
2026-04-27,199,3,138.0,12.73,15.43,0.3333
2026-04-27,200,12054,341016.0,4.59,10.0,0.0246
2026-04-27,201,3207,99971.0,5.7,14.37,0.0879
2026-04-27,202,2989,98362.0,5.75,12.66,0.0587
2026-04-27,203,9859,198002.0,5.68,11.77,0.0432
2026-04-27,204,1474,42358.0,5.06,11.19,0.0419
2026-04-27,205,21150,438201.0,4.79,10.59,0.0357
2026-04-27,206,11404,227504.0,4.68,11.45,0.0488
2026-04-27,207,892,14286.0,3.48,6.98,0.0034
2026-04-27,208,17214,383967.0,4.39,9.86,0.0257
2026-04-27,209,10634,389596.0,4.01,8.53,0.0121
2026-04-27,210,16993,327888.0,3.69,8.04,0.0099
2026-04-27,211,25873,894259.0,3.32,7.08,0.0078
2026-04-27,212,14030,255225.0,4.24,9.42,0.0185
2026-04-27,213,25122,495326.0,4.5,9.92,0.0252
2026-04-27,214,4559,109116.0,4.52,10.71,0.037
2026-04-27,215,15936,307474.0,4.5,9.96,0.0267
2026-04-27,216,33652,685981.0,3.82,8.56,0.0148
2026-04-27,217,8034,142290.0,4.73,9.99,0.0256
2026-04-27,218,10870,229780.0,4.61,9.8,0.0227
2026-04-27,219,9090,196670.0,4.92,10.41,0.0274
2026-04-27,220,19149,409271.0,4.18,8.92,0.0155
2026-04-27,221,7481,152897.0,5.04,11.37,0.0433
2026-04-27,222,6396,134813.0,4.87,10.45,0.0313
2026-04-27,223,24477,545020.0,3.33,7.01,0.0057
2026-04-27,224,8998,250784.0,4.49,9.28,0.0161
2026-04-27,225,37420,859671.0,4.4,10.09,0.0267
2026-04-27,226,30616,662096.0,3.84,8.22,0.0107
2026-04-27,227,12332,258741.0,4.05,8.85,0.016
2026-04-27,228,25811,620889.0,4.15,8.77,0.0137
2026-04-27,229,26001,840871.0,3.33,6.88,0.0046
2026-04-27,230,55946,2652479.0,3.58,8.78,0.0178
2026-04-27,231,54146,1993126.0,3.41,7.1,0.0074
2026-04-27,232,20213,560342.0,4.71,10.14,0.0255
2026-04-27,233,24192,786717.0,3.51,7.35,0.0068
2026-04-27,234,50780,1814779.0,3.42,7.52,0.0088
2026-04-27,235,21986,426376.0,4.75,10.86,0.0313
2026-04-27,236,35521,1190782.0,3.58,7.02,0.0054
2026-04-27,237,42215,1528572.0,3.26,6.51,0.0035
2026-04-27,238,24442,729964.0,3.71,7.83,0.0086
2026-04-27,239,29590,957152.0,3.55,7.35,0.0065
2026-04-27,240,3833,78251.0,4.82,10.42,0.0296
2026-04-27,241,19360,391021.0,4.27,9.24,0.0149
2026-04-27,242,19982,414144.0,3.98,8.56,0.0142
2026-04-27,243,26554,623447.0,4.1,9.45,0.0194
2026-04-27,244,37392,886308.0,3.99,9.41,0.0201
2026-04-27,245,4190,86444.0,5.07,10.8,0.0405
2026-04-27,246,50213,1852303.0,3.66,7.89,0.0096
2026-04-27,247,27664,592727.0,4.6,10.27,0.0253
2026-04-27,248,12704,243218.0,4.29,9.66,0.0211
2026-04-27,249,42029,1370702.0,3.51,7.77,0.0104
2026-04-27,250,12858,254741.0,3.94,8.74,0.0119
2026-04-27,251,4307,86227.0,4.6,9.89,0.0267
2026-04-27,252,6618,162316.0,4.58,9.88,0.0198
2026-04-27,253,205,6911.0,5.11,12.32,0.0686
2026-04-27,254,25724,498206.0,4.61,10.19,0.027
2026-04-27,255,47645,1357630.0,3.64,8.31,0.0136
2026-04-27,256,39465,1065699.0,3.83,8.62,0.0142
2026-04-27,257,7637,200593.0,3.62,7.31,0.0052
2026-04-27,258,16127,347792.0,4.28,9.34,0.0161
2026-04-27,259,17886,357745.0,5.03,10.67,0.0311
2026-04-27,260,22347,439642.0,3.51,7.6,0.0063
2026-04-27,261,16826,741062.0,3.88,8.48,0.0156
2026-04-27,262,17004,506851.0,4.12,8.58,0.0109
2026-04-27,263,25039,753400.0,3.88,7.93,0.008
2026-04-27,265,227,6536.0,7.08,14.71,0.0963
2026-05-04,2,5,228.0,9.02,62.73,0.2
2026-05-04,3,12412,230064.0,4.3,9.07,0.0149
2026-05-04,4,13440,352872.0,4.55,9.95,0.0211
2026-05-04,5,1594,43719.0,5.91,12.93,0.0624
2026-05-04,6,3057,69746.0,4.95,11.3,0.0397
2026-05-04,7,48381,1041364.0,3.71,7.85,0.0066
2026-05-04,8,263,6344.0,3.54,7.62,0.0115
2026-05-04,9,4817,109490.0,4.28,9.24,0.0173
2026-05-04,10,17473,373308.0,4.51,9.68,0.0225
2026-05-04,11,6437,132163.0,4.02,8.64,0.0118
2026-05-04,12,482,16100.0,4.49,9.77,0.0166
2026-05-04,13,21047,830808.0,4.01,8.06,0.0076
2026-05-04,14,28830,663264.0,3.82,7.84,0.0084
2026-05-04,15,3836,103884.0,5.3,11.86,0.036
2026-05-04,16,11118,263655.0,4.48,10.04,0.0238
2026-05-04,17,39149,865488.0,4.72,10.16,0.0252
2026-05-04,18,24933,476612.0,4.71,10.52,0.0263
2026-05-04,19,4840,114539.0,5.0,10.29,0.0241
2026-05-04,20,16286,343853.0,4.64,10.54,0.0289
2026-05-04,21,14013,275147.0,4.0,8.68,0.0124
2026-05-04,22,18345,354367.0,4.06,8.71,0.0128
2026-05-04,23,8396,198466.0,5.21,12.17,0.0538
2026-05-04,24,7000,171193.0,4.25,9.63,0.0208
2026-05-04,25,28441,806989.0,4.3,9.18,0.0159
2026-05-04,26,25586,486192.0,4.65,9.72,0.021
2026-05-04,27,227,8676.0,10.75,22.74,0.2824
2026-05-04,28,13048,281766.0,4.45,9.51,0.0155
2026-05-04,29,10798,214221.0,4.01,8.68,0.0141
2026-05-04,30,276,7546.0,7.77,16.73,0.1423
2026-05-04,31,1899,47698.0,5.01,11.51,0.0441
2026-05-04,32,13281,259444.0,4.54,9.61,0.0198
2026-05-04,33,24888,780089.0,4.08,8.72,0.0129
2026-05-04,34,6642,202529.0,5.38,13.75,0.0798
2026-05-04,35,31861,610431.0,5.29,11.43,0.0407
2026-05-04,36,39420,895699.0,4.43,10.42,0.0289
2026-05-04,37,54265,1274442.0,4.51,10.13,0.0243
2026-05-04,38,6509,160510.0,4.91,10.47,0.0311
2026-05-04,39,39329,748152.0,4.96,10.74,0.0337
2026-05-04,40,12559,347547.0,3.83,7.71,0.0075
2026-05-04,41,33474,741736.0,4.88,10.47,0.0276
2026-05-04,42,45831,953829.0,5.23,11.45,0.0364
2026-05-04,43,7138,241395.0,3.94,8.55,0.0119
2026-05-04,44,2429,67234.0,6.07,13.92,0.0811
2026-05-04,45,12417,363529.0,4.38,9.55,0.02
2026-05-04,46,1253,45933.0,8.81,19.06,0.1859
2026-05-04,47,17615,325829.0,4.91,10.7,0.0262
2026-05-04,48,42218,1485724.0,3.79,8.61,0.0181
2026-05-04,49,30121,736882.0,4.21,9.03,0.0161
2026-05-04,50,24572,755455.0,4.0,8.43,0.0117
2026-05-04,51,21997,483831.0,5.26,11.17,0.0382
2026-05-04,52,8039,227667.0,3.66,7.49,0.0078
2026-05-04,53,8142,200317.0,5.12,11.54,0.0432
2026-05-04,54,3024,81324.0,4.06,8.41,0.0111
2026-05-04,55,14848,341728.0,4.54,10.23,0.0261
2026-05-04,56,16759,331202.0,4.55,9.65,0.0201
2026-05-04,57,1239,25027.0,4.67,10.25,0.0301
2026-05-04,58,1917,43768.0,5.48,11.9,0.0445
2026-05-04,59,598,12037.0,4.96,10.63,0.0256
2026-05-04,60,12392,232773.0,5.12,10.9,0.0326
2026-05-04,61,64551,1403078.0,4.74,10.54,0.0286
2026-05-04,62,18150,405518.0,4.91,10.6,0.0306
2026-05-04,63,16663,344281.0,4.38,9.79,0.0202
2026-05-04,64,3603,95593.0,6.03,13.16,0.0642
2026-05-04,65,23714,689505.0,4.55,9.93,0.0214
2026-05-04,66,19364,589563.0,4.3,9.6,0.0226
2026-05-04,67,9768,205203.0,4.01,8.42,0.008
2026-05-04,68,49426,1926652.0,3.61,8.0,0.0105
2026-05-04,69,27080,542423.0,5.04,11.21,0.0347
2026-05-04,70,12397,297473.0,4.18,9.51,0.0209
2026-05-04,71,22547,446433.0,4.78,10.24,0.0274
2026-05-04,72,26642,506261.0,5.23,11.14,0.0374
2026-05-04,73,5417,111647.0,4.32,9.56,0.0185
2026-05-04,74,35710,749659.0,5.14,11.03,0.03
2026-05-04,75,31577,806231.0,4.81,10.4,0.0247
2026-05-04,76,59577,1133007.0,4.71,10.06,0.0251
2026-05-04,77,14825,297766.0,4.89,10.56,0.0288
2026-05-04,78,23850,460782.0,4.77,10.68,0.0306
2026-05-04,79,58108,1693228.0,3.68,7.91,0.0084
2026-05-04,80,37112,904576.0,4.22,9.39,0.0195
2026-05-04,81,15574,290949.0,5.11,10.69,0.0301
2026-05-04,82,39417,760636.0,4.34,9.66,0.0215
2026-05-04,83,12596,237292.0,4.29,9.18,0.0146
2026-05-04,84,2595,69692.0,5.54,12.11,0.0514
2026-05-04,85,16839,359774.0,4.6,9.91,0.0232
2026-05-04,86,11648,277392.0,6.45,13.99,0.08
2026-05-04,87,30557,1202888.0,3.92,8.44,0.0107
2026-05-04,88,14011,562984.0,4.05,8.62,0.0138
2026-05-04,89,40689,904769.0,4.3,9.09,0.0172
2026-05-04,90,30931,1048684.0,3.36,7.23,0.0061
2026-05-04,91,25559,524262.0,4.72,10.08,0.0274
2026-05-04,92,27041,646949.0,4.64,10.56,0.0318
2026-05-04,93,2461,66206.0,4.96,11.49,0.0394
2026-05-04,94,11659,217477.0,4.85,10.83,0.0309
2026-05-04,95,36718,821685.0,4.3,9.2,0.0161
2026-05-04,96,826,20379.0,5.11,11.51,0.044
2026-05-04,97,34119,875975.0,4.36,9.54,0.0195
2026-05-04,98,5224,120663.0,4.65,10.28,0.0218
2026-05-04,99,196,5179.0,6.37,13.79,0.0722
2026-05-04,100,25015,1071397.0,4.06,9.81,0.028
2026-05-04,101,4874,132300.0,5.11,11.11,0.0391
2026-05-04,102,13008,267540.0,4.57,9.94,0.0253
2026-05-04,106,12485,314870.0,4.09,8.23,0.0093
2026-05-04,107,34818,1104138.0,3.55,7.3,0.0058
2026-05-04,108,8140,165218.0,4.07,8.82,0.0122
2026-05-04,109,3741,91424.0,5.49,12.42,0.0542
2026-05-04,110,19,651.0,5.65,12.55,0.0
2026-05-04,111,286,6706.0,4.14,9.0,0.014
2026-05-04,112,49841,1287796.0,4.01,8.69,0.0139
2026-05-04,113,28919,941141.0,3.58,7.61,0.0087
2026-05-04,114,28942,928166.0,3.72,8.24,0.0132
2026-05-04,115,4514,91295.0,5.66,11.95,0.0477
2026-05-04,116,22473,494054.0,4.84,10.88,0.0326
2026-05-04,117,8639,225932.0,6.78,15.13,0.1013
2026-05-04,118,5593,149209.0,5.31,12.05,0.053
2026-05-04,119,17995,388992.0,5.01,11.12,0.0328
2026-05-04,120,518,11144.0,4.85,10.95,0.0296
2026-05-04,121,12304,283860.0,4.58,9.77,0.0185
2026-05-04,122,6855,145584.0,4.72,10.2,0.0301
2026-05-04,123,16452,302706.0,3.96,8.28,0.0096
2026-05-04,124,8200,182904.0,5.18,11.28,0.0357
2026-05-04,125,17598,672671.0,3.59,7.48,0.0082
2026-05-04,126,16421,321216.0,5.11,11.34,0.0366
2026-05-04,127,21595,477121.0,4.41,9.93,0.0221
2026-05-04,128,1442,34811.0,4.12,9.09,0.0098
2026-05-04,129,41764,841566.0,4.35,9.56,0.0203
2026-05-04,130,40392,861079.0,4.53,10.0,0.0254
2026-05-04,131,8415,193413.0,4.44,9.57,0.0223
2026-05-04,132,76189,6002759.0,5.68,13.35,0.0731
2026-05-04,133,9539,208784.0,4.08,8.51,0.0095
2026-05-04,134,11902,265183.0,4.12,8.78,0.0164
2026-05-04,135,9861,234185.0,4.34,9.36,0.0158
2026-05-04,136,13826,277244.0,4.69,10.36,0.0252
2026-05-04,137,25190,714420.0,3.97,8.54,0.0117
2026-05-04,138,101219,6620393.0,6.22,14.39,0.086
2026-05-04,139,10948,225544.0,4.95,10.6,0.0286
2026-05-04,140,27348,861956.0,4.17,8.87,0.0135
2026-05-04,141,31778,977535.0,3.84,7.59,0.0067
2026-05-04,142,32393,1130376.0,3.83,8.18,0.0104
2026-05-04,143,24422,723042.0,4.0,8.12,0.0092
2026-05-04,144,32598,1065057.0,3.87,8.36,0.0122
2026-05-04,145,48241,1210236.0,4.07,8.83,0.0157
2026-05-04,146,12619,311560.0,3.79,8.09,0.0081
2026-05-04,147,11100,215893.0,4.62,10.57,0.0262
2026-05-04,148,48004,1476017.0,4.04,9.11,0.0173
2026-05-04,149,13003,243349.0,3.83,7.92,0.0098
2026-05-04,150,5722,123387.0,4.17,9.16,0.0179
2026-05-04,151,13770,362836.0,4.27,9.5,0.0182
2026-05-04,152,11120,244455.0,4.84,10.74,0.0324
2026-05-04,153,4823,87575.0,4.89,10.32,0.0293
2026-05-04,154,459,14084.0,5.01,11.11,0.0416
2026-05-04,155,14297,325387.0,4.66,10.38,0.031
2026-05-04,156,7548,146237.0,4.91,11.01,0.0392
2026-05-04,157,18550,407585.0,4.7,10.48,0.0269
2026-05-04,158,28325,1007771.0,3.6,7.63,0.0092
2026-05-04,159,24637,482243.0,4.76,10.6,0.0276
2026-05-04,160,11457,241427.0,4.59,9.8,0.0217
2026-05-04,161,59086,2664794.0,3.57,7.95,0.0121
2026-05-04,162,39095,1657748.0,3.37,7.21,0.0064
2026-05-04,163,39773,1797704.0,3.44,7.31,0.0064
2026-05-04,164,47625,1854283.0,3.8,8.6,0.0143
2026-05-04,165,16305,341912.0,3.97,8.28,0.0091
2026-05-04,166,21606,540011.0,4.16,8.97,0.0176
2026-05-04,167,19842,380218.0,4.87,10.65,0.0243
2026-05-04,168,34525,715418.0,5.01,10.92,0.029
2026-05-04,169,24820,466866.0,4.85,10.75,0.0287
2026-05-04,170,41432,1427570.0,3.73,7.99,0.009
2026-05-04,171,10616,227449.0,4.14,8.84,0.0145
2026-05-04,172,3543,82392.0,5.27,12.2,0.0533
2026-05-04,173,14406,279784.0,4.94,10.93,0.0336
2026-05-04,174,23386,478220.0,4.22,9.12,0.0159
2026-05-04,175,4355,113607.0,4.89,10.97,0.0316
2026-05-04,176,1759,46015.0,5.6,12.0,0.0516
2026-05-04,177,22531,458070.0,5.13,11.1,0.0363
2026-05-04,178,5551,106265.0,4.08,8.32,0.0075
2026-05-04,179,17784,407452.0,3.99,8.43,0.0114
2026-05-04,180,9112,169879.0,4.19,8.88,0.0137
2026-05-04,181,47697,1237043.0,3.56,7.4,0.0059
2026-05-04,182,14070,283236.0,4.6,9.96,0.0248
2026-05-04,183,7334,149941.0,4.41,9.65,0.0213
2026-05-04,184,1205,28154.0,4.89,11.56,0.0402
2026-05-04,185,17088,359379.0,4.44,9.52,0.0193
2026-05-04,186,26770,1047361.0,3.64,8.83,0.0201
2026-05-04,187,4074,80355.0,4.98,11.53,0.0479
2026-05-04,188,37996,830634.0,4.67,9.97,0.0237
2026-05-04,189,17940,464122.0,4.13,8.71,0.0129
2026-05-04,190,3049,76782.0,4.48,9.27,0.0215
2026-05-04,191,15966,342812.0,4.71,10.07,0.0276
2026-05-04,192,7086,157186.0,4.12,8.94,0.013
2026-05-04,193,8712,198256.0,4.28,9.36,0.0178
2026-05-04,194,1203,45032.0,6.29,13.63,0.0749
2026-05-04,195,11000,322947.0,4.81,10.55,0.0336
2026-05-04,196,13782,293380.0,4.42,9.34,0.0158
2026-05-04,197,23377,463925.0,4.21,9.2,0.0169
2026-05-04,198,32058,720844.0,4.46,9.93,0.0251
2026-05-04,200,11967,341511.0,5.01,10.88,0.033
2026-05-04,201,3303,102557.0,6.2,14.46,0.0914
2026-05-04,202,3063,97251.0,6.18,12.91,0.0548
2026-05-04,203,10417,208520.0,6.08,12.38,0.0499
2026-05-04,204,1420,40940.0,5.45,12.06,0.0519
2026-05-04,205,22231,449413.0,5.2,11.01,0.0389
2026-05-04,206,11679,226304.0,4.93,11.35,0.0439
2026-05-04,207,887,14424.0,3.73,7.12,0.0068
2026-05-04,208,19145,429510.0,4.77,10.43,0.0285
2026-05-04,209,10405,378097.0,4.19,8.64,0.0125
2026-05-04,210,17297,333334.0,3.93,8.45,0.0132
2026-05-04,211,26585,947300.0,3.5,7.38,0.0066
2026-05-04,212,15047,274160.0,4.73,10.25,0.0254
2026-05-04,213,26272,513608.0,5.09,10.84,0.0337
2026-05-04,214,4523,108480.0,4.64,10.76,0.036
2026-05-04,215,16518,313415.0,4.89,10.58,0.0319
2026-05-04,216,33794,671774.0,4.06,8.88,0.0156
2026-05-04,217,8650,159423.0,5.42,11.31,0.0414
2026-05-04,218,11225,235880.0,5.04,10.42,0.0269
2026-05-04,219,9261,197333.0,5.25,10.88,0.0343
2026-05-04,220,19721,418759.0,4.52,9.72,0.0202
2026-05-04,221,7697,147593.0,5.19,11.51,0.0394
2026-05-04,222,6757,141841.0,5.37,11.32,0.039
2026-05-04,223,24925,559377.0,3.6,7.61,0.0072
2026-05-04,224,9586,267411.0,4.89,9.77,0.0177
2026-05-04,225,38619,896759.0,4.84,10.57,0.0302
2026-05-04,226,33935,731501.0,4.19,8.79,0.0127
2026-05-04,227,12756,265976.0,4.36,9.48,0.015
2026-05-04,228,25898,634384.0,4.38,9.15,0.0155
2026-05-04,229,26969,878390.0,3.55,7.16,0.0049
2026-05-04,230,55221,2630528.0,3.82,9.41,0.0265
2026-05-04,231,54504,2018127.0,3.57,7.28,0.005
2026-05-04,232,20201,562515.0,5.04,10.79,0.031
2026-05-04,233,24716,795026.0,3.85,8.05,0.0074
2026-05-04,234,49921,1796591.0,3.55,7.72,0.009
2026-05-04,235,22424,436419.0,5.28,11.66,0.039
2026-05-04,236,36774,1219672.0,3.86,7.6,0.0062
2026-05-04,237,44471,1618486.0,3.5,7.08,0.0048
2026-05-04,238,25024,737995.0,4.0,8.49,0.0123
2026-05-04,239,29415,959674.0,3.82,7.91,0.0091
2026-05-04,240,3990,81902.0,5.23,10.55,0.0296
2026-05-04,241,20191,407332.0,4.67,9.96,0.0222
2026-05-04,242,20949,432662.0,4.32,9.5,0.02
2026-05-04,243,28239,642156.0,4.59,10.33,0.0265
2026-05-04,244,38690,913073.0,4.52,10.28,0.0276
2026-05-04,245,4470,96218.0,5.24,11.17,0.0424
2026-05-04,246,51398,1932929.0,3.98,8.58,0.015
2026-05-04,247,27633,626659.0,5.16,11.37,0.0356
2026-05-04,248,13567,254836.0,4.88,10.56,0.0252
2026-05-04,249,41704,1353643.0,3.6,7.68,0.008
2026-05-04,250,13406,260425.0,4.32,9.48,0.0164
2026-05-04,251,4480,91183.0,4.78,10.54,0.034
2026-05-04,252,7029,169982.0,5.05,11.01,0.0338
2026-05-04,253,170,5312.0,4.37,9.17,0.0237
2026-05-04,254,26616,510650.0,5.05,10.77,0.0304
2026-05-04,255,49800,1418184.0,4.04,8.95,0.0152
2026-05-04,256,42236,1149089.0,4.28,9.32,0.0181
2026-05-04,257,7624,197499.0,3.82,7.71,0.007
2026-05-04,258,16988,359302.0,4.44,9.65,0.0189
2026-05-04,259,18978,382750.0,5.46,11.31,0.0364
2026-05-04,260,24036,460630.0,3.87,8.25,0.0098
2026-05-04,261,16673,725674.0,4.02,8.57,0.0136
2026-05-04,262,17312,499880.0,4.46,8.89,0.0117
2026-05-04,263,25870,765384.0,4.09,8.12,0.0068
2026-05-04,265,284,7798.0,7.56,19.05,0.1812
2026-05-11,2,9,386.0,6.98,20.28,0.1111
2026-05-11,3,11732,230098.0,4.38,9.11,0.0185
2026-05-11,4,12627,378040.0,4.91,10.47,0.0295
2026-05-11,5,1593,45791.0,5.97,13.81,0.0711
2026-05-11,6,2956,70954.0,4.98,10.99,0.0414
2026-05-11,7,45838,1062273.0,3.84,7.91,0.008
2026-05-11,8,273,6469.0,4.38,9.26,0.0147
2026-05-11,9,4942,120677.0,4.37,9.2,0.0142
2026-05-11,10,17400,405234.0,4.39,9.16,0.0181
2026-05-11,11,6030,130326.0,3.98,8.21,0.0111
2026-05-11,12,526,21469.0,4.92,10.94,0.0443
2026-05-11,13,20771,918818.0,4.24,8.73,0.0124
2026-05-11,14,28629,691633.0,3.92,7.88,0.0081
2026-05-11,15,3820,108763.0,5.67,12.19,0.0496
2026-05-11,16,11231,297361.0,4.47,9.62,0.0205
2026-05-11,17,36673,890790.0,4.9,10.41,0.0286
2026-05-11,18,23084,460120.0,4.73,10.3,0.0257
2026-05-11,19,4859,121622.0,5.15,10.78,0.026
2026-05-11,20,16263,407122.0,4.85,11.06,0.0369
2026-05-11,21,13982,287398.0,4.02,8.36,0.0116
2026-05-11,22,18251,372393.0,4.09,8.53,0.0115
2026-05-11,23,8136,202942.0,5.36,11.84,0.0461
2026-05-11,24,7116,200315.0,4.59,9.71,0.0236
2026-05-11,25,28689,915044.0,4.73,9.82,0.0214
2026-05-11,26,24331,475321.0,4.62,9.32,0.0173
2026-05-11,27,310,13825.0,9.73,20.37,0.2724
2026-05-11,28,12742,292853.0,4.5,9.54,0.016
2026-05-11,29,10654,228983.0,4.07,8.57,0.015
2026-05-11,30,375,9969.0,8.99,18.75,0.2005
2026-05-11,31,2122,56670.0,5.19,11.77,0.0446
2026-05-11,32,12088,247718.0,4.53,9.5,0.02
2026-05-11,33,25168,882017.0,4.65,9.92,0.0255
2026-05-11,34,3441,98175.0,4.6,10.38,0.0298
2026-05-11,35,29810,594287.0,5.43,11.46,0.0407
2026-05-11,36,37679,927310.0,4.55,10.42,0.033
2026-05-11,37,53369,1377129.0,4.7,10.32,0.0291
2026-05-11,38,6454,167865.0,5.07,10.62,0.0332
2026-05-11,39,37101,725685.0,5.07,10.54,0.033
2026-05-11,40,12716,374240.0,4.15,8.24,0.0106
2026-05-11,41,30951,745006.0,5.03,10.38,0.0268
2026-05-11,42,41928,935355.0,5.37,11.37,0.0381
2026-05-11,43,8166,308668.0,4.26,8.78,0.0123
2026-05-11,44,2419,73135.0,6.16,14.2,0.081
2026-05-11,45,12914,420471.0,4.57,9.75,0.0232
2026-05-11,46,1260,47288.0,9.15,20.11,0.216
2026-05-11,47,16796,323005.0,4.87,10.43,0.0269
2026-05-11,48,42689,1758785.0,4.38,10.23,0.0321
2026-05-11,49,30741,839425.0,4.62,9.8,0.0256
2026-05-11,50,24388,849367.0,4.53,9.66,0.0234
2026-05-11,51,19978,456698.0,5.13,10.82,0.0352
2026-05-11,52,8057,250955.0,3.98,8.18,0.0116
2026-05-11,53,7950,208701.0,5.26,11.79,0.0491
2026-05-11,54,3113,92952.0,4.28,8.87,0.0185
2026-05-11,55,15168,421521.0,4.74,10.74,0.0377
2026-05-11,56,15975,335890.0,4.78,10.07,0.0264
2026-05-11,57,1546,38941.0,5.36,12.67,0.0616
2026-05-11,58,1792,42272.0,5.62,11.99,0.0515
2026-05-11,59,616,12946.0,4.88,9.95,0.0364
2026-05-11,60,11278,218192.0,5.2,10.59,0.0309
2026-05-11,61,61327,1452649.0,4.95,10.66,0.0322
2026-05-11,62,16986,408520.0,5.02,10.77,0.0325
2026-05-11,63,17207,375814.0,4.63,9.96,0.0244
2026-05-11,64,3673,110580.0,6.34,13.23,0.0705
2026-05-11,65,23734,777920.0,5.08,10.78,0.0329
2026-05-11,66,19077,645034.0,4.82,10.55,0.0294
2026-05-11,67,9653,216217.0,4.11,8.4,0.008
2026-05-11,68,52796,2387390.0,4.24,9.54,0.0225
2026-05-11,69,24826,515637.0,5.01,10.87,0.0322
2026-05-11,70,12396,316204.0,4.21,9.11,0.0189
2026-05-11,71,20675,432108.0,4.96,10.21,0.0285
2026-05-11,72,24513,492007.0,5.42,11.35,0.0407
2026-05-11,73,5229,114827.0,4.42,9.5,0.0187
2026-05-11,74,32756,733612.0,5.29,11.17,0.034
2026-05-11,75,29454,794605.0,4.92,10.36,0.0253
2026-05-11,76,56848,1118462.0,4.76,9.91,0.0247
2026-05-11,77,13758,285827.0,5.02,10.54,0.0323
2026-05-11,78,22598,455898.0,4.81,10.52,0.0297
2026-05-11,79,57287,1937531.0,4.12,8.65,0.0152
2026-05-11,80,36149,983090.0,4.39,9.67,0.0247
2026-05-11,81,14745,288967.0,5.15,10.58,0.0305
2026-05-11,82,37128,757335.0,4.39,9.31,0.0196
2026-05-11,83,12207,248687.0,4.36,9.05,0.0162
2026-05-11,84,2558,70111.0,5.6,11.86,0.0405
2026-05-11,85,15645,354182.0,4.84,9.98,0.028
2026-05-11,86,11111,282787.0,6.37,13.77,0.076
2026-05-11,87,30091,1328107.0,4.4,9.57,0.0206
2026-05-11,88,14101,645833.0,4.46,9.63,0.0225
2026-05-11,89,38606,918502.0,4.41,9.13,0.0172
2026-05-11,90,30437,1190368.0,3.84,7.95,0.0091
2026-05-11,91,24378,517314.0,4.84,10.09,0.0281
2026-05-11,92,28557,766807.0,4.89,11.0,0.0391
2026-05-11,93,5758,310029.0,7.81,23.41,0.2288
2026-05-11,94,10467,202908.0,4.75,10.35,0.0272
2026-05-11,95,35890,856920.0,4.38,9.21,0.017
2026-05-11,96,869,22637.0,5.09,10.6,0.0255
2026-05-11,97,32949,956070.0,4.84,10.24,0.0277
2026-05-11,98,4960,120064.0,4.72,10.05,0.0239
2026-05-11,99,183,5014.0,6.63,14.1,0.0879
2026-05-11,100,25271,1257736.0,4.76,10.95,0.0368
2026-05-11,101,5013,149643.0,5.27,11.33,0.0446
2026-05-11,102,12385,265970.0,4.68,9.9,0.0262
2026-05-11,105,1,36.0,5.88,5.88,0.0
2026-05-11,106,12219,327350.0,4.28,8.48,0.0098
2026-05-11,107,34205,1258430.0,4.07,8.33,0.0119
2026-05-11,108,7749,165336.0,4.16,8.86,0.0154
2026-05-11,109,3632,94846.0,5.63,12.2,0.0512
2026-05-11,110,14,243.0,5.09,8.42,0.0
2026-05-11,111,264,5829.0,3.79,7.69,0.0038
2026-05-11,112,47990,1396768.0,4.19,8.99,0.0173
2026-05-11,113,27215,1014266.0,4.05,8.37,0.0143
2026-05-11,114,28211,1054659.0,4.18,9.05,0.017
2026-05-11,115,4376,94468.0,5.89,12.15,0.0515
2026-05-11,116,21029,493621.0,5.05,11.08,0.0357
2026-05-11,117,8309,224325.0,6.74,15.09,0.101
2026-05-11,118,5272,141416.0,5.38,12.24,0.0495
2026-05-11,119,15863,336277.0,4.94,10.66,0.0286
2026-05-11,120,466,11138.0,5.08,11.33,0.0438
2026-05-11,121,11921,296079.0,4.7,9.9,0.0232
2026-05-11,122,6479,147164.0,4.93,10.27,0.0305
2026-05-11,123,16094,310739.0,3.95,7.98,0.0098
2026-05-11,124,7921,194812.0,5.21,10.99,0.0367
2026-05-11,125,18639,768511.0,4.03,8.54,0.0166
2026-05-11,126,15424,320524.0,5.04,11.13,0.0336
2026-05-11,127,19207,444535.0,4.33,9.37,0.018
2026-05-11,128,1496,37817.0,4.14,9.47,0.0243
2026-05-11,129,39280,837900.0,4.38,9.37,0.0194
2026-05-11,130,41160,1030013.0,4.59,9.91,0.0258
2026-05-11,131,8265,207496.0,4.67,9.94,0.0231
2026-05-11,132,82993,6714279.0,5.89,15.13,0.1019
2026-05-11,133,9125,216013.0,4.13,8.59,0.0109
2026-05-11,134,12128,283766.0,4.2,8.85,0.0149
2026-05-11,135,9618,237678.0,4.54,9.39,0.0164
2026-05-11,136,12671,265543.0,4.68,10.36,0.0264
2026-05-11,137,23616,754147.0,4.42,9.49,0.0203
2026-05-11,138,110166,7613932.0,6.12,14.03,0.0803
2026-05-11,139,10490,235585.0,5.11,10.55,0.0293
2026-05-11,140,26369,906663.0,4.36,9.15,0.0167
2026-05-11,141,30251,1035384.0,4.09,7.98,0.0075
2026-05-11,142,33692,1359137.0,4.17,8.43,0.0111
2026-05-11,143,23331,788881.0,4.3,8.5,0.0093
2026-05-11,144,33440,1236418.0,4.28,8.93,0.0148
2026-05-11,145,47539,1328797.0,4.29,9.16,0.0175
2026-05-11,146,12837,340812.0,3.93,8.17,0.0091
2026-05-11,147,10213,209586.0,4.61,10.03,0.0243
2026-05-11,148,49885,1760722.0,4.44,9.71,0.0216
2026-05-11,149,12991,255541.0,3.82,7.57,0.0075
2026-05-11,150,5619,130452.0,4.12,8.92,0.0169
2026-05-11,151,13143,383355.0,4.52,9.5,0.0205
2026-05-11,152,11226,276197.0,5.19,11.49,0.042
2026-05-11,153,4471,86565.0,5.03,10.54,0.0305
2026-05-11,154,567,18252.0,5.29,11.72,0.0533
2026-05-11,155,13660,326955.0,4.72,10.23,0.0289
2026-05-11,156,7174,150245.0,4.89,10.32,0.0287
2026-05-11,157,19205,446721.0,4.89,10.41,0.0266
2026-05-11,158,29877,1191633.0,4.04,8.35,0.0088
2026-05-11,159,22518,455357.0,4.73,10.36,0.0272
2026-05-11,160,11556,260637.0,4.76,9.94,0.0234
2026-05-11,161,62614,3146255.0,4.08,9.07,0.0167
2026-05-11,162,40296,1872648.0,3.74,7.91,0.0096
2026-05-11,163,41125,2038644.0,3.89,8.17,0.0099
2026-05-11,164,47751,2149363.0,4.35,9.64,0.0219
2026-05-11,165,15872,350848.0,4.07,8.15,0.0093
2026-05-11,166,25698,781290.0,4.79,10.32,0.027
2026-05-11,167,18059,357062.0,4.86,10.26,0.0262
2026-05-11,168,33139,731582.0,5.04,10.6,0.0291
2026-05-11,169,23009,447723.0,4.86,10.57,0.028
2026-05-11,170,41852,1658962.0,4.27,9.3,0.0193
2026-05-11,171,10314,234994.0,4.27,8.99,0.0177
2026-05-11,172,3322,82792.0,5.5,12.61,0.0579
2026-05-11,173,13760,292729.0,5.15,11.19,0.0419
2026-05-11,174,21779,463545.0,4.24,9.06,0.0171
2026-05-11,175,4155,114727.0,5.04,10.96,0.032
2026-05-11,176,1731,48166.0,5.66,12.83,0.0615
2026-05-11,177,21421,465862.0,5.1,10.75,0.0356
2026-05-11,178,5468,107034.0,4.17,8.48,0.0126
2026-05-11,179,17582,429405.0,4.15,8.52,0.012
2026-05-11,180,8961,180007.0,4.18,8.71,0.0133
2026-05-11,181,47657,1336648.0,3.9,8.04,0.0109
2026-05-11,182,13091,278365.0,4.55,9.63,0.0214
2026-05-11,183,7032,152554.0,4.48,9.51,0.0208
2026-05-11,184,1490,37354.0,5.61,13.35,0.0683
2026-05-11,185,15687,338978.0,4.45,9.5,0.0195
2026-05-11,186,27785,1323920.0,4.25,9.58,0.02
2026-05-11,187,3966,81882.0,5.16,10.88,0.0381
2026-05-11,188,36701,868598.0,4.85,10.12,0.0282
2026-05-11,189,17716,502583.0,4.51,9.53,0.0211
2026-05-11,190,4167,120857.0,4.87,10.21,0.0262
2026-05-11,191,15454,360736.0,4.86,10.38,0.0308
2026-05-11,192,6821,159902.0,4.18,8.96,0.0152
2026-05-11,193,9214,232295.0,4.44,9.42,0.0208
2026-05-11,194,1393,54118.0,6.44,14.47,0.0908
2026-05-11,195,10869,339527.0,5.06,10.9,0.0354
2026-05-11,196,13214,301784.0,4.59,9.49,0.0176
2026-05-11,197,22114,462805.0,4.3,9.0,0.0163
2026-05-11,198,31095,749599.0,4.51,9.65,0.0242
2026-05-11,199,1,58.0,8.52,8.52,0.0
2026-05-11,200,12184,364547.0,5.16,11.15,0.0362
2026-05-11,201,3539,116986.0,6.32,14.22,0.0857
2026-05-11,202,3301,114796.0,6.3,13.32,0.0708
2026-05-11,203,9675,214498.0,6.17,12.25,0.0487
2026-05-11,204,1474,46425.0,5.51,11.79,0.0452
2026-05-11,205,20733,460045.0,5.37,11.3,0.04
2026-05-11,206,11375,234684.0,5.1,11.63,0.0469
2026-05-11,207,855,13738.0,3.87,7.07,0.0094
2026-05-11,208,17430,411432.0,4.72,10.29,0.0263
2026-05-11,209,10737,445102.0,4.73,10.26,0.0296
2026-05-11,210,16733,340194.0,4.0,8.41,0.0121
2026-05-11,211,27602,1101670.0,3.94,8.25,0.0117
2026-05-11,212,14309,273801.0,4.8,10.13,0.0269
2026-05-11,213,24432,494151.0,5.08,10.67,0.0309
2026-05-11,214,4466,111315.0,4.73,11.05,0.0354
2026-05-11,215,15730,321172.0,4.95,10.51,0.0331
2026-05-11,216,32199,668942.0,3.99,8.48,0.0121
2026-05-11,217,7478,147035.0,5.34,10.77,0.0321
2026-05-11,218,10865,248752.0,5.13,10.47,0.0289
2026-05-11,219,8839,200235.0,5.27,10.63,0.0264
2026-05-11,220,19008,419122.0,4.6,9.56,0.0224
2026-05-11,221,7364,151478.0,5.46,11.88,0.0465
2026-05-11,222,6231,137551.0,5.33,11.01,0.0377
2026-05-11,223,24750,586270.0,3.67,7.67,0.0075
2026-05-11,224,8924,286389.0,5.28,10.63,0.0285
2026-05-11,225,37965,957825.0,4.98,10.67,0.0317
2026-05-11,226,33379,779912.0,4.35,8.99,0.0145
2026-05-11,227,12826,284356.0,4.35,9.0,0.0155
2026-05-11,228,28605,771271.0,4.54,9.49,0.0215
2026-05-11,229,27002,974580.0,3.76,7.55,0.0065
2026-05-11,230,58570,3089634.0,4.41,10.49,0.0346
2026-05-11,231,57003,2285281.0,4.0,8.14,0.0112
2026-05-11,232,20884,656462.0,5.28,11.02,0.0346
2026-05-11,233,24304,884380.0,4.19,8.77,0.0138
2026-05-11,234,49103,2004002.0,4.01,8.4,0.0129
2026-05-11,235,20656,420927.0,5.29,11.44,0.0385
2026-05-11,236,35935,1317977.0,4.06,7.76,0.0064
2026-05-11,237,45448,1819272.0,3.72,7.27,0.0045
2026-05-11,238,24455,789645.0,4.23,8.61,0.013
2026-05-11,239,29535,1069720.0,4.07,8.19,0.0098
2026-05-11,240,4014,84725.0,5.21,10.63,0.0284
2026-05-11,241,18594,388425.0,4.75,9.92,0.0234
2026-05-11,242,19686,420236.0,4.25,9.15,0.0172
2026-05-11,243,25995,636389.0,4.7,10.27,0.0282
2026-05-11,244,35905,906856.0,4.7,10.57,0.0337
2026-05-11,245,4185,93014.0,5.47,11.85,0.0485
2026-05-11,246,58624,2448427.0,4.58,9.87,0.0229
2026-05-11,247,24710,537330.0,5.13,11.11,0.0376
2026-05-11,248,12686,252317.0,4.82,10.25,0.027
2026-05-11,249,41305,1538368.0,4.06,8.34,0.0103
2026-05-11,250,12369,253012.0,4.35,9.16,0.0149
2026-05-11,251,4294,93588.0,4.96,10.66,0.0326
2026-05-11,252,6990,180879.0,5.15,10.82,0.0322
2026-05-11,253,305,12877.0,6.75,20.44,0.2072
2026-05-11,254,24648,491303.0,5.06,10.42,0.0285
2026-05-11,255,47707,1538808.0,4.21,9.04,0.0175
2026-05-11,256,40393,1234628.0,4.39,9.3,0.0191
2026-05-11,257,7999,221165.0,4.0,8.0,0.0113
2026-05-11,258,16223,362814.0,4.55,9.56,0.0203
2026-05-11,259,17522,365306.0,5.5,11.17,0.0343
2026-05-11,260,22306,483440.0,3.93,8.25,0.0093
2026-05-11,261,17532,847691.0,4.53,9.77,0.0249
2026-05-11,262,16138,522948.0,4.63,9.16,0.0132
2026-05-11,263,24445,812716.0,4.32,8.54,0.0104
2026-05-11,265,265,9306.0,7.51,16.87,0.1294
2026-05-18,2,12,453.0,7.93,15.94,0.0833
2026-05-18,3,11965,225885.0,4.55,9.42,0.0206
2026-05-18,4,12051,338289.0,4.66,9.88,0.0223
2026-05-18,5,1549,42665.0,5.72,12.75,0.0586
2026-05-18,6,3067,71234.0,5.1,11.57,0.0425
2026-05-18,7,49671,1081120.0,3.78,7.88,0.0087
2026-05-18,8,210,4630.0,3.66,8.2,0.0286
2026-05-18,9,4983,114393.0,4.56,9.63,0.0214
2026-05-18,10,17788,395521.0,4.4,9.04,0.0175
2026-05-18,11,6144,127130.0,4.06,8.55,0.0161
2026-05-18,12,637,21434.0,4.39,9.79,0.03
2026-05-18,13,19341,836226.0,4.23,8.65,0.0117
2026-05-18,14,28941,667689.0,3.94,8.04,0.0089
2026-05-18,15,3777,104695.0,5.66,12.58,0.0544
2026-05-18,16,10847,275678.0,4.66,10.14,0.0263
2026-05-18,17,38534,869645.0,4.96,10.69,0.0308
2026-05-18,18,23829,455855.0,4.76,10.48,0.026
2026-05-18,19,4834,116301.0,5.32,11.35,0.0392
2026-05-18,20,15212,335208.0,4.73,10.26,0.0274
2026-05-18,21,14228,277666.0,4.09,8.73,0.0142
2026-05-18,22,18853,362565.0,4.18,8.72,0.0149
2026-05-18,23,8502,208731.0,5.4,11.88,0.0471
2026-05-18,24,7506,208699.0,4.62,9.74,0.0207
2026-05-18,25,28694,853349.0,4.51,9.68,0.0209
2026-05-18,26,24253,465982.0,4.94,10.37,0.0294
2026-05-18,27,437,16087.0,8.75,18.55,0.2376
2026-05-18,28,13479,312041.0,4.74,10.29,0.0293
2026-05-18,29,11226,225402.0,4.13,8.76,0.017
2026-05-18,30,406,10548.0,8.38,18.0,0.149
2026-05-18,31,1679,40475.0,4.89,10.86,0.0347
2026-05-18,32,12428,247134.0,4.68,9.67,0.018
2026-05-18,33,23122,772564.0,4.4,9.29,0.0186
2026-05-18,34,3797,105509.0,5.11,12.55,0.0594
2026-05-18,35,30154,578242.0,5.38,11.46,0.0411
2026-05-18,36,41617,947984.0,4.46,10.13,0.0269
2026-05-18,37,57296,1358274.0,4.67,10.17,0.0264
2026-05-18,38,6496,165312.0,5.29,11.06,0.0327
2026-05-18,39,37963,730083.0,5.12,10.82,0.0353
2026-05-18,40,12117,343537.0,4.08,8.3,0.0121
2026-05-18,41,32619,741410.0,5.11,10.53,0.0273
2026-05-18,42,43844,927085.0,5.44,11.4,0.0357
2026-05-18,43,8268,287758.0,4.4,9.33,0.0158
2026-05-18,44,2382,68279.0,6.17,13.86,0.0812
2026-05-18,45,12878,386444.0,4.46,9.43,0.0177
2026-05-18,46,1125,39573.0,8.6,18.13,0.1705
2026-05-18,47,17478,324122.0,5.02,10.51,0.0293
2026-05-18,48,44206,1667619.0,4.14,9.09,0.0191
2026-05-18,49,29961,771823.0,4.57,9.85,0.0244
2026-05-18,50,23581,770786.0,4.36,9.06,0.0166
2026-05-18,51,20898,458343.0,5.29,11.06,0.0352
2026-05-18,52,7714,231277.0,3.87,8.17,0.0103
2026-05-18,53,8405,207108.0,5.28,11.55,0.0441
2026-05-18,54,2857,80078.0,4.21,8.62,0.0146
2026-05-18,55,14783,337201.0,4.57,9.83,0.0251
2026-05-18,56,16636,332088.0,4.65,9.64,0.0197
2026-05-18,57,1336,26706.0,4.83,10.0,0.0219
2026-05-18,58,1831,42431.0,5.62,11.46,0.0311
2026-05-18,59,563,11007.0,5.14,11.09,0.0268
2026-05-18,60,11659,219470.0,5.24,10.84,0.034
2026-05-18,61,63898,1440082.0,4.97,10.78,0.0308
2026-05-18,62,17796,416759.0,5.16,10.85,0.0338
2026-05-18,63,17023,353454.0,4.58,9.95,0.0235
2026-05-18,64,3458,98508.0,6.56,13.79,0.0761
2026-05-18,65,24354,746092.0,4.92,10.59,0.0294
2026-05-18,66,18808,597247.0,4.59,9.78,0.024
2026-05-18,67,9941,205905.0,4.19,8.78,0.0093
2026-05-18,68,49723,2207161.0,4.03,9.36,0.0235
2026-05-18,69,26066,525060.0,5.22,11.27,0.036
2026-05-18,70,12694,308441.0,4.16,8.87,0.0179
2026-05-18,71,21352,432273.0,5.04,10.46,0.0328
2026-05-18,72,25074,487294.0,5.46,11.39,0.0407
2026-05-18,73,5519,117610.0,4.46,9.46,0.0216
2026-05-18,74,33946,717645.0,5.23,10.81,0.028
2026-05-18,75,30574,798598.0,5.01,10.62,0.0278
2026-05-18,76,57323,1096110.0,4.75,9.86,0.022
2026-05-18,77,13774,277354.0,4.98,10.5,0.0305
2026-05-18,78,23156,450508.0,4.92,10.71,0.0321
2026-05-18,79,52685,1614734.0,3.81,8.06,0.0101
2026-05-18,80,36639,896136.0,4.31,9.28,0.0183
2026-05-18,81,14954,277487.0,5.16,10.74,0.0303
2026-05-18,82,40941,808089.0,4.43,9.56,0.02
2026-05-18,83,13244,250737.0,4.37,9.11,0.0144
2026-05-18,84,2566,68477.0,5.69,12.02,0.0506
2026-05-18,85,16844,359674.0,4.82,9.88,0.0241
2026-05-18,86,11115,282234.0,6.6,14.32,0.0869
2026-05-18,87,29023,1221803.0,4.1,8.63,0.0114
2026-05-18,88,12661,564080.0,4.28,8.9,0.0146
2026-05-18,89,39987,904280.0,4.48,9.32,0.0193
2026-05-18,90,29202,1091307.0,3.64,7.62,0.0084
2026-05-18,91,24459,504658.0,4.94,10.21,0.0278
2026-05-18,92,29359,726032.0,4.92,10.95,0.0392
2026-05-18,93,3048,103354.0,5.16,11.21,0.038
2026-05-18,94,10887,203480.0,4.89,10.55,0.0291
2026-05-18,95,36958,869940.0,4.56,9.98,0.0288
2026-05-18,96,774,18055.0,4.89,10.31,0.0196
2026-05-18,97,33180,889571.0,4.86,10.67,0.032
2026-05-18,98,5093,120530.0,5.04,10.84,0.0328
2026-05-18,99,162,4371.0,6.39,13.65,0.0683
2026-05-18,100,25218,1157215.0,4.51,10.63,0.035
2026-05-18,101,5215,150740.0,5.4,11.47,0.0419
2026-05-18,102,12956,269836.0,4.76,10.29,0.0301
2026-05-18,106,11739,301703.0,4.19,8.44,0.0117
2026-05-18,107,30793,1065072.0,3.83,7.93,0.0084
2026-05-18,108,7774,157788.0,4.23,8.61,0.0131
2026-05-18,109,3711,91918.0,5.81,12.55,0.0561
2026-05-18,110,16,481.0,7.52,15.02,0.125
2026-05-18,111,197,4339.0,4.08,7.91,0.0155
2026-05-18,112,48636,1256107.0,4.08,8.53,0.0123
2026-05-18,113,23763,849352.0,3.83,8.04,0.0108
2026-05-18,114,25875,887546.0,3.95,8.41,0.0124
2026-05-18,115,4301,89055.0,5.92,12.55,0.0572
2026-05-18,116,22386,507989.0,5.09,11.02,0.0355
2026-05-18,117,8480,229895.0,7.03,15.68,0.1146
2026-05-18,118,5435,136916.0,5.49,12.11,0.0535
2026-05-18,119,18047,426439.0,5.17,11.35,0.037
2026-05-18,120,523,11901.0,5.01,11.3,0.0375
2026-05-18,121,10536,250007.0,4.81,9.94,0.0222
2026-05-18,122,6786,152155.0,5.15,11.0,0.0396
2026-05-18,123,14572,275425.0,3.99,8.37,0.0126
2026-05-18,124,8181,190555.0,5.3,11.56,0.0441
2026-05-18,125,15556,625788.0,3.98,8.88,0.0229
2026-05-18,126,17937,460957.0,5.43,12.93,0.0639
2026-05-18,127,19838,443954.0,4.4,9.72,0.0239
2026-05-18,128,1507,34870.0,4.46,9.34,0.0174
2026-05-18,129,42279,856511.0,4.39,9.34,0.0198
2026-05-18,130,43012,1038781.0,5.0,11.32,0.0463
2026-05-18,131,8252,203594.0,4.93,10.56,0.0326
2026-05-18,132,83926,6710924.0,6.16,16.91,0.128
2026-05-18,133,9437,211495.0,4.22,8.56,0.012
2026-05-18,134,12256,287206.0,4.42,9.89,0.0277
2026-05-18,135,9448,233037.0,4.73,10.21,0.0285
2026-05-18,136,12864,254906.0,4.78,10.3,0.0262
2026-05-18,137,23192,714665.0,4.26,9.24,0.0213
2026-05-18,138,99480,6547797.0,5.69,13.61,0.0729
2026-05-18,139,10943,233438.0,5.19,10.8,0.036
2026-05-18,140,26858,900469.0,4.41,9.49,0.0193
2026-05-18,141,29110,956643.0,4.03,7.98,0.0072
2026-05-18,142,31887,1189057.0,4.16,8.39,0.0098
2026-05-18,143,21773,728083.0,4.33,8.58,0.0103
2026-05-18,144,31865,1085450.0,4.07,8.54,0.0127
2026-05-18,145,47564,1216691.0,4.06,8.6,0.015
2026-05-18,146,13597,351090.0,3.82,8.13,0.0101
2026-05-18,147,10689,210096.0,4.66,10.19,0.023
2026-05-18,148,47888,1516902.0,4.14,8.96,0.0151
2026-05-18,149,12702,238208.0,3.9,8.13,0.0124
2026-05-18,150,5790,130002.0,4.28,9.33,0.0195
2026-05-18,151,13993,400237.0,4.58,9.47,0.0198
2026-05-18,152,11682,270034.0,5.12,11.04,0.0358
2026-05-18,153,4674,85148.0,5.12,10.88,0.0359
2026-05-18,154,422,12942.0,5.38,11.66,0.0557
2026-05-18,155,13965,321526.0,4.94,10.65,0.0334
2026-05-18,156,7384,147863.0,4.92,10.34,0.0325
2026-05-18,157,17621,394267.0,4.8,10.24,0.0256
2026-05-18,158,25008,964599.0,3.91,8.27,0.0104
2026-05-18,159,23421,462357.0,4.94,10.7,0.0302
2026-05-18,160,11855,256866.0,4.74,9.76,0.0232
2026-05-18,161,59100,2846266.0,4.07,9.22,0.02
2026-05-18,162,38322,1760408.0,3.74,8.02,0.0101
2026-05-18,163,39888,1852455.0,3.85,8.23,0.0111
2026-05-18,164,47326,1979073.0,4.14,9.29,0.0199
2026-05-18,165,15098,330720.0,4.23,8.84,0.0148
2026-05-18,166,27188,815857.0,4.95,10.71,0.0302
2026-05-18,167,19177,365347.0,4.99,10.43,0.0291
2026-05-18,168,34154,713511.0,5.11,10.82,0.0321
2026-05-18,169,24158,451824.0,4.93,10.65,0.0278
2026-05-18,170,40637,1525946.0,4.1,8.96,0.0157
2026-05-18,171,11119,235989.0,4.38,9.14,0.0181
2026-05-18,172,3467,83041.0,5.53,12.22,0.0557
2026-05-18,173,14486,280527.0,5.01,10.53,0.0329
2026-05-18,174,22510,460289.0,4.4,9.29,0.0179
2026-05-18,175,4195,110614.0,5.16,11.49,0.0352
2026-05-18,176,1785,47617.0,5.87,12.56,0.0616
2026-05-18,177,21981,462144.0,5.12,10.96,0.0358
2026-05-18,178,4744,94395.0,4.23,8.64,0.0122
2026-05-18,179,18404,424942.0,4.01,8.32,0.0092
2026-05-18,180,9338,182544.0,4.29,9.04,0.0154
2026-05-18,181,46843,1250172.0,3.81,8.08,0.0107
2026-05-18,182,13469,272742.0,4.61,9.61,0.02
2026-05-18,183,7077,145329.0,4.52,9.7,0.0197
2026-05-18,184,1388,31412.0,5.8,14.23,0.0831
2026-05-18,185,16071,336393.0,4.63,9.64,0.0204
2026-05-18,186,28014,1281721.0,4.08,9.94,0.0315
2026-05-18,187,4146,81479.0,5.19,11.06,0.0363
2026-05-18,188,37795,852317.0,4.96,10.37,0.0284
2026-05-18,189,18350,481411.0,4.33,9.36,0.0207
2026-05-18,190,2605,67965.0,4.54,9.61,0.0229
2026-05-18,191,15805,361040.0,5.04,10.94,0.0361
2026-05-18,192,6962,153016.0,4.28,9.25,0.0157
2026-05-18,193,9686,234858.0,4.37,9.4,0.0181
2026-05-18,194,816,31158.0,6.8,14.42,0.0854
2026-05-18,195,9095,263344.0,4.8,10.14,0.0266
2026-05-18,196,14001,309913.0,4.66,9.94,0.023
2026-05-18,197,23775,481377.0,4.42,9.54,0.0208
2026-05-18,198,34208,776727.0,4.51,9.72,0.0231
2026-05-18,199,4,181.0,17.78,27.92,0.5
2026-05-18,200,10794,311977.0,5.13,10.85,0.0314
2026-05-18,201,4563,128746.0,6.54,14.82,0.0964
2026-05-18,202,3085,103530.0,6.24,12.73,0.0579
2026-05-18,203,9979,215443.0,6.3,12.82,0.0591
2026-05-18,204,1409,39447.0,5.57,12.07,0.0478
2026-05-18,205,21916,464173.0,5.44,11.45,0.0429
2026-05-18,206,11333,225912.0,5.2,11.66,0.0463
2026-05-18,207,875,14493.0,3.88,7.36,0.0069
2026-05-18,208,17369,382617.0,4.88,10.48,0.0294
2026-05-18,209,10067,386082.0,4.4,9.01,0.0133
2026-05-18,210,17466,333869.0,4.06,8.61,0.0135
2026-05-18,211,26076,984810.0,3.75,8.13,0.0124
2026-05-18,212,14529,265971.0,4.79,9.97,0.0235
2026-05-18,213,24939,486315.0,5.14,10.66,0.0324
2026-05-18,214,4511,107270.0,4.82,11.13,0.0408
2026-05-18,215,16034,318366.0,5.01,10.65,0.0348
2026-05-18,216,33792,679748.0,4.0,8.5,0.0137
2026-05-18,217,8354,152038.0,5.77,12.15,0.0475
2026-05-18,218,11145,241486.0,5.06,10.34,0.0295
2026-05-18,219,9409,213028.0,5.36,10.78,0.0321
2026-05-18,220,18579,395427.0,4.73,9.64,0.0211
2026-05-18,221,7289,144155.0,5.44,11.67,0.0482
2026-05-18,222,6572,138578.0,5.21,10.9,0.0325
2026-05-18,223,25654,564427.0,3.61,7.47,0.0081
2026-05-18,224,8898,273835.0,4.98,10.14,0.0205
2026-05-18,225,40744,962600.0,5.01,10.82,0.0332
2026-05-18,226,34571,756124.0,4.28,8.86,0.0136
2026-05-18,227,13351,283220.0,4.47,9.41,0.0181
2026-05-18,228,26168,634531.0,4.48,9.18,0.0179
2026-05-18,229,25997,904487.0,3.74,7.55,0.0076
2026-05-18,230,61059,3000892.0,4.42,10.21,0.0278
2026-05-18,231,48749,1932872.0,3.86,7.95,0.0102
2026-05-18,232,20284,605249.0,5.14,10.63,0.0284
2026-05-18,233,24040,842812.0,4.12,8.64,0.0129
2026-05-18,234,47364,1826139.0,3.8,8.1,0.0103
2026-05-18,235,21533,422187.0,5.46,11.6,0.0407
2026-05-18,236,33339,1181624.0,4.17,8.18,0.0085
2026-05-18,237,40689,1555912.0,3.71,7.49,0.007
2026-05-18,238,23665,767021.0,4.34,8.82,0.0136
2026-05-18,239,29784,1029712.0,4.1,8.21,0.009
2026-05-18,240,3803,75352.0,5.35,10.85,0.0303
2026-05-18,241,19108,384070.0,4.85,10.02,0.0211
2026-05-18,242,20094,416241.0,4.57,9.65,0.0212
2026-05-18,243,27625,661355.0,4.8,10.46,0.0275
2026-05-18,244,38733,976592.0,4.82,10.75,0.0329
2026-05-18,245,4436,93901.0,5.64,12.06,0.0529
2026-05-18,246,49425,2011829.0,4.39,9.63,0.0221
2026-05-18,247,29124,715009.0,5.4,11.7,0.0458
2026-05-18,248,12958,249815.0,4.86,10.14,0.027
2026-05-18,249,39338,1352510.0,3.85,8.07,0.0099
2026-05-18,250,13031,255205.0,4.45,9.32,0.0166
2026-05-18,251,4565,95080.0,5.01,10.63,0.0339
2026-05-18,252,6895,167520.0,5.2,11.08,0.0339
2026-05-18,253,248,8682.0,4.94,12.33,0.0569
2026-05-18,254,25834,500579.0,5.18,10.66,0.0316
2026-05-18,255,50458,1432404.0,4.14,8.98,0.0157
2026-05-18,256,43672,1198734.0,4.45,9.51,0.0191
2026-05-18,257,7657,202446.0,4.07,8.26,0.0092
2026-05-18,258,16643,356989.0,4.61,9.71,0.0238
2026-05-18,259,17840,364916.0,5.51,11.22,0.0378
2026-05-18,260,24373,483350.0,3.95,8.25,0.0093
2026-05-18,261,17232,790956.0,4.42,9.24,0.0172
2026-05-18,262,15883,506192.0,4.68,9.25,0.0123
2026-05-18,263,24649,782988.0,4.32,8.49,0.0091
2026-05-18,265,275,7679.0,7.43,16.87,0.161
2026-05-25,2,21,686.0,6.48,11.37,0.0
2026-05-25,3,11435,216876.0,4.71,9.93,0.0243
2026-05-25,4,12024,317746.0,4.82,10.29,0.0286
2026-05-25,5,1502,39218.0,6.34,13.95,0.0755
2026-05-25,6,2825,64504.0,5.28,12.01,0.048
2026-05-25,7,46593,1017417.0,3.91,8.15,0.0102
2026-05-25,8,309,6449.0,3.99,8.53,0.0098
2026-05-25,9,4509,99500.0,4.52,9.53,0.0199
2026-05-25,10,16977,387838.0,4.58,9.73,0.0241
2026-05-25,11,5872,119913.0,4.13,8.88,0.0137
2026-05-25,12,647,22091.0,4.66,9.77,0.022
2026-05-25,13,18285,723185.0,4.21,8.62,0.01
2026-05-25,14,28908,666615.0,4.09,8.35,0.0098
2026-05-25,15,3737,103169.0,5.51,11.97,0.0438
2026-05-25,16,10407,256397.0,4.63,10.15,0.0247
2026-05-25,17,39802,875159.0,5.18,11.21,0.0384
2026-05-25,18,23424,438512.0,5.01,11.03,0.0359
2026-05-25,19,4587,111114.0,5.3,10.85,0.0288
2026-05-25,20,14248,284037.0,5.04,11.23,0.0401
2026-05-25,21,13126,259549.0,4.11,8.61,0.0123
2026-05-25,22,18058,347682.0,4.25,9.01,0.0146
2026-05-25,23,7416,180345.0,5.69,12.86,0.0636
2026-05-25,24,6384,168399.0,4.5,9.93,0.0246
2026-05-25,25,28319,796681.0,4.82,10.37,0.0299
2026-05-25,26,25854,468749.0,4.88,9.83,0.0228
2026-05-25,27,410,15699.0,10.13,22.34,0.2468
2026-05-25,28,12448,271263.0,4.69,10.01,0.0234
2026-05-25,29,10276,205544.0,4.12,8.68,0.0135
2026-05-25,30,409,11222.0,8.47,17.66,0.151
2026-05-25,31,2372,63898.0,5.2,11.87,0.0553
2026-05-25,32,11909,237079.0,4.81,10.11,0.0261
2026-05-25,33,23802,742440.0,4.63,9.96,0.0254
2026-05-25,34,3468,89080.0,5.16,11.71,0.0467
2026-05-25,35,29542,564037.0,5.7,12.19,0.0496
2026-05-25,36,40207,921804.0,4.93,11.42,0.0452
2026-05-25,37,56666,1342331.0,5.0,11.17,0.0401
2026-05-25,38,6273,158121.0,5.41,11.57,0.0398
2026-05-25,39,37178,720846.0,5.51,11.78,0.0468
2026-05-25,40,12379,347631.0,4.23,8.66,0.0145
2026-05-25,41,30394,670908.0,5.24,11.15,0.0383
2026-05-25,42,42204,863327.0,5.7,12.31,0.0512
2026-05-25,43,8080,277702.0,4.25,8.72,0.0155
2026-05-25,44,2374,65977.0,6.26,14.77,0.0943
2026-05-25,45,12061,349772.0,4.67,9.93,0.0251
2026-05-25,46,1228,43910.0,8.47,19.17,0.2049
2026-05-25,47,16740,301858.0,5.28,11.24,0.0367
2026-05-25,48,39742,1412098.0,4.18,9.26,0.0239
2026-05-25,49,29056,725205.0,4.72,10.26,0.0288
2026-05-25,50,21700,677692.0,4.37,9.55,0.026
2026-05-25,51,20371,444175.0,5.41,11.58,0.0437
2026-05-25,52,7816,220736.0,4.04,8.57,0.0133
2026-05-25,53,7647,184136.0,5.36,12.11,0.0502
2026-05-25,54,2832,77302.0,4.4,8.94,0.0173
2026-05-25,55,14590,357318.0,4.77,10.34,0.0297
2026-05-25,56,16243,322198.0,4.8,10.1,0.0271
2026-05-25,57,1472,32747.0,5.23,12.23,0.0538
2026-05-25,58,1826,41132.0,5.9,12.63,0.0563
2026-05-25,59,791,15608.0,5.92,14.2,0.0809
2026-05-25,60,11618,212189.0,5.42,11.52,0.041
2026-05-25,61,62989,1374043.0,5.18,11.29,0.0392
2026-05-25,62,17248,389969.0,5.19,11.1,0.0357
2026-05-25,63,16274,342426.0,4.81,10.35,0.0273
2026-05-25,64,3385,91458.0,6.23,13.05,0.0617
2026-05-25,65,22725,637632.0,5.13,11.26,0.0403
2026-05-25,66,19305,586108.0,4.99,10.97,0.0368
2026-05-25,67,9312,195467.0,4.29,8.85,0.0127
2026-05-25,68,45874,1794348.0,3.89,8.55,0.0144
2026-05-25,69,25400,488777.0,5.46,12.0,0.0507
2026-05-25,70,13072,348553.0,4.33,9.54,0.0275
2026-05-25,71,20430,409874.0,5.13,10.8,0.0336
2026-05-25,72,24429,464016.0,5.67,12.06,0.0483
2026-05-25,73,5130,106397.0,4.4,9.66,0.0234
2026-05-25,74,33350,689933.0,5.46,11.58,0.0416
2026-05-25,75,28217,710585.0,5.03,10.66,0.0304
2026-05-25,76,55460,1066481.0,5.05,10.78,0.034
2026-05-25,77,14095,281476.0,5.35,11.5,0.0436
2026-05-25,78,22095,420934.0,5.14,11.18,0.0383
2026-05-25,79,52883,1541522.0,4.05,8.84,0.0163
2026-05-25,80,37277,936717.0,4.65,10.44,0.034
2026-05-25,81,14595,273881.0,5.36,11.26,0.0391
2026-05-25,82,37435,723250.0,4.45,9.61,0.022
2026-05-25,83,12360,234205.0,4.42,9.18,0.0168
2026-05-25,84,2592,69509.0,6.0,13.26,0.0643
2026-05-25,85,15433,335329.0,4.87,10.2,0.0262
2026-05-25,86,10403,264131.0,6.71,15.01,0.0996
2026-05-25,87,27663,1059058.0,4.3,9.12,0.015
2026-05-25,88,12779,521613.0,4.51,9.53,0.0186
2026-05-25,89,37700,844848.0,4.56,9.41,0.0194
2026-05-25,90,27244,907642.0,3.63,7.61,0.0084
2026-05-25,91,24263,501386.0,5.04,10.78,0.0351
2026-05-25,92,26382,639356.0,4.98,11.27,0.0415
2026-05-25,93,5639,251100.0,7.11,17.19,0.1422
2026-05-25,94,10848,199410.0,5.13,11.39,0.0401
2026-05-25,95,33798,766340.0,4.63,9.82,0.023
2026-05-25,96,954,23500.0,4.96,10.71,0.0242
2026-05-25,97,33632,861177.0,5.13,11.22,0.0384
2026-05-25,98,4784,111049.0,4.99,10.65,0.0243
2026-05-25,99,189,5013.0,6.49,14.75,0.0904
2026-05-25,100,22272,908156.0,4.35,9.95,0.0255
2026-05-25,101,4803,141402.0,5.42,12.04,0.0472
2026-05-25,102,12444,253032.0,4.87,10.41,0.031
2026-05-25,105,1,19.0,15.5,15.5,1.0
2026-05-25,106,11397,282931.0,4.27,8.71,0.0146
2026-05-25,107,29449,920370.0,3.78,7.7,0.0091
2026-05-25,108,7424,148647.0,4.23,9.02,0.0153
2026-05-25,109,3580,89238.0,6.08,13.44,0.0705
2026-05-25,110,16,432.0,8.16,18.41,0.1875
2026-05-25,111,240,5930.0,4.28,8.43,0.0254
2026-05-25,112,48150,1267750.0,4.23,9.25,0.0214
2026-05-25,113,22960,752709.0,3.81,7.93,0.0108
2026-05-25,114,24813,814270.0,4.13,9.03,0.0176
2026-05-25,115,3935,79004.0,6.08,13.14,0.0639
2026-05-25,116,21551,468106.0,5.33,11.91,0.0485
2026-05-25,117,7813,208266.0,7.31,16.35,0.1272
2026-05-25,118,5382,138886.0,5.61,12.92,0.0673
2026-05-25,119,16444,321680.0,5.24,11.26,0.0373
2026-05-25,120,540,11366.0,5.51,11.6,0.0477
2026-05-25,121,9928,233150.0,4.75,10.26,0.0243
2026-05-25,122,6334,140549.0,5.12,11.03,0.0382
2026-05-25,123,14385,269464.0,4.08,8.24,0.0103
2026-05-25,124,7554,173903.0,5.43,11.87,0.0508
2026-05-25,125,14929,562458.0,3.91,8.02,0.0131
2026-05-25,126,15253,299708.0,5.17,11.27,0.0383
2026-05-25,127,20584,443616.0,4.67,10.52,0.0339
2026-05-25,128,1447,31592.0,4.45,9.59,0.0273
2026-05-25,129,38803,786904.0,4.53,9.87,0.0264
2026-05-25,130,39549,868467.0,4.92,10.69,0.0332
2026-05-25,131,7721,181099.0,4.79,10.19,0.0226
2026-05-25,132,88679,6679180.0,6.52,15.13,0.1021
2026-05-25,133,9296,206274.0,4.3,8.83,0.013
2026-05-25,134,11303,253782.0,4.29,9.26,0.0188
2026-05-25,135,8949,214393.0,4.58,9.78,0.0213
2026-05-25,136,12501,244403.0,4.98,11.15,0.0373
2026-05-25,137,22064,621696.0,4.17,8.73,0.0143
2026-05-25,138,103649,6419294.0,6.05,14.21,0.0837
2026-05-25,139,10279,219361.0,5.28,11.08,0.0352
2026-05-25,140,24163,756095.0,4.31,9.02,0.0156
2026-05-25,141,27644,873092.0,4.04,8.01,0.0086
2026-05-25,142,29898,1117433.0,4.15,8.77,0.019
2026-05-25,143,20834,630948.0,4.21,8.48,0.0125
2026-05-25,144,30785,990692.0,4.33,9.18,0.0185
2026-05-25,145,43096,1075442.0,4.14,8.77,0.0146
2026-05-25,146,12772,312667.0,3.91,8.12,0.0095
2026-05-25,147,10131,196343.0,4.85,10.76,0.0326
2026-05-25,148,46259,1435406.0,4.54,10.19,0.0293
2026-05-25,149,11852,225150.0,4.0,8.17,0.0116
2026-05-25,150,5210,113454.0,4.35,9.29,0.0196
2026-05-25,151,12745,351976.0,4.55,9.56,0.0237
2026-05-25,152,10537,234388.0,5.28,11.67,0.0462
2026-05-25,153,4754,85076.0,5.14,11.08,0.0365
2026-05-25,154,523,16942.0,5.54,11.93,0.0459
2026-05-25,155,13490,308227.0,4.95,10.95,0.0387
2026-05-25,156,6911,137650.0,5.27,11.59,0.047
2026-05-25,157,17215,389409.0,4.98,10.84,0.0339
2026-05-25,158,25114,895235.0,3.95,8.37,0.0135
2026-05-25,159,22517,425373.0,5.08,11.11,0.0375
2026-05-25,160,11173,240124.0,4.8,10.08,0.0259
2026-05-25,161,47252,2131268.0,3.89,8.73,0.0161
2026-05-25,162,34143,1420795.0,3.69,7.63,0.0084
2026-05-25,163,33060,1503108.0,3.76,8.47,0.0178
2026-05-25,164,42111,1597954.0,4.07,8.9,0.0172
2026-05-25,165,14865,311767.0,4.25,8.72,0.0147
2026-05-25,166,18310,485940.0,4.57,9.91,0.0263
2026-05-25,167,18911,354338.0,5.19,11.0,0.0349
2026-05-25,168,33306,686337.0,5.28,11.35,0.0383
2026-05-25,169,24014,443414.0,5.21,11.39,0.0408
2026-05-25,170,36604,1243426.0,3.99,8.37,0.0127
2026-05-25,171,10252,212930.0,4.35,9.57,0.0219
2026-05-25,172,3286,77216.0,5.71,13.4,0.0711
2026-05-25,173,13617,268932.0,5.24,11.49,0.0426
2026-05-25,174,21305,434326.0,4.62,10.0,0.0261
2026-05-25,175,3850,100620.0,5.14,10.67,0.0289
2026-05-25,176,1748,47134.0,5.96,13.35,0.0667
2026-05-25,177,22128,444892.0,5.45,11.75,0.0462
2026-05-25,178,4917,95355.0,4.23,8.64,0.0099
2026-05-25,179,16991,404332.0,4.17,8.58,0.0108
2026-05-25,180,8628,163985.0,4.43,9.3,0.0169
2026-05-25,181,46308,1212375.0,3.94,8.21,0.0118
2026-05-25,182,13126,261562.0,4.77,10.07,0.0238
2026-05-25,183,7100,144072.0,4.58,10.05,0.026
2026-05-25,184,1622,40981.0,6.12,15.03,0.1006
2026-05-25,185,15324,321513.0,4.75,10.08,0.0259
2026-05-25,186,25751,985771.0,3.94,8.99,0.0185
2026-05-25,187,3881,75878.0,5.45,12.02,0.056
2026-05-25,188,36186,791534.0,4.98,10.4,0.0299
2026-05-25,189,17339,451992.0,4.55,9.53,0.0223
2026-05-25,190,3349,83860.0,4.58,9.57,0.022
2026-05-25,191,15266,341185.0,5.04,10.83,0.0345
2026-05-25,192,6727,149937.0,4.28,9.02,0.0147
2026-05-25,193,8615,203367.0,4.43,9.57,0.019
2026-05-25,194,1284,45782.0,6.54,15.37,0.1098
2026-05-25,195,10969,330269.0,5.27,11.63,0.0459
2026-05-25,196,12861,278430.0,4.66,9.68,0.02
2026-05-25,197,21750,433581.0,4.45,9.65,0.024
2026-05-25,198,32639,745190.0,4.71,10.23,0.0292
2026-05-25,199,3,145.0,7.05,11.98,0.0
2026-05-25,200,10377,288969.0,5.25,10.89,0.0361
2026-05-25,201,3792,108642.0,6.49,15.13,0.1021
2026-05-25,202,2992,98038.0,6.25,12.89,0.058
2026-05-25,203,9488,197448.0,6.52,13.25,0.0659
2026-05-25,204,1474,40088.0,5.73,13.11,0.0661
2026-05-25,205,20610,438620.0,5.55,11.76,0.0487
2026-05-25,206,10655,208373.0,5.43,12.3,0.0573
2026-05-25,207,875,14713.0,3.86,7.74,0.0092
2026-05-25,208,16716,370880.0,4.97,10.89,0.0342
2026-05-25,209,9948,367978.0,4.52,9.26,0.0175
2026-05-25,210,15799,301413.0,4.1,8.65,0.015
2026-05-25,211,24004,854816.0,3.86,8.11,0.0114
2026-05-25,212,14817,270674.0,4.93,10.39,0.0284
2026-05-25,213,24212,467684.0,5.24,11.05,0.036
2026-05-25,214,4194,100214.0,5.13,11.71,0.0484
2026-05-25,215,15735,312904.0,5.14,11.05,0.0387
2026-05-25,216,32096,643817.0,4.22,9.11,0.0186
2026-05-25,217,8708,154301.0,5.49,11.45,0.0394
2026-05-25,218,10398,227326.0,5.22,10.69,0.0307
2026-05-25,219,8639,190615.0,5.52,11.6,0.0388
2026-05-25,220,18652,394590.0,4.79,10.06,0.0266
2026-05-25,221,6918,136768.0,5.65,12.5,0.0544
2026-05-25,222,6206,131262.0,5.59,11.81,0.0451
2026-05-25,223,24002,533436.0,3.79,8.09,0.0129
2026-05-25,224,8416,233083.0,4.96,9.96,0.023
2026-05-25,225,39067,896572.0,5.19,11.28,0.04
2026-05-25,226,29818,641162.0,4.32,8.9,0.0143
2026-05-25,227,12811,273068.0,4.6,9.61,0.0202
2026-05-25,228,27227,659373.0,4.62,9.55,0.0206
2026-05-25,229,23862,760724.0,3.71,7.37,0.0063
2026-05-25,230,49435,2287203.0,4.39,10.56,0.0362
2026-05-25,231,47327,1730599.0,3.92,7.85,0.0077
2026-05-25,232,19440,552066.0,5.27,11.25,0.0407
2026-05-25,233,22741,727718.0,4.02,8.18,0.0095
2026-05-25,234,41632,1457685.0,3.78,8.04,0.0113
2026-05-25,235,21244,407347.0,5.65,12.37,0.0532
2026-05-25,236,31301,1054981.0,4.08,8.04,0.0102
2026-05-25,237,36243,1337124.0,3.68,7.31,0.0073
2026-05-25,238,22426,664626.0,4.2,8.79,0.0159
2026-05-25,239,27349,902881.0,4.1,8.44,0.0135
2026-05-25,240,3729,78094.0,5.45,11.54,0.04
2026-05-25,241,18596,368350.0,4.96,10.66,0.0307
2026-05-25,242,18908,385553.0,4.74,10.07,0.0265
2026-05-25,243,27385,624141.0,4.97,10.88,0.0354
2026-05-25,244,36496,844318.0,4.97,11.02,0.0381
2026-05-25,245,4191,89919.0,5.84,12.53,0.0602
2026-05-25,246,47134,1700430.0,4.28,9.09,0.0193
2026-05-25,247,24868,479384.0,5.51,11.72,0.0433
2026-05-25,248,12861,239944.0,5.07,10.57,0.0306
2026-05-25,249,39059,1256646.0,3.97,8.62,0.0147
2026-05-25,250,12499,242604.0,4.63,9.78,0.0191
2026-05-25,251,4230,88882.0,5.22,11.27,0.0393
2026-05-25,252,6666,157182.0,5.19,11.18,0.0354
2026-05-25,253,249,10732.0,6.07,15.38,0.1016
2026-05-25,254,25340,494102.0,5.38,11.29,0.0398
2026-05-25,255,48655,1404401.0,4.4,10.04,0.0292
2026-05-25,256,40044,1077740.0,4.61,10.07,0.0284
2026-05-25,257,8126,208254.0,4.12,8.18,0.0106
2026-05-25,258,16082,347050.0,4.73,10.27,0.0274
2026-05-25,259,17523,349476.0,5.8,12.09,0.0477
2026-05-25,260,22650,450236.0,4.04,8.59,0.0134
2026-05-25,261,15609,643623.0,4.52,9.38,0.0203
2026-05-25,262,15300,448300.0,4.65,9.33,0.0151
2026-05-25,263,23174,698808.0,4.34,8.68,0.0108
2026-05-25,265,253,5859.0,8.25,17.92,0.144
2026-06-01,2,20,783.0,7.58,16.3,0.2
2026-06-01,3,12154,224542.0,4.53,9.83,0.0234
2026-06-01,4,12562,347953.0,5.19,11.17,0.0381
2026-06-01,5,1587,42603.0,6.02,13.71,0.0651
2026-06-01,6,3250,74179.0,5.01,11.82,0.0444
2026-06-01,7,49761,1092385.0,3.97,8.82,0.0182
2026-06-01,8,671,16389.0,5.39,14.35,0.0898
2026-06-01,9,4934,111199.0,4.45,9.26,0.019
2026-06-01,10,17733,385532.0,4.6,9.76,0.0217
2026-06-01,11,6197,127059.0,4.12,8.82,0.0146
2026-06-01,12,604,21833.0,5.33,11.44,0.0418
2026-06-01,13,20462,858798.0,4.36,8.95,0.0143
2026-06-01,14,29568,682685.0,3.94,8.22,0.0097
2026-06-01,15,3936,109271.0,5.52,12.11,0.0469
2026-06-01,16,11214,269690.0,4.63,10.31,0.0297
2026-06-01,17,41374,925726.0,5.67,12.26,0.0541
2026-06-01,18,24243,460654.0,5.14,11.58,0.0402
2026-06-01,19,4797,115750.0,5.19,10.73,0.0334
2026-06-01,20,15050,297504.0,5.09,11.52,0.0452
2026-06-01,21,14068,273823.0,4.09,8.82,0.0142
2026-06-01,22,18652,355347.0,4.19,8.91,0.0144
2026-06-01,23,7852,191677.0,5.42,12.39,0.0559
2026-06-01,24,6429,167963.0,4.75,10.41,0.0295
2026-06-01,25,29229,873868.0,4.97,10.99,0.0375
2026-06-01,26,27101,496876.0,4.82,9.94,0.0223
2026-06-01,27,600,26783.0,9.28,19.51,0.228
2026-06-01,28,12842,279224.0,4.57,9.88,0.0218
2026-06-01,29,11388,228071.0,4.1,8.77,0.0134
2026-06-01,30,399,10034.0,8.43,16.8,0.1345
2026-06-01,31,2466,63695.0,5.48,12.2,0.0585
2026-06-01,32,12508,241474.0,4.81,10.41,0.0263
2026-06-01,33,25456,825946.0,4.77,10.4,0.0332
2026-06-01,34,4290,124232.0,5.84,13.02,0.0655
2026-06-01,35,31640,595558.0,6.0,12.96,0.0618
2026-06-01,36,38952,905287.0,5.02,11.64,0.0477
2026-06-01,37,56012,1353164.0,5.35,11.98,0.051
2026-06-01,38,6730,161385.0,5.26,11.29,0.0367
2026-06-01,39,40060,744733.0,5.6,12.01,0.0502
2026-06-01,40,12624,368096.0,4.18,8.91,0.0167
2026-06-01,41,32700,729130.0,5.55,11.9,0.0475
2026-06-01,42,44030,912917.0,5.92,13.05,0.0651
2026-06-01,43,9004,319458.0,4.61,9.37,0.0199
2026-06-01,44,2426,70701.0,6.27,14.75,0.0967
2026-06-01,45,12298,377303.0,4.99,10.68,0.0321
2026-06-01,46,1501,54627.0,8.78,19.33,0.2058
2026-06-01,47,17613,314735.0,5.41,11.8,0.0471
2026-06-01,48,44671,1674272.0,4.61,10.31,0.031
2026-06-01,49,29775,765056.0,5.2,11.49,0.0458
2026-06-01,50,25833,857805.0,4.74,10.23,0.0303
2026-06-01,51,21419,461965.0,5.33,11.76,0.0466
2026-06-01,52,8199,243353.0,4.12,9.04,0.0186
2026-06-01,53,8292,205341.0,5.27,12.22,0.0547
2026-06-01,54,3147,88400.0,4.34,9.09,0.0185
2026-06-01,55,16042,381783.0,4.77,10.44,0.032
2026-06-01,56,17968,424509.0,4.86,12.73,0.0712
2026-06-01,57,1562,41268.0,5.33,14.05,0.0861
2026-06-01,58,1887,42038.0,5.78,12.86,0.0549
2026-06-01,59,687,13389.0,5.41,11.64,0.0457
2026-06-01,60,12032,222315.0,5.45,11.9,0.0498
2026-06-01,61,67394,1480228.0,5.66,12.46,0.057
2026-06-01,62,18441,411397.0,5.63,12.19,0.0542
2026-06-01,63,17809,361721.0,4.91,10.84,0.0346
2026-06-01,64,3853,104566.0,6.35,13.51,0.0697
2026-06-01,65,24244,720645.0,5.53,12.25,0.0536
2026-06-01,66,20001,629744.0,5.13,11.5,0.0435
2026-06-01,67,10203,225260.0,4.18,9.05,0.013
2026-06-01,68,50911,2090749.0,4.25,9.61,0.0238
2026-06-01,69,26452,528736.0,5.55,12.61,0.0583
2026-06-01,70,13405,327932.0,4.27,9.69,0.0248
2026-06-01,71,22275,435548.0,5.38,11.63,0.0449
2026-06-01,72,26346,491282.0,6.01,12.71,0.0606
2026-06-01,73,5314,110530.0,4.42,9.75,0.0257
2026-06-01,74,34603,720588.0,5.72,12.33,0.0524
2026-06-01,75,30110,764165.0,5.24,11.45,0.0397
2026-06-01,76,60511,1126235.0,5.12,11.13,0.0396
2026-06-01,77,14195,278038.0,5.46,11.81,0.0445
2026-06-01,78,23682,442743.0,5.36,11.95,0.0499
2026-06-01,79,54636,1703026.0,4.36,9.51,0.021
2026-06-01,80,38675,1023352.0,4.9,11.11,0.0389
2026-06-01,81,15752,293809.0,5.36,11.6,0.0429
2026-06-01,82,39002,758207.0,4.45,10.19,0.0306
2026-06-01,83,12770,240849.0,4.35,9.51,0.0224
2026-06-01,84,2630,66826.0,5.69,12.6,0.0596
2026-06-01,85,17083,362998.0,5.21,10.96,0.0373
2026-06-01,86,11536,284958.0,6.91,15.48,0.1103
2026-06-01,87,30912,1290138.0,4.46,9.71,0.0225
2026-06-01,88,13309,570265.0,4.59,9.96,0.0247
2026-06-01,89,39950,883167.0,4.67,9.9,0.0246
2026-06-01,90,30697,1107682.0,3.98,8.52,0.0136
2026-06-01,91,25920,527628.0,5.12,10.93,0.0381
2026-06-01,92,29535,735585.0,4.95,11.72,0.0497
2026-06-01,93,8043,370679.0,8.18,27.37,0.2997
2026-06-01,94,11033,203450.0,5.35,12.04,0.0517
2026-06-01,95,38614,908347.0,4.55,10.28,0.0304
2026-06-01,96,948,22905.0,5.5,11.63,0.0437
2026-06-01,97,35878,973193.0,5.51,12.46,0.0585
2026-06-01,98,5129,118811.0,4.87,10.91,0.0321
2026-06-01,99,181,4494.0,6.42,13.07,0.0663
2026-06-01,100,25973,1155480.0,5.01,11.8,0.0474
2026-06-01,101,5554,167478.0,5.54,11.98,0.0487
2026-06-01,102,13136,266027.0,4.91,10.6,0.0331
2026-06-01,105,1,13.0,11.5,11.5,0.0
2026-06-01,106,11900,309129.0,4.24,8.73,0.0154
2026-06-01,107,32071,1073856.0,4.21,8.77,0.0161
2026-06-01,108,7918,153981.0,4.2,8.98,0.0168
2026-06-01,109,3904,97927.0,6.01,13.42,0.0746
2026-06-01,110,24,788.0,7.3,13.03,0.0
2026-06-01,111,276,7041.0,4.2,9.83,0.0292
2026-06-01,112,53626,1475561.0,4.43,10.23,0.0295
2026-06-01,113,24538,853130.0,4.1,8.66,0.0168
2026-06-01,114,26895,947274.0,4.38,9.66,0.0228
2026-06-01,115,4359,88994.0,5.78,12.42,0.0563
2026-06-01,116,22503,488019.0,5.6,12.4,0.0574
2026-06-01,117,8962,236164.0,7.43,16.4,0.1303
2026-06-01,118,5676,142722.0,5.63,12.97,0.066
2026-06-01,119,17838,421567.0,5.53,12.75,0.0612
2026-06-01,120,525,11167.0,5.44,12.94,0.0645
2026-06-01,121,10287,243714.0,4.74,10.32,0.0267
2026-06-01,122,6672,147588.0,5.17,11.13,0.04
2026-06-01,123,15923,295928.0,4.06,8.34,0.0107
2026-06-01,124,8659,205193.0,5.63,12.53,0.0608
2026-06-01,125,17142,680471.0,4.09,8.99,0.0212
2026-06-01,126,16140,312769.0,5.34,11.96,0.0463
2026-06-01,127,20391,450103.0,4.75,10.8,0.0355
2026-06-01,128,1556,37061.0,4.75,11.05,0.0507
2026-06-01,129,41205,845503.0,4.54,10.27,0.0328
2026-06-01,130,41997,912758.0,4.86,10.65,0.0333
2026-06-01,131,8284,192040.0,4.72,10.19,0.0242
2026-06-01,132,85622,6759802.0,6.08,14.14,0.0843
2026-06-01,133,9628,213140.0,4.28,8.78,0.0121
2026-06-01,134,12319,269277.0,4.32,9.68,0.0205
2026-06-01,135,9176,216161.0,4.54,9.71,0.0217
2026-06-01,136,12712,246574.0,5.14,11.58,0.0435
2026-06-01,137,23517,707021.0,4.62,10.08,0.0273
2026-06-01,138,103536,6992825.0,5.88,13.31,0.0647
2026-06-01,139,11111,235073.0,5.21,11.08,0.0347
2026-06-01,140,26573,862478.0,4.57,10.04,0.0268
2026-06-01,141,29630,953672.0,4.23,8.39,0.0125
2026-06-01,142,31087,1136392.0,4.47,9.35,0.0193
2026-06-01,143,22507,702906.0,4.66,9.38,0.0184
2026-06-01,144,32257,1128041.0,4.63,9.88,0.0238
2026-06-01,145,48975,1249573.0,4.38,9.77,0.0238
2026-06-01,146,13971,362079.0,3.98,8.77,0.0175
2026-06-01,147,10496,204155.0,4.92,10.96,0.0361
2026-06-01,148,49760,1676972.0,4.66,10.56,0.0328
2026-06-01,149,13184,244429.0,3.94,8.08,0.0091
2026-06-01,150,5946,130690.0,4.26,9.47,0.0212
2026-06-01,151,13080,365651.0,4.82,10.15,0.0266
2026-06-01,152,10625,240065.0,5.53,12.41,0.0559
2026-06-01,153,4705,83433.0,5.3,12.09,0.0525
2026-06-01,154,565,17186.0,5.62,13.32,0.0586
2026-06-01,155,14688,326804.0,5.03,11.12,0.0417
2026-06-01,156,7265,144517.0,5.02,11.2,0.0398
2026-06-01,157,18493,420122.0,4.96,11.04,0.0349
2026-06-01,158,28480,1084289.0,4.13,8.89,0.0163
2026-06-01,159,23542,451675.0,5.35,12.07,0.0509
2026-06-01,160,12114,256439.0,4.75,10.29,0.0289
2026-06-01,161,58516,2759827.0,4.25,9.55,0.0208
2026-06-01,162,38238,1685833.0,3.81,8.16,0.0106
2026-06-01,163,37810,1770065.0,3.91,8.31,0.0109
2026-06-01,164,46816,1957235.0,4.58,10.44,0.0315
2026-06-01,165,16235,336242.0,4.22,8.81,0.014
2026-06-01,166,17741,468393.0,4.69,10.29,0.0316
2026-06-01,167,19678,369448.0,5.3,11.46,0.0421
2026-06-01,168,34658,730189.0,5.53,12.3,0.0531
2026-06-01,169,24084,444870.0,5.33,12.09,0.0503
2026-06-01,170,40670,1477067.0,4.54,9.91,0.0253
2026-06-01,171,10778,227840.0,4.31,9.75,0.0215
2026-06-01,172,3520,82470.0,5.48,12.91,0.071
2026-06-01,173,13984,286095.0,5.11,12.39,0.0608
2026-06-01,174,22488,452847.0,4.55,10.06,0.0262
2026-06-01,175,4121,106037.0,5.06,11.27,0.0366
2026-06-01,176,1831,48664.0,5.64,13.21,0.0728
2026-06-01,177,22716,458266.0,5.81,12.86,0.0634
2026-06-01,178,5498,104844.0,4.2,8.79,0.0112
2026-06-01,179,19707,456211.0,4.34,9.81,0.0288
2026-06-01,180,9161,173306.0,4.42,9.49,0.0175
2026-06-01,181,48814,1351238.0,3.99,8.91,0.0206
2026-06-01,182,13411,268630.0,4.62,10.1,0.0238
2026-06-01,183,7275,144520.0,4.48,10.1,0.0268
2026-06-01,184,2263,54685.0,6.45,17.73,0.1461
2026-06-01,185,16463,340911.0,4.62,10.05,0.0255
2026-06-01,186,27349,1113782.0,4.42,10.51,0.0355
2026-06-01,187,4047,78530.0,5.2,11.23,0.0448
2026-06-01,188,38744,843328.0,5.37,11.6,0.0446
2026-06-01,189,18381,493659.0,4.96,10.82,0.0369
2026-06-01,190,3632,91898.0,5.13,12.0,0.0508
2026-06-01,191,16401,354290.0,4.98,10.66,0.0331
2026-06-01,192,7180,164057.0,4.32,9.59,0.0232
2026-06-01,193,10433,246545.0,4.56,9.63,0.021
2026-06-01,194,1231,46479.0,6.82,15.58,0.1113
2026-06-01,195,10868,329472.0,5.15,11.83,0.05
2026-06-01,196,13720,293585.0,4.72,10.3,0.0272
2026-06-01,197,23164,460733.0,4.44,9.65,0.0212
2026-06-01,198,32330,734929.0,4.87,10.86,0.0378
2026-06-01,199,1,56.0,15.28,15.28,1.0
2026-06-01,200,11539,329593.0,5.22,11.13,0.0387
2026-06-01,201,4484,139873.0,6.71,15.65,0.1115
2026-06-01,202,3078,96620.0,6.45,13.45,0.0713
2026-06-01,203,10306,211468.0,6.46,13.13,0.0638
2026-06-01,204,1548,43852.0,5.62,12.61,0.0568
2026-06-01,205,22779,476680.0,5.51,11.93,0.0499
2026-06-01,206,11691,227577.0,5.11,11.97,0.0544
2026-06-01,207,947,15862.0,3.92,7.56,0.0149
2026-06-01,208,18553,417326.0,4.98,11.32,0.0427
2026-06-01,209,11110,440273.0,4.82,10.42,0.0281
2026-06-01,210,17450,329078.0,4.05,8.75,0.0159
2026-06-01,211,26193,1007108.0,4.06,8.89,0.0183
2026-06-01,212,14923,266183.0,4.96,10.7,0.0323
2026-06-01,213,25872,497364.0,5.26,11.38,0.0406
2026-06-01,214,4759,113529.0,4.79,11.93,0.0541
2026-06-01,215,16583,317876.0,5.09,10.9,0.037
2026-06-01,216,33475,660890.0,4.15,9.16,0.0179
2026-06-01,217,8976,158151.0,5.83,12.4,0.0555
2026-06-01,218,11297,241852.0,5.16,10.61,0.0282
2026-06-01,219,9324,202005.0,5.43,11.46,0.0397
2026-06-01,220,19316,404644.0,4.96,10.72,0.0341
2026-06-01,221,7536,148298.0,5.41,11.85,0.0469
2026-06-01,222,6832,142017.0,5.75,12.33,0.0508
2026-06-01,223,28238,657752.0,3.94,9.74,0.0346
2026-06-01,224,8749,251677.0,5.44,11.12,0.0337
2026-06-01,225,40498,950559.0,5.72,12.56,0.0601
2026-06-01,226,33452,752870.0,4.38,9.68,0.0279
2026-06-01,227,13224,277592.0,4.47,9.57,0.0194
2026-06-01,228,26975,654886.0,4.53,9.38,0.0184
2026-06-01,229,26423,889103.0,3.83,7.82,0.0088
2026-06-01,230,58693,2852904.0,4.69,10.97,0.039
2026-06-01,231,54723,2131075.0,4.1,8.42,0.0139
2026-06-01,232,19549,566596.0,5.54,12.1,0.0495
2026-06-01,233,24043,823570.0,4.38,9.27,0.0191
2026-06-01,234,47666,1825874.0,4.13,8.97,0.0186
2026-06-01,235,21293,403232.0,5.88,13.12,0.0637
2026-06-01,236,33631,1173826.0,4.2,8.21,0.0101
2026-06-01,237,40295,1537833.0,3.74,7.46,0.0069
2026-06-01,238,24770,754106.0,4.56,9.59,0.0226
2026-06-01,239,29342,992059.0,4.42,9.04,0.0166
2026-06-01,240,4137,83810.0,5.58,11.69,0.0449
2026-06-01,241,19216,380279.0,5.09,10.94,0.0355
2026-06-01,242,20431,409858.0,4.47,9.92,0.0256
2026-06-01,243,27259,628359.0,5.12,11.53,0.0466
2026-06-01,244,37220,882540.0,5.16,12.05,0.0534
2026-06-01,245,4513,92099.0,5.57,11.98,0.0504
2026-06-01,246,53825,2112867.0,4.71,10.39,0.03
2026-06-01,247,29093,789987.0,6.05,14.15,0.085
2026-06-01,248,13388,247717.0,5.06,10.85,0.0328
2026-06-01,249,40930,1413803.0,4.24,9.09,0.0185
2026-06-01,250,13212,253462.0,4.39,9.77,0.0196
2026-06-01,251,4410,90054.0,5.04,11.08,0.033
2026-06-01,252,7311,173942.0,5.2,11.5,0.0424
2026-06-01,253,243,8556.0,5.14,10.95,0.0494
2026-06-01,254,26341,505487.0,5.33,11.44,0.0409
2026-06-01,255,50224,1531172.0,4.52,10.67,0.0344
2026-06-01,256,43234,1231158.0,4.81,10.71,0.0336
2026-06-01,257,7958,210825.0,4.13,8.49,0.0137
2026-06-01,258,17015,363905.0,4.75,10.35,0.0293
2026-06-01,259,18367,361676.0,5.86,12.09,0.0476
2026-06-01,260,23438,460777.0,4.03,8.82,0.0151
2026-06-01,261,17226,791782.0,4.7,10.06,0.0266
2026-06-01,262,16229,496697.0,4.81,9.81,0.0204
2026-06-01,263,24906,774689.0,4.5,9.03,0.0149
2026-06-01,265,350,10990.0,8.55,17.92,0.1633
2026-06-08,2,13,494.0,10.62,20.87,0.2308
2026-06-08,3,11530,218300.0,4.66,10.37,0.0272
2026-06-08,4,11563,332376.0,5.28,11.84,0.0469
2026-06-08,5,1573,41312.0,6.35,14.04,0.0777
2026-06-08,6,2969,68748.0,5.38,12.78,0.0583
2026-06-08,7,47984,1069111.0,4.07,9.48,0.0241
2026-06-08,8,294,6142.0,4.21,9.07,0.0205
2026-06-08,9,4709,107143.0,4.45,9.75,0.022
2026-06-08,10,16464,366186.0,4.64,10.05,0.0263
2026-06-08,11,5923,123257.0,4.15,8.86,0.0156
2026-06-08,12,586,22684.0,5.42,11.71,0.0382
2026-06-08,13,20391,869654.0,4.49,9.4,0.02
2026-06-08,14,28470,657618.0,4.02,8.75,0.0156
2026-06-08,15,3803,102023.0,5.61,13.01,0.0622
2026-06-08,16,11001,259251.0,4.59,10.15,0.0294
2026-06-08,17,38190,874690.0,5.83,13.03,0.0641
2026-06-08,18,22661,422703.0,5.38,12.27,0.0521
2026-06-08,19,4527,108493.0,5.3,11.25,0.0343
2026-06-08,20,14191,281884.0,5.41,12.52,0.0574
2026-06-08,21,13502,262254.0,4.18,9.05,0.0162
2026-06-08,22,17856,340774.0,4.26,9.15,0.0174
2026-06-08,23,7667,189651.0,5.5,12.38,0.058
2026-06-08,24,5743,157009.0,4.98,11.25,0.0376
2026-06-08,25,26554,804337.0,5.11,11.37,0.042
2026-06-08,26,25346,465600.0,4.91,10.39,0.0296
2026-06-08,27,670,31674.0,10.23,21.23,0.2787
2026-06-08,28,12340,265068.0,4.73,10.46,0.0282
2026-06-08,29,10798,216940.0,4.2,9.14,0.0168
2026-06-08,30,473,11774.0,8.4,18.22,0.1674
2026-06-08,31,2444,67809.0,6.09,14.08,0.0852
2026-06-08,32,11638,223025.0,4.92,10.99,0.038
2026-06-08,33,23054,767666.0,4.99,11.14,0.0398
2026-06-08,34,2994,80855.0,5.73,13.3,0.0708
2026-06-08,35,29287,552081.0,6.23,13.82,0.0772
2026-06-08,36,37116,904303.0,5.24,13.63,0.0781
2026-06-08,37,51492,1249543.0,5.45,12.88,0.0653
2026-06-08,38,6237,150354.0,5.4,11.81,0.0499
2026-06-08,39,37256,709426.0,5.82,12.8,0.0624
2026-06-08,40,11803,345147.0,4.34,9.32,0.0225
2026-06-08,41,29789,681922.0,5.76,12.89,0.0621
2026-06-08,42,40244,852875.0,6.21,13.81,0.0766
2026-06-08,43,7074,263945.0,4.67,10.02,0.0268
2026-06-08,44,2471,71882.0,6.59,15.39,0.1074
2026-06-08,45,11579,363056.0,4.98,10.92,0.0371
2026-06-08,46,1276,47634.0,8.63,19.08,0.1919
2026-06-08,47,16243,291260.0,5.61,12.49,0.0583
2026-06-08,48,40917,1723555.0,4.83,11.36,0.0465
2026-06-08,49,26959,709945.0,5.24,11.64,0.047
2026-06-08,50,22777,808747.0,4.84,10.62,0.0367
2026-06-08,51,19694,420663.0,5.39,11.7,0.0442
2026-06-08,52,7385,220998.0,4.23,9.25,0.0224
2026-06-08,53,7856,191369.0,5.47,12.92,0.0626
2026-06-08,54,2808,81572.0,4.45,9.51,0.0243
2026-06-08,55,15335,374691.0,4.78,11.16,0.0414
2026-06-08,56,15914,312813.0,4.91,10.85,0.0316
2026-06-08,57,1459,30789.0,5.16,11.95,0.0513
2026-06-08,58,1888,44052.0,5.93,12.71,0.0576
2026-06-08,59,704,13591.0,5.85,12.84,0.0631
2026-06-08,60,11238,204416.0,5.7,12.6,0.0563
2026-06-08,61,61868,1386303.0,5.82,13.02,0.0662
2026-06-08,62,17484,388835.0,5.86,12.91,0.0627
2026-06-08,63,15702,320092.0,4.83,11.0,0.0363
2026-06-08,64,3667,99225.0,6.42,13.74,0.0753
2026-06-08,65,21854,682006.0,5.72,12.71,0.06
2026-06-08,66,18355,594522.0,5.31,12.16,0.0533
2026-06-08,67,9783,206489.0,4.24,9.18,0.0165
2026-06-08,68,45555,2078707.0,4.46,10.66,0.0387
2026-06-08,69,23849,463663.0,5.76,13.11,0.0667
2026-06-08,70,12109,293589.0,4.37,10.16,0.0284
2026-06-08,71,20643,406613.0,5.66,12.62,0.0596
2026-06-08,72,24702,466799.0,6.27,13.58,0.0738
2026-06-08,73,4983,101684.0,4.34,9.84,0.0206
2026-06-08,74,31888,697008.0,6.1,14.18,0.0849
2026-06-08,75,28698,748334.0,5.59,12.63,0.0589
2026-06-08,76,54458,1019912.0,5.21,11.54,0.044
2026-06-08,77,13482,262868.0,5.6,12.42,0.0562
2026-06-08,78,21854,410506.0,5.48,12.39,0.0563
2026-06-08,79,50778,1667704.0,4.35,9.85,0.0274
2026-06-08,80,35672,962801.0,4.8,11.3,0.0418
2026-06-08,81,14770,275691.0,5.46,11.7,0.0446
2026-06-08,82,36879,702766.0,4.65,10.56,0.033
2026-06-08,83,12136,228453.0,4.53,10.26,0.0269
2026-06-08,84,2607,70967.0,5.9,13.39,0.0713
2026-06-08,85,15741,332778.0,5.41,11.78,0.046
2026-06-08,86,10536,260849.0,6.96,15.96,0.1178
2026-06-08,87,28911,1267220.0,4.6,10.57,0.0344
2026-06-08,88,12687,575952.0,4.69,10.6,0.0317
2026-06-08,89,37584,836618.0,4.79,10.42,0.0315
2026-06-08,90,28643,1138777.0,4.21,9.51,0.0268
2026-06-08,91,24175,493170.0,5.28,11.76,0.049
2026-06-08,92,27996,676335.0,5.04,11.54,0.0478
2026-06-08,93,5321,235044.0,6.86,18.97,0.1664
2026-06-08,94,10308,192068.0,5.6,12.71,0.0596
2026-06-08,95,36842,886466.0,4.81,11.03,0.0387
2026-06-08,96,869,21269.0,5.47,11.74,0.0461
2026-06-08,97,32564,900405.0,5.51,12.57,0.0599
2026-06-08,98,4766,110607.0,4.9,11.06,0.0338
2026-06-08,99,181,4808.0,6.67,14.13,0.0773
2026-06-08,100,22025,1090140.0,5.46,13.28,0.0737
2026-06-08,101,5254,157723.0,5.47,12.1,0.0568
2026-06-08,102,12430,251501.0,5.11,11.43,0.0458
2026-06-08,105,3,108.0,8.18,11.48,0.0
2026-06-08,106,11258,297820.0,4.52,9.4,0.0237
2026-06-08,107,30848,1086535.0,4.32,9.36,0.0232
2026-06-08,108,7371,146075.0,4.24,9.02,0.0128
2026-06-08,109,3940,103395.0,6.12,13.86,0.0813
2026-06-08,110,15,675.0,7.92,15.82,0.1333
2026-06-08,111,277,6753.0,4.35,10.04,0.0253
2026-06-08,112,45179,1218182.0,4.41,10.04,0.0278
2026-06-08,113,23427,852162.0,4.22,9.06,0.0208
2026-06-08,114,25035,923062.0,4.36,9.82,0.0274
2026-06-08,115,4057,81338.0,6.04,13.0,0.0626
2026-06-08,116,20874,466837.0,5.83,13.55,0.0732
2026-06-08,117,8237,227008.0,7.47,16.99,0.1429
2026-06-08,118,5435,141125.0,5.66,13.08,0.066
2026-06-08,119,15288,300611.0,5.46,12.14,0.0498
2026-06-08,120,515,12074.0,5.77,13.92,0.0751
2026-06-08,121,10066,233569.0,4.76,10.56,0.0298
2026-06-08,122,6261,131812.0,5.28,11.59,0.046
2026-06-08,123,15087,273981.0,4.12,8.61,0.0134
2026-06-08,124,8137,193962.0,5.65,12.74,0.0594
2026-06-08,125,15834,661619.0,4.05,8.74,0.0184
2026-06-08,126,14819,284540.0,5.5,12.35,0.0533
2026-06-08,127,19309,427718.0,4.95,11.81,0.0506
2026-06-08,128,1421,32561.0,4.68,10.54,0.04
2026-06-08,129,39071,785281.0,4.61,10.65,0.0371
2026-06-08,130,40118,885285.0,5.11,11.58,0.045
2026-06-08,131,7812,179067.0,4.81,10.43,0.0314
2026-06-08,132,78448,6359445.0,6.06,13.57,0.0734
2026-06-08,133,9311,204703.0,4.39,9.39,0.0192
2026-06-08,134,11892,260216.0,4.49,10.16,0.0306
2026-06-08,135,8531,200839.0,4.61,10.2,0.0242
2026-06-08,136,12059,231394.0,5.41,12.31,0.0551
2026-06-08,137,22329,708629.0,4.94,10.86,0.0349
2026-06-08,138,93512,6421873.0,6.01,14.05,0.0792
2026-06-08,139,10298,216060.0,5.26,11.14,0.0373
2026-06-08,140,24938,824318.0,4.65,10.23,0.0275
2026-06-08,141,28285,949807.0,4.31,8.78,0.0131
2026-06-08,142,27626,1089172.0,4.49,9.54,0.0236
2026-06-08,143,19892,652483.0,4.84,10.14,0.026
2026-06-08,144,29962,1089279.0,4.51,9.8,0.0257
2026-06-08,145,43059,1109388.0,4.41,10.04,0.0277
2026-06-08,146,13001,340740.0,4.05,9.2,0.02
2026-06-08,147,10007,192969.0,5.15,11.93,0.0497
2026-06-08,148,45991,1612903.0,4.61,10.54,0.0338
2026-06-08,149,12312,231080.0,3.99,8.5,0.0126
2026-06-08,150,5635,125153.0,4.37,9.88,0.0274
2026-06-08,151,12042,347104.0,5.03,11.14,0.0402
2026-06-08,152,9637,222938.0,5.78,13.09,0.067
2026-06-08,153,4406,79876.0,5.68,12.44,0.0562
2026-06-08,154,611,18614.0,6.04,14.55,0.0879
2026-06-08,155,14003,319551.0,5.14,11.88,0.0501
2026-06-08,156,6820,136523.0,5.01,11.18,0.0397
2026-06-08,157,15995,350809.0,4.93,10.94,0.0355
2026-06-08,158,25190,998672.0,4.07,8.93,0.0172
2026-06-08,159,22059,427764.0,5.52,12.72,0.0608
2026-06-08,160,11651,244068.0,4.93,10.8,0.0345
2026-06-08,161,52422,2628261.0,4.56,10.7,0.0359
2026-06-08,162,36989,1713691.0,3.99,8.87,0.0172
2026-06-08,163,34255,1718819.0,4.22,9.18,0.0209
2026-06-08,164,41636,1901151.0,4.89,11.52,0.0473
2026-06-08,165,15487,323550.0,4.27,9.18,0.0196
2026-06-08,166,15270,410312.0,4.8,10.94,0.0383
2026-06-08,167,18056,336647.0,5.47,12.3,0.053
2026-06-08,168,32317,677991.0,5.64,12.96,0.0633
2026-06-08,169,23227,430616.0,5.55,12.56,0.0587
2026-06-08,170,39140,1553936.0,4.69,10.61,0.034
2026-06-08,171,10292,212229.0,4.37,9.71,0.0231
2026-06-08,172,3389,84674.0,5.78,13.84,0.0816
2026-06-08,173,13937,267853.0,5.33,12.35,0.0587
2026-06-08,174,21177,426485.0,4.65,10.4,0.0307
2026-06-08,175,3964,99064.0,5.25,11.69,0.0434
2026-06-08,176,1725,44655.0,6.15,14.14,0.0867
2026-06-08,177,21478,435582.0,6.05,13.33,0.0696
2026-06-08,178,5244,99569.0,4.33,9.1,0.0152
2026-06-08,179,17415,396544.0,4.21,9.29,0.0204
2026-06-08,180,9388,178184.0,4.57,9.87,0.0233
2026-06-08,181,46546,1282660.0,4.14,9.44,0.025
2026-06-08,182,12691,252516.0,4.86,10.8,0.0351
2026-06-08,183,7008,140326.0,4.72,10.58,0.0299
2026-06-08,184,1944,46197.0,6.3,15.15,0.1029
2026-06-08,185,15796,328507.0,4.82,10.66,0.0338
2026-06-08,186,21033,937604.0,4.86,11.72,0.0536
2026-06-08,187,3732,75761.0,5.25,11.77,0.0513
2026-06-08,188,36773,804010.0,5.61,12.38,0.0571
2026-06-08,189,17110,473303.0,5.03,11.46,0.0444
2026-06-08,190,3072,78529.0,5.36,11.73,0.0472
2026-06-08,191,14849,323227.0,5.1,11.2,0.0394
2026-06-08,192,6568,145715.0,4.28,9.75,0.0221
2026-06-08,193,9397,237371.0,4.61,10.04,0.0259
2026-06-08,194,842,31722.0,6.81,16.33,0.1252
2026-06-08,195,9415,280985.0,5.05,11.89,0.053
2026-06-08,196,12991,280526.0,4.77,10.62,0.03
2026-06-08,197,21628,421196.0,4.54,10.18,0.0292
2026-06-08,198,30996,715449.0,5.06,11.74,0.0497
2026-06-08,200,10788,298768.0,5.38,11.84,0.0453
2026-06-08,201,4449,145831.0,6.55,15.59,0.1097
2026-06-08,202,2867,91780.0,6.52,13.63,0.0762
2026-06-08,203,9379,188317.0,6.46,13.61,0.0703
2026-06-08,204,1603,47253.0,5.76,13.6,0.0678
2026-06-08,205,20472,420919.0,5.58,12.3,0.0551
2026-06-08,206,11098,220223.0,5.28,12.54,0.0599
2026-06-08,207,682,11399.0,3.8,7.69,0.0073
2026-06-08,208,17421,385067.0,5.05,11.47,0.0446
2026-06-08,209,10146,424233.0,4.94,11.21,0.0413
2026-06-08,210,16295,310912.0,4.14,9.08,0.0197
2026-06-08,211,23988,949895.0,3.99,8.63,0.0148
2026-06-08,212,14019,243377.0,5.09,11.47,0.0411
2026-06-08,213,24601,469749.0,5.39,12.07,0.0501
2026-06-08,214,4365,107492.0,5.2,12.26,0.0575
2026-06-08,215,15199,283773.0,5.23,11.57,0.0454
2026-06-08,216,31638,620087.0,4.22,9.45,0.0214
2026-06-08,217,8433,149027.0,6.35,13.64,0.0731
2026-06-08,218,10305,217879.0,5.32,11.45,0.0403
2026-06-08,219,8600,185756.0,5.6,11.88,0.0442
2026-06-08,220,18431,384412.0,5.07,10.98,0.0384
2026-06-08,221,7031,141522.0,5.6,12.87,0.0618
2026-06-08,222,6111,126817.0,5.73,12.31,0.0542
2026-06-08,223,25225,577462.0,3.83,8.91,0.0221
2026-06-08,224,8548,251807.0,5.67,11.71,0.0484
2026-06-08,225,36971,875393.0,5.92,13.23,0.0692
2026-06-08,226,30620,672878.0,4.43,9.86,0.0238
2026-06-08,227,12643,267317.0,4.63,10.28,0.0268
2026-06-08,228,28858,799672.0,4.92,10.91,0.0388
2026-06-08,229,24091,835154.0,3.93,8.13,0.011
2026-06-08,230,51834,2740681.0,5.16,12.83,0.0648
2026-06-08,231,51392,2079584.0,4.04,8.48,0.0139
2026-06-08,232,18921,569884.0,5.69,12.55,0.0562
2026-06-08,233,23076,832510.0,4.57,9.76,0.0209
2026-06-08,234,44167,1795547.0,4.33,9.64,0.026
2026-06-08,235,19915,383972.0,6.0,13.45,0.0714
2026-06-08,236,30889,1135913.0,4.38,8.89,0.0177
2026-06-08,237,37986,1497860.0,3.89,7.99,0.0114
2026-06-08,238,21696,707933.0,4.68,10.2,0.0275
2026-06-08,239,25790,930796.0,4.5,9.73,0.0258
2026-06-08,240,3950,80127.0,5.91,12.64,0.0533
2026-06-08,241,17882,355222.0,5.22,11.66,0.046
2026-06-08,242,18935,382451.0,4.63,10.44,0.0332
2026-06-08,243,26127,618795.0,5.29,12.45,0.0589
2026-06-08,244,34158,826358.0,5.27,12.76,0.063
2026-06-08,245,4278,92355.0,5.68,12.51,0.0596
2026-06-08,246,48122,2049221.0,4.71,10.5,0.0341
2026-06-08,247,23547,447798.0,5.74,12.79,0.0608
2026-06-08,248,12400,227019.0,5.35,11.78,0.0464
2026-06-08,249,37749,1377104.0,4.21,9.43,0.0243
2026-06-08,250,12596,241102.0,4.63,10.34,0.0308
2026-06-08,251,4264,90596.0,5.19,11.89,0.0483
2026-06-08,252,7248,176090.0,5.35,11.8,0.0446
2026-06-08,253,264,9253.0,5.73,15.61,0.1188
2026-06-08,254,24093,461095.0,5.52,12.03,0.0491
2026-06-08,255,44904,1404075.0,4.47,10.53,0.0343
2026-06-08,256,38849,1124017.0,4.86,11.12,0.0396
2026-06-08,257,7454,190646.0,4.27,9.13,0.0175
2026-06-08,258,16101,338674.0,4.87,10.82,0.0353
2026-06-08,259,17142,337984.0,5.93,12.91,0.0606
2026-06-08,260,23054,447740.0,4.16,9.32,0.0202
2026-06-08,261,16320,781708.0,4.84,10.8,0.0371
2026-06-08,262,14980,471232.0,4.99,10.41,0.0235
2026-06-08,263,23078,754324.0,4.69,9.72,0.0219
2026-06-08,265,246,6017.0,9.24,18.69,0.2218
2026-06-15,2,10,256.0,5.63,14.99,0.1
2026-06-15,3,12061,226650.0,4.51,9.62,0.0224
2026-06-15,4,11823,328049.0,5.04,10.95,0.035
2026-06-15,5,1574,42682.0,5.9,13.12,0.0664
2026-06-15,6,3091,72809.0,5.42,12.56,0.0624
2026-06-15,7,50167,1102853.0,3.94,8.46,0.0138
2026-06-15,8,322,7585.0,3.97,7.89,0.0125
2026-06-15,9,4790,106584.0,4.48,9.6,0.0187
2026-06-15,10,17687,395789.0,4.5,9.65,0.0267
2026-06-15,11,6308,131212.0,4.13,9.04,0.015
2026-06-15,12,664,23967.0,5.05,11.11,0.047
2026-06-15,13,18881,792125.0,4.54,9.55,0.0216
2026-06-15,14,29035,676596.0,4.09,8.69,0.0145
2026-06-15,15,4072,111741.0,5.65,12.7,0.0574
2026-06-15,16,11031,266700.0,4.62,9.99,0.0237
2026-06-15,17,41811,941625.0,5.35,11.82,0.049
2026-06-15,18,24164,453790.0,5.04,11.16,0.0374
2026-06-15,19,4829,118674.0,5.43,11.0,0.0304
2026-06-15,20,14892,291052.0,4.96,11.03,0.0387
2026-06-15,21,13639,266310.0,4.18,9.15,0.0172
2026-06-15,22,18492,358874.0,4.25,9.0,0.0142
2026-06-15,23,8071,202124.0,5.51,12.66,0.0649
2026-06-15,24,5875,157113.0,4.67,10.66,0.0298
2026-06-15,25,28540,833555.0,4.71,10.21,0.0279
2026-06-15,26,27214,502456.0,5.04,10.38,0.0292
2026-06-15,27,900,42712.0,9.32,19.58,0.2309
2026-06-15,28,12960,281964.0,4.66,10.2,0.0259
2026-06-15,29,11478,234963.0,4.18,9.11,0.018
2026-06-15,30,444,11569.0,7.5,17.16,0.1586
2026-06-15,31,2225,57614.0,5.66,12.48,0.0629
2026-06-15,32,12439,245776.0,4.74,10.18,0.0256
2026-06-15,33,23721,777271.0,4.62,10.3,0.0311
2026-06-15,34,4848,155595.0,6.26,15.23,0.1032
2026-06-15,35,30988,584109.0,5.87,12.75,0.0604
2026-06-15,36,41000,1002242.0,4.97,12.18,0.0579
2026-06-15,37,57723,1420527.0,5.13,11.69,0.0491
2026-06-15,38,7645,212900.0,5.69,12.7,0.0587
2026-06-15,39,39999,761493.0,5.47,12.06,0.0498
2026-06-15,40,11920,351903.0,4.15,9.03,0.0212
2026-06-15,41,32669,738760.0,5.66,12.39,0.0556
2026-06-15,42,44996,943391.0,5.99,13.35,0.0703
2026-06-15,43,7234,246354.0,4.41,9.12,0.018
2026-06-15,44,2535,73035.0,6.33,14.94,0.0979
2026-06-15,45,11533,353408.0,4.89,11.47,0.0509
2026-06-15,46,1587,59498.0,9.11,20.86,0.2459
2026-06-15,47,17002,310461.0,5.3,11.38,0.0409
2026-06-15,48,44202,1685886.0,4.25,9.21,0.0198
2026-06-15,49,28418,733453.0,4.7,10.26,0.0282
2026-06-15,50,22121,716111.0,4.43,9.38,0.0227
2026-06-15,51,22013,485040.0,5.35,11.65,0.0436
2026-06-15,52,6993,208506.0,3.95,8.39,0.0144
2026-06-15,53,8050,200079.0,5.38,12.37,0.0562
2026-06-15,54,2858,81145.0,4.31,8.89,0.0207
2026-06-15,55,16490,414990.0,5.01,11.53,0.047
2026-06-15,56,17433,344225.0,4.84,10.51,0.0297
2026-06-15,57,1418,28084.0,4.92,11.63,0.0428
2026-06-15,58,1921,44942.0,5.78,12.78,0.0578
2026-06-15,59,736,13435.0,5.6,12.0,0.0437
2026-06-15,60,11852,215124.0,5.3,11.35,0.0418
2026-06-15,61,68600,1531470.0,5.42,12.12,0.0506
2026-06-15,62,19232,438092.0,5.56,12.18,0.0527
2026-06-15,63,18114,372083.0,4.8,10.82,0.0357
2026-06-15,64,3866,106685.0,6.57,13.89,0.0745
2026-06-15,65,23851,702019.0,5.16,11.23,0.0392
2026-06-15,66,18894,601925.0,5.14,11.5,0.0446
2026-06-15,67,9710,203339.0,4.31,9.21,0.0163
2026-06-15,68,46013,1882434.0,4.12,9.21,0.019
2026-06-15,69,26392,519225.0,5.58,12.44,0.0561
2026-06-15,70,13070,312423.0,4.34,9.85,0.0247
2026-06-15,71,22228,447140.0,5.29,11.53,0.042
2026-06-15,72,26144,497852.0,5.87,12.73,0.0593
2026-06-15,73,5449,115290.0,4.49,9.92,0.0252
2026-06-15,74,34737,727027.0,5.75,12.28,0.0515
2026-06-15,75,28477,728060.0,5.31,11.59,0.0408
2026-06-15,76,60026,1139293.0,5.1,11.14,0.0395
2026-06-15,77,14043,277583.0,5.39,11.8,0.0465
2026-06-15,78,22692,429925.0,5.15,11.32,0.0394
2026-06-15,79,48454,1494408.0,4.1,8.86,0.0173
2026-06-15,80,40674,1110557.0,4.65,11.0,0.0398
2026-06-15,81,15625,295812.0,5.31,11.23,0.0386
2026-06-15,82,39955,766811.0,4.55,10.0,0.0254
2026-06-15,83,12952,242378.0,4.41,9.45,0.0192
2026-06-15,84,2543,69907.0,5.86,12.6,0.0589
2026-06-15,85,16776,359785.0,5.09,10.94,0.0348
2026-06-15,86,11191,278925.0,6.77,14.72,0.0942
2026-06-15,87,28106,1185128.0,4.47,10.08,0.0302
2026-06-15,88,12196,526954.0,4.72,10.37,0.0316
2026-06-15,89,39952,894408.0,4.68,9.86,0.0246
2026-06-15,90,27089,984962.0,3.8,8.16,0.0132
2026-06-15,91,25506,525943.0,5.15,11.34,0.0412
2026-06-15,92,28305,676028.0,4.93,10.99,0.0377
2026-06-15,93,4554,145919.0,5.63,13.94,0.0809
2026-06-15,94,10909,199864.0,5.17,11.38,0.0426
2026-06-15,95,36849,850035.0,4.6,10.04,0.0265
2026-06-15,96,1107,26624.0,5.18,11.45,0.0455
2026-06-15,97,33520,879957.0,4.92,10.93,0.0364
2026-06-15,98,5046,117982.0,4.89,10.85,0.0269
2026-06-15,99,185,4451.0,6.48,13.04,0.0598
2026-06-15,100,24347,1077814.0,4.57,10.51,0.0327
2026-06-15,101,5258,154867.0,5.57,12.2,0.0556
2026-06-15,102,13021,263675.0,4.91,10.84,0.0344
2026-06-15,106,11557,302714.0,4.29,8.87,0.0163
2026-06-15,107,28357,960295.0,3.98,8.19,0.0117
2026-06-15,108,7744,156499.0,4.3,9.18,0.0172
2026-06-15,109,3851,101429.0,5.78,13.26,0.0754
2026-06-15,110,20,732.0,6.74,10.7,0.05
2026-06-15,111,268,6332.0,4.36,10.78,0.0302
2026-06-15,112,48833,1301443.0,4.25,9.37,0.0207
2026-06-15,113,21695,758725.0,3.94,8.14,0.0127
2026-06-15,114,23707,812189.0,4.17,9.01,0.02
2026-06-15,115,4291,87930.0,6.35,13.16,0.0617
2026-06-15,116,23121,513790.0,5.72,13.19,0.0698
2026-06-15,117,9018,248605.0,7.13,15.85,0.1194
2026-06-15,118,5476,141099.0,5.66,12.73,0.0615
2026-06-15,119,17426,400198.0,5.43,12.46,0.0572
2026-06-15,120,574,12235.0,5.37,12.91,0.0602
2026-06-15,121,10725,252888.0,4.79,10.41,0.0271
2026-06-15,122,6778,146703.0,5.21,11.36,0.0423
2026-06-15,123,13940,262963.0,3.99,8.33,0.0121
2026-06-15,124,8477,201569.0,5.54,12.51,0.0576
2026-06-15,125,14676,590121.0,4.16,9.17,0.024
2026-06-15,126,15898,309325.0,5.28,11.71,0.0423
2026-06-15,127,20638,445609.0,4.75,10.76,0.0367
2026-06-15,128,1416,32853.0,4.5,9.9,0.0301
2026-06-15,129,42970,864979.0,4.62,10.25,0.0308
2026-06-15,130,42819,951585.0,4.96,10.94,0.036
2026-06-15,131,8462,200676.0,4.84,10.46,0.0301
2026-06-15,132,84072,6909651.0,5.9,14.24,0.0869
2026-06-15,133,9513,212176.0,4.28,9.23,0.0165
2026-06-15,134,11996,264754.0,4.35,9.47,0.0236
2026-06-15,135,9446,219911.0,4.66,10.02,0.0227
2026-06-15,136,12687,249412.0,5.09,11.36,0.0408
2026-06-15,137,21700,653585.0,4.41,9.38,0.0203
2026-06-15,138,102989,6762516.0,6.81,14.77,0.0943
2026-06-15,139,11117,232444.0,5.23,11.04,0.0373
2026-06-15,140,24125,810386.0,4.35,9.19,0.0165
2026-06-15,141,26406,888388.0,4.03,7.99,0.0085
2026-06-15,142,24463,910352.0,4.28,8.79,0.0149
2026-06-15,143,19553,637617.0,4.38,8.95,0.0153
2026-06-15,144,29236,1029409.0,4.41,9.76,0.0283
2026-06-15,145,45738,1155801.0,4.25,9.17,0.0178
2026-06-15,146,12991,329804.0,3.9,8.28,0.0117
2026-06-15,147,10300,197786.0,4.92,11.03,0.0365
2026-06-15,148,46706,1516686.0,4.61,10.55,0.0352
2026-06-15,149,12583,241396.0,4.03,8.35,0.0136
2026-06-15,150,5912,131387.0,4.35,9.61,0.0237
2026-06-15,151,11785,338884.0,4.7,10.23,0.0272
2026-06-15,152,10661,239839.0,5.61,12.59,0.0583
2026-06-15,153,4934,88877.0,5.38,11.31,0.0427
2026-06-15,154,644,20738.0,5.52,12.63,0.0516
2026-06-15,155,14825,339198.0,5.06,11.41,0.044
2026-06-15,156,7239,148721.0,5.13,11.25,0.0436
2026-06-15,157,16561,348991.0,4.75,10.29,0.027
2026-06-15,158,23986,903930.0,4.06,8.76,0.0145
2026-06-15,159,23339,447188.0,5.27,11.71,0.044
2026-06-15,160,12027,251207.0,4.82,10.21,0.0257
2026-06-15,161,49845,2248246.0,4.33,9.68,0.0227
2026-06-15,162,34982,1485598.0,3.78,7.83,0.0088
2026-06-15,163,32623,1520548.0,4.19,8.47,0.0133
2026-06-15,164,44294,1796207.0,4.28,9.49,0.0236
2026-06-15,165,15603,338132.0,4.23,8.82,0.0159
2026-06-15,166,15690,410714.0,4.64,10.42,0.0349
2026-06-15,167,19051,358257.0,5.27,11.31,0.0394
2026-06-15,168,33414,688571.0,5.4,11.79,0.0449
2026-06-15,169,24075,447623.0,5.25,11.64,0.0468
2026-06-15,170,37768,1367876.0,4.15,8.85,0.0161
2026-06-15,171,10901,227671.0,4.3,9.4,0.0222
2026-06-15,172,3397,83759.0,5.69,13.43,0.0769
2026-06-15,173,14689,282868.0,5.25,11.68,0.046
2026-06-15,174,21791,442655.0,4.47,9.65,0.0201
2026-06-15,175,4156,108387.0,5.27,11.31,0.0363
2026-06-15,176,1850,48608.0,5.87,14.07,0.0801
2026-06-15,177,22885,469515.0,5.68,12.45,0.0555
2026-06-15,178,4865,95194.0,4.2,8.79,0.0108
2026-06-15,179,18467,421887.0,4.21,8.85,0.0145
2026-06-15,180,10020,194132.0,4.47,9.87,0.0253
2026-06-15,181,46727,1269587.0,3.92,8.5,0.0151
2026-06-15,182,13767,276732.0,4.69,10.22,0.0294
2026-06-15,183,7480,154891.0,4.59,10.38,0.0298
2026-06-15,184,2210,55315.0,6.27,16.53,0.123
2026-06-15,185,15975,332613.0,4.64,9.83,0.0255
2026-06-15,186,27076,1079829.0,4.07,9.23,0.0208
2026-06-15,187,4081,84960.0,5.41,11.77,0.0496
2026-06-15,188,39827,882649.0,5.24,11.18,0.0377
2026-06-15,189,17459,471878.0,4.62,9.92,0.0263
2026-06-15,190,4358,109580.0,4.98,11.05,0.0335
2026-06-15,191,16473,363313.0,5.08,10.92,0.0365
2026-06-15,192,7165,160126.0,4.29,9.57,0.0189
2026-06-15,193,9821,231414.0,4.54,9.69,0.0205
2026-06-15,194,1078,40803.0,7.45,16.3,0.1268
2026-06-15,195,10872,330966.0,5.26,12.38,0.0603
2026-06-15,196,14149,303776.0,4.66,10.05,0.0216
2026-06-15,197,23319,468794.0,4.49,9.85,0.0253
2026-06-15,198,31223,717788.0,4.79,10.72,0.0361
2026-06-15,199,2,123.0,13.27,15.52,0.5
2026-06-15,200,10420,281373.0,5.24,10.97,0.0368
2026-06-15,201,5008,157135.0,6.13,14.44,0.0893
2026-06-15,202,3027,98160.0,6.45,13.21,0.0624
2026-06-15,203,10065,208791.0,6.45,13.23,0.0679
2026-06-15,204,1576,47004.0,5.47,12.85,0.0624
2026-06-15,205,22697,473404.0,5.47,11.51,0.0433
2026-06-15,206,12130,242992.0,5.64,12.99,0.0648
2026-06-15,207,1004,15256.0,3.9,7.3,0.009
2026-06-15,208,18058,404954.0,4.9,11.02,0.0377
2026-06-15,209,10175,401405.0,4.88,10.81,0.0383
2026-06-15,210,16807,328008.0,4.09,8.91,0.0178
2026-06-15,211,22784,862740.0,3.9,8.49,0.018
2026-06-15,212,14751,267424.0,4.88,10.48,0.03
2026-06-15,213,26127,507374.0,5.25,11.58,0.0433
2026-06-15,214,4571,113229.0,5.13,12.07,0.0522
2026-06-15,215,16345,311537.0,5.01,10.92,0.0365
2026-06-15,216,33913,673173.0,4.14,9.18,0.0199
2026-06-15,217,9078,160758.0,5.93,12.35,0.0519
2026-06-15,218,11154,235876.0,5.15,10.67,0.0303
2026-06-15,219,9119,199363.0,5.5,11.48,0.0385
2026-06-15,220,19390,410333.0,4.77,10.1,0.0262
2026-06-15,221,7567,152180.0,5.8,13.08,0.069
2026-06-15,222,6719,143018.0,5.81,12.19,0.0568
2026-06-15,223,25901,578235.0,3.75,8.14,0.0111
2026-06-15,224,8532,252786.0,5.25,10.64,0.029
2026-06-15,225,40701,962654.0,5.43,12.08,0.0509
2026-06-15,226,31496,675220.0,4.32,9.16,0.0166
2026-06-15,227,13336,287750.0,4.62,9.97,0.0242
2026-06-15,228,31976,918963.0,4.87,11.12,0.041
2026-06-15,229,23384,791721.0,3.74,7.35,0.0058
2026-06-15,230,50094,2368898.0,4.74,10.89,0.0381
2026-06-15,231,44823,1766844.0,4.06,8.66,0.0187
2026-06-15,232,19025,560025.0,5.5,11.83,0.0469
2026-06-15,233,22933,776343.0,4.15,8.54,0.0117
2026-06-15,234,42300,1565799.0,3.95,8.38,0.0146
2026-06-15,235,21462,408363.0,5.72,12.4,0.0537
2026-06-15,236,26403,960827.0,4.05,8.04,0.0096
2026-06-15,237,32844,1260044.0,3.64,7.32,0.007
2026-06-15,238,20515,672802.0,4.43,9.44,0.0216
2026-06-15,239,24787,878455.0,4.14,8.73,0.0142
2026-06-15,240,4326,87856.0,5.65,11.52,0.0382
2026-06-15,241,19187,384300.0,4.96,10.59,0.0319
2026-06-15,242,19727,401248.0,4.52,9.88,0.0265
2026-06-15,243,27912,641305.0,5.16,11.88,0.0508
2026-06-15,244,36685,866546.0,5.17,12.18,0.0547
2026-06-15,245,4286,89383.0,5.77,12.54,0.0577
2026-06-15,246,46062,1743888.0,4.45,9.43,0.0214
2026-06-15,247,28715,713925.0,5.9,13.32,0.071
2026-06-15,248,13131,245821.0,5.01,10.78,0.0333
2026-06-15,249,36571,1246800.0,4.09,8.89,0.0176
2026-06-15,250,12992,252941.0,4.52,9.83,0.0236
2026-06-15,251,4405,94211.0,5.22,11.41,0.044
2026-06-15,252,7335,179456.0,5.33,11.63,0.0437
2026-06-15,253,270,9188.0,5.73,12.64,0.0706
2026-06-15,254,25963,500532.0,5.21,11.12,0.0386
2026-06-15,255,49262,1481383.0,4.46,10.47,0.033
2026-06-15,256,42025,1187844.0,4.7,10.39,0.0297
2026-06-15,257,7848,211495.0,4.21,9.04,0.0164
2026-06-15,258,17341,365265.0,4.79,10.37,0.0297
2026-06-15,259,18317,368242.0,5.74,11.87,0.0443
2026-06-15,260,24316,465895.0,4.01,8.61,0.0158
2026-06-15,261,15391,675478.0,4.76,10.4,0.0322
2026-06-15,262,14455,451864.0,4.65,9.52,0.0188
2026-06-15,263,21665,709166.0,4.39,8.89,0.0145
2026-06-15,265,295,8243.0,8.78,17.88,0.1615
2026-06-22,2,23,789.0,7.83,16.06,0.1304
2026-06-22,3,11895,227090.0,4.58,9.85,0.0218
2026-06-22,4,12485,333972.0,4.88,10.5,0.027
2026-06-22,5,1592,42673.0,6.03,13.41,0.0702
2026-06-22,6,3010,72160.0,5.14,12.05,0.0521
2026-06-22,7,50759,1108203.0,3.94,8.47,0.0127
2026-06-22,8,239,5460.0,4.12,10.22,0.0422
2026-06-22,9,4728,106686.0,4.48,9.53,0.0205
2026-06-22,10,17401,379932.0,4.64,9.56,0.0228
2026-06-22,11,6039,128851.0,4.1,8.94,0.0146
2026-06-22,12,588,22361.0,4.42,10.29,0.0324
2026-06-22,13,20004,825536.0,4.37,8.9,0.0123
2026-06-22,14,28199,670209.0,3.97,8.37,0.0114
2026-06-22,15,3981,107881.0,5.64,11.96,0.0413
2026-06-22,16,10885,260141.0,4.63,9.99,0.0262
2026-06-22,17,37974,848813.0,5.09,11.15,0.0391
2026-06-22,18,24455,457317.0,4.86,10.72,0.0326
2026-06-22,19,5073,121856.0,5.47,11.34,0.0354
2026-06-22,20,14956,292839.0,4.9,10.81,0.037
2026-06-22,21,13570,271398.0,4.09,8.75,0.0131
2026-06-22,22,18206,357599.0,4.14,8.6,0.0116
2026-06-22,23,8149,205683.0,5.62,12.69,0.0623
2026-06-22,24,6064,156457.0,4.65,10.03,0.0223
2026-06-22,25,27788,810651.0,4.65,10.02,0.0262
2026-06-22,26,24051,462364.0,4.92,10.04,0.0236
2026-06-22,27,567,27135.0,9.9,20.11,0.2351
2026-06-22,28,13198,285939.0,4.71,9.94,0.0217
2026-06-22,29,10949,222691.0,4.04,8.66,0.0147
2026-06-22,30,457,12842.0,8.34,17.16,0.1563
2026-06-22,31,1937,50211.0,5.54,12.71,0.061
2026-06-22,32,12590,248180.0,4.79,10.07,0.0249
2026-06-22,33,23041,755023.0,4.53,9.87,0.0274
2026-06-22,34,3189,84798.0,4.96,10.94,0.039
2026-06-22,35,30284,577901.0,5.84,12.54,0.0547
2026-06-22,36,41928,1013830.0,4.81,11.56,0.049
2026-06-22,37,58469,1433467.0,5.07,11.59,0.0467
2026-06-22,38,6779,168052.0,5.42,11.34,0.04
2026-06-22,39,38530,741271.0,5.38,11.63,0.0441
2026-06-22,40,11458,333379.0,4.18,8.69,0.0152
2026-06-22,41,30622,676624.0,5.26,11.3,0.0379
2026-06-22,42,43526,901747.0,5.78,12.63,0.057
2026-06-22,43,6856,243876.0,4.25,9.11,0.0158
2026-06-22,44,2457,72136.0,6.47,14.51,0.0865
2026-06-22,45,11739,362456.0,4.65,9.99,0.0246
2026-06-22,46,1459,54762.0,8.87,19.29,0.1927
2026-06-22,47,17382,318887.0,5.25,11.1,0.0381
2026-06-22,48,45353,1718428.0,4.37,9.86,0.0267
2026-06-22,49,27158,689881.0,4.57,9.73,0.0242
2026-06-22,50,24166,790474.0,4.49,9.75,0.0248
2026-06-22,51,21045,467387.0,5.36,11.21,0.0368
2026-06-22,52,7119,215755.0,3.96,8.47,0.0148
2026-06-22,53,8460,212618.0,5.48,12.32,0.0557
2026-06-22,54,2848,80521.0,4.3,8.87,0.0136
2026-06-22,55,15531,383722.0,4.68,10.52,0.033
2026-06-22,56,17365,346029.0,4.84,10.23,0.0247
2026-06-22,57,1528,32695.0,5.27,11.48,0.0475
2026-06-22,58,1890,43527.0,5.81,12.96,0.0544
2026-06-22,59,619,11567.0,5.43,11.81,0.046
2026-06-22,60,11838,219942.0,5.32,11.29,0.0409
2026-06-22,61,65546,1447163.0,5.25,11.44,0.0425
2026-06-22,62,17483,401889.0,5.25,11.52,0.0416
2026-06-22,63,17314,359266.0,4.79,10.59,0.0317
2026-06-22,64,3835,105165.0,6.7,14.06,0.0773
2026-06-22,65,22822,664512.0,5.04,10.94,0.0383
2026-06-22,66,19069,603133.0,4.97,11.28,0.0418
2026-06-22,67,9552,198790.0,4.21,8.76,0.0118
2026-06-22,68,48934,2019740.0,4.34,9.91,0.0273
2026-06-22,69,25917,502194.0,5.37,11.91,0.0501
2026-06-22,70,13473,320430.0,4.23,9.37,0.02
2026-06-22,71,21702,437131.0,5.21,11.07,0.0375
2026-06-22,72,25421,487361.0,5.81,12.4,0.0548
2026-06-22,73,5534,114660.0,4.49,9.65,0.0213
2026-06-22,74,33588,705105.0,5.54,11.71,0.0412
2026-06-22,75,29162,737721.0,5.05,10.8,0.0309
2026-06-22,76,57668,1097633.0,5.01,10.68,0.0343
2026-06-22,77,14521,296214.0,5.37,11.66,0.0444
2026-06-22,78,22742,441165.0,5.2,11.59,0.0474
2026-06-22,79,51900,1551494.0,4.13,9.08,0.0161
2026-06-22,80,41597,1126846.0,4.65,11.04,0.0404
2026-06-22,81,15596,286450.0,5.32,11.16,0.0364
2026-06-22,82,39788,778082.0,4.54,9.97,0.0251
2026-06-22,83,13092,248488.0,4.41,9.34,0.0171
2026-06-22,84,2464,67683.0,5.85,12.16,0.0566
2026-06-22,85,16231,350902.0,5.01,10.48,0.0305
2026-06-22,86,10979,266389.0,6.91,14.96,0.0992
2026-06-22,87,28005,1152113.0,4.25,8.94,0.0151
2026-06-22,88,12133,530120.0,4.32,9.13,0.0189
2026-06-22,89,38868,886585.0,4.57,9.5,0.0187
2026-06-22,90,28575,1026707.0,3.91,8.65,0.0183
2026-06-22,91,24862,523450.0,5.07,10.8,0.0346
2026-06-22,92,28165,669022.0,5.02,11.09,0.0407
2026-06-22,93,6418,300457.0,7.91,22.06,0.221
2026-06-22,94,11143,205985.0,5.09,11.07,0.0361
2026-06-22,95,37188,864925.0,4.69,10.48,0.0333
2026-06-22,96,832,20114.0,5.22,11.29,0.0399
2026-06-22,97,31893,847403.0,4.83,10.77,0.0351
2026-06-22,98,5060,120711.0,4.86,10.66,0.027
2026-06-22,99,173,5185.0,6.08,14.36,0.093
2026-06-22,100,25249,1156179.0,4.97,12.14,0.0541
2026-06-22,101,4970,139484.0,5.57,12.33,0.0515
2026-06-22,102,13101,270855.0,4.89,10.47,0.0291
2026-06-22,105,1,29.0,7.22,7.22,0.0
2026-06-22,106,11333,293810.0,4.29,8.81,0.0164
2026-06-22,107,30528,986761.0,3.97,8.2,0.0111
2026-06-22,108,7628,153242.0,4.19,8.99,0.0157
2026-06-22,109,3806,99236.0,5.89,13.63,0.0761
2026-06-22,110,12,421.0,7.48,16.51,0.1667
2026-06-22,111,232,5393.0,4.39,8.94,0.013
2026-06-22,112,49353,1316903.0,4.19,9.27,0.0205
2026-06-22,113,22292,761927.0,3.97,8.57,0.0198
2026-06-22,114,24873,837643.0,4.13,9.4,0.0248
2026-06-22,115,4271,87200.0,6.03,12.95,0.0649
2026-06-22,116,21931,485027.0,5.42,11.97,0.0508
2026-06-22,117,8326,224842.0,7.26,15.93,0.1167
2026-06-22,118,5254,137553.0,5.54,12.48,0.0609
2026-06-22,119,16199,314060.0,5.31,11.47,0.041
2026-06-22,120,520,11168.0,5.25,11.31,0.0388
2026-06-22,121,11759,280706.0,4.88,10.73,0.0288
2026-06-22,122,6531,145484.0,5.15,10.93,0.0354
2026-06-22,123,12350,238653.0,3.84,8.02,0.0075
2026-06-22,124,8320,192929.0,5.54,12.13,0.0532
2026-06-22,125,15430,608548.0,4.04,9.12,0.0233
2026-06-22,126,15830,312875.0,5.22,11.54,0.0424
2026-06-22,127,19577,428048.0,4.58,10.31,0.0306
2026-06-22,128,1414,33274.0,4.33,9.46,0.028
2026-06-22,129,44733,917101.0,4.59,10.17,0.0304
2026-06-22,130,41876,920626.0,4.93,10.7,0.0314
2026-06-22,131,8115,187662.0,4.75,10.09,0.0202
2026-06-22,132,87992,7381853.0,6.2,14.11,0.0818
2026-06-22,133,9442,216417.0,4.24,8.74,0.0126
2026-06-22,134,12087,266540.0,4.34,9.42,0.0189
2026-06-22,135,9197,214076.0,4.61,10.06,0.0232
2026-06-22,136,12751,251339.0,5.01,10.85,0.0358
2026-06-22,137,22832,668824.0,4.33,9.21,0.0182
2026-06-22,138,98737,6598282.0,6.0,13.83,0.075
2026-06-22,139,10758,226929.0,5.23,11.02,0.0355
2026-06-22,140,24983,828323.0,4.39,9.71,0.023
2026-06-22,141,27041,876059.0,3.92,7.76,0.0079
2026-06-22,142,26591,979814.0,4.14,8.5,0.013
2026-06-22,143,19671,622375.0,4.33,8.78,0.0135
2026-06-22,144,30867,1059467.0,4.26,9.12,0.0193
2026-06-22,145,43925,1116806.0,4.05,8.85,0.0151
2026-06-22,146,12405,303537.0,3.89,8.24,0.0112
2026-06-22,147,10458,206101.0,4.83,10.49,0.0307
2026-06-22,148,45739,1461232.0,4.39,10.06,0.0257
2026-06-22,149,11590,220732.0,3.85,7.89,0.0094
2026-06-22,150,5540,121117.0,4.2,9.46,0.0192
2026-06-22,151,12548,347914.0,4.72,9.92,0.0287
2026-06-22,152,10151,228754.0,5.48,12.02,0.0476
2026-06-22,153,4695,84476.0,5.06,10.83,0.0323
2026-06-22,154,593,17499.0,5.46,11.85,0.0405
2026-06-22,155,14006,323140.0,5.01,10.74,0.0327
2026-06-22,156,7162,142954.0,5.1,11.07,0.0402
2026-06-22,157,19786,497670.0,5.1,11.67,0.0434
2026-06-22,158,26299,975653.0,4.05,9.05,0.0188
2026-06-22,159,23075,444270.0,5.06,11.18,0.0395
2026-06-22,160,12153,257149.0,4.86,10.07,0.0234
2026-06-22,161,53229,2450629.0,4.29,9.97,0.0266
2026-06-22,162,36919,1617214.0,3.73,8.01,0.0113
2026-06-22,163,35071,1634963.0,3.95,8.46,0.015
2026-06-22,164,42565,1765344.0,4.5,10.66,0.0355
2026-06-22,165,13999,305477.0,4.11,8.53,0.0116
2026-06-22,166,16501,431522.0,4.59,10.12,0.0267
2026-06-22,167,19055,364490.0,5.14,10.92,0.0335
2026-06-22,168,32905,685728.0,5.22,11.42,0.0393
2026-06-22,169,24345,455041.0,5.22,11.46,0.0408
2026-06-22,170,39269,1433638.0,4.25,9.38,0.0231
2026-06-22,171,10829,226877.0,4.33,9.45,0.0216
2026-06-22,172,3328,83385.0,5.51,12.86,0.0669
2026-06-22,173,15000,298438.0,5.23,11.36,0.0447
2026-06-22,174,22446,456478.0,4.48,9.7,0.0245
2026-06-22,175,4267,112888.0,5.33,11.32,0.0331
2026-06-22,176,1821,46580.0,5.96,12.63,0.0556
2026-06-22,177,21797,446404.0,5.58,12.15,0.0518
2026-06-22,178,3877,78595.0,4.12,8.44,0.0081
2026-06-22,179,18614,418683.0,4.17,8.76,0.0146
2026-06-22,180,9724,187924.0,4.48,9.7,0.0218
2026-06-22,181,45939,1270457.0,3.87,8.34,0.0164
2026-06-22,182,13164,266673.0,4.68,10.03,0.0245
2026-06-22,183,7360,147817.0,4.62,9.93,0.0264
2026-06-22,184,1671,40859.0,5.84,15.06,0.0999
2026-06-22,185,16078,334524.0,4.67,10.13,0.0255
2026-06-22,186,27721,1185699.0,4.55,11.42,0.0473
2026-06-22,187,4007,82786.0,5.25,11.32,0.0394
2026-06-22,188,37415,836903.0,5.12,10.92,0.0341
2026-06-22,189,17169,461463.0,4.42,9.48,0.0221
2026-06-22,190,3050,76844.0,4.68,10.44,0.0311
2026-06-22,191,15948,357127.0,5.01,10.68,0.0323
2026-06-22,192,7380,167196.0,4.4,9.56,0.0195
2026-06-22,193,9382,221874.0,4.5,9.46,0.0184
2026-06-22,194,1420,53450.0,7.62,16.22,0.1245
2026-06-22,195,9224,273904.0,5.08,11.41,0.0431
2026-06-22,196,13956,302243.0,4.69,9.7,0.0202
2026-06-22,197,23908,479662.0,4.55,9.81,0.0232
2026-06-22,198,32138,738336.0,4.73,10.55,0.0338
2026-06-22,199,2,82.0,13.53,16.25,0.5
2026-06-22,200,10043,263694.0,5.26,11.06,0.0359
2026-06-22,201,4215,132960.0,6.69,15.33,0.1066
2026-06-22,202,2933,98889.0,6.44,13.29,0.0616
2026-06-22,203,10095,208334.0,6.56,13.12,0.0627
2026-06-22,204,1455,42680.0,5.71,13.49,0.0674
2026-06-22,205,22154,455563.0,5.56,11.71,0.0477
2026-06-22,206,11155,223003.0,5.42,12.83,0.0645
2026-06-22,207,1084,15819.0,3.86,7.22,0.0074
2026-06-22,208,17645,396863.0,4.87,10.72,0.0329
2026-06-22,209,10264,400747.0,4.62,9.67,0.0197
2026-06-22,210,16573,322485.0,4.07,8.64,0.0147
2026-06-22,211,24112,899207.0,3.84,8.24,0.0137
2026-06-22,212,14538,266172.0,4.79,10.24,0.026
2026-06-22,213,25187,490981.0,5.22,11.1,0.0347
2026-06-22,214,4339,109071.0,5.05,11.87,0.0505
2026-06-22,215,16205,315197.0,5.16,10.99,0.0355
2026-06-22,216,34301,682829.0,4.18,8.93,0.0167
2026-06-22,217,8098,148963.0,5.72,12.08,0.0486
2026-06-22,218,11153,237901.0,5.26,10.73,0.0308
2026-06-22,219,9314,200551.0,5.57,11.26,0.0343
2026-06-22,220,18968,399699.0,4.64,9.7,0.0207
2026-06-22,221,7049,144068.0,5.62,12.81,0.0595
2026-06-22,222,6459,136363.0,5.65,11.63,0.045
2026-06-22,223,26419,587729.0,3.78,8.25,0.0136
2026-06-22,224,8821,250470.0,5.14,10.22,0.0221
2026-06-22,225,38940,900321.0,5.26,11.36,0.0421
2026-06-22,226,32262,701307.0,4.26,9.03,0.0146
2026-06-22,227,13235,284963.0,4.44,9.58,0.0201
2026-06-22,228,28566,772203.0,4.66,10.16,0.0316
2026-06-22,229,23712,824471.0,3.64,7.35,0.0058
2026-06-22,230,57811,2789970.0,4.63,11.16,0.0415
2026-06-22,231,46463,1800475.0,3.87,7.98,0.0105
2026-06-22,232,18743,537185.0,5.35,11.59,0.0419
2026-06-22,233,23769,795899.0,4.17,8.63,0.0138
2026-06-22,234,42559,1570398.0,4.0,8.86,0.02
2026-06-22,235,21711,420624.0,5.67,12.16,0.0522
2026-06-22,236,27497,961210.0,3.97,7.87,0.0076
2026-06-22,237,33658,1295411.0,3.53,7.03,0.0053
2026-06-22,238,21042,661550.0,4.28,9.16,0.0167
2026-06-22,239,25923,866382.0,4.09,8.55,0.012
2026-06-22,240,4006,79952.0,5.57,11.58,0.0427
2026-06-22,241,19942,402603.0,4.91,10.25,0.0254
2026-06-22,242,20309,422171.0,4.54,9.88,0.0257
2026-06-22,243,26544,610933.0,4.96,11.36,0.043
2026-06-22,244,36230,869924.0,5.03,11.87,0.0523
2026-06-22,245,4359,95024.0,5.75,12.71,0.0656
2026-06-22,246,50772,1952066.0,4.63,9.97,0.027
2026-06-22,247,24963,469063.0,5.45,11.59,0.0441
2026-06-22,248,12961,244688.0,5.0,10.71,0.0322
2026-06-22,249,39078,1319154.0,4.15,9.36,0.0221
2026-06-22,250,13127,257126.0,4.52,9.59,0.0214
2026-06-22,251,4287,92102.0,5.22,11.32,0.0402
2026-06-22,252,7178,176170.0,5.39,11.6,0.0379
2026-06-22,253,310,11393.0,5.77,17.08,0.1234
2026-06-22,254,25595,491828.0,5.32,11.26,0.0394
2026-06-22,255,47118,1390810.0,4.21,9.55,0.0228
2026-06-22,256,40392,1115344.0,4.43,9.78,0.0223
2026-06-22,257,7684,205807.0,4.12,8.34,0.0119
2026-06-22,258,17349,369435.0,4.75,10.26,0.0275
2026-06-22,259,18142,363693.0,5.9,12.14,0.0498
2026-06-22,260,24250,468175.0,3.96,8.41,0.0125
2026-06-22,261,16165,715711.0,4.52,9.5,0.0212
2026-06-22,262,14642,449394.0,4.62,9.22,0.0138
2026-06-22,263,22289,699773.0,4.32,8.63,0.0111
2026-06-22,265,278,7089.0,8.32,16.72,0.1493
2026-06-29,2,20,733.0,8.65,17.07,0.15
2026-06-29,3,11575,211788.0,4.44,9.43,0.0208
2026-06-29,4,11075,286540.0,4.67,10.12,0.0267
2026-06-29,5,1583,42969.0,6.2,14.03,0.0823
2026-06-29,6,3084,71247.0,5.51,12.51,0.0602
2026-06-29,7,51280,1076405.0,3.85,8.43,0.0154
2026-06-29,8,410,8419.0,4.14,9.88,0.0221
2026-06-29,9,4187,93147.0,4.57,9.59,0.0232
2026-06-29,10,16498,355281.0,4.56,9.85,0.0264
2026-06-29,11,6012,124246.0,4.18,8.94,0.0183
2026-06-29,12,964,34525.0,4.87,10.66,0.0438
2026-06-29,13,16835,648342.0,4.12,8.47,0.014
2026-06-29,14,26836,604175.0,4.02,8.48,0.0121
2026-06-29,15,3683,94532.0,5.66,12.39,0.0535
2026-06-29,16,9636,227956.0,4.54,10.03,0.027
2026-06-29,17,36821,800126.0,4.95,10.66,0.0334
2026-06-29,18,23606,433442.0,4.9,10.58,0.0307
2026-06-29,19,4449,104330.0,5.5,11.04,0.0338
2026-06-29,20,13353,251430.0,4.64,10.04,0.0259
2026-06-29,21,13715,268926.0,4.19,9.18,0.0186
2026-06-29,22,18854,361608.0,4.24,9.12,0.0172
2026-06-29,23,7158,175361.0,5.55,12.67,0.0594
2026-06-29,24,5934,150428.0,4.53,10.17,0.0294
2026-06-29,25,25654,710919.0,4.45,9.55,0.0241
2026-06-29,26,19509,369129.0,4.67,9.72,0.0235
2026-06-29,27,1602,78281.0,9.77,22.16,0.2967
2026-06-29,28,12029,251318.0,4.52,9.76,0.0178
2026-06-29,29,11722,242477.0,4.24,9.42,0.023
2026-06-29,30,644,18231.0,7.92,19.49,0.1921
2026-06-29,31,1756,38277.0,5.03,11.21,0.0316
2026-06-29,32,12094,232930.0,4.63,9.8,0.0205
2026-06-29,33,21072,682057.0,4.42,9.98,0.033
2026-06-29,34,3026,81107.0,4.79,11.65,0.0523
2026-06-29,35,30709,568682.0,5.52,12.2,0.0513
2026-06-29,36,39732,901325.0,4.8,11.51,0.0486
2026-06-29,37,55456,1290267.0,4.89,10.97,0.0382
2026-06-29,38,6520,158333.0,5.35,11.47,0.043
2026-06-29,39,38868,718342.0,5.16,11.32,0.0436
2026-06-29,40,10375,285015.0,4.07,8.45,0.0153
2026-06-29,41,30700,646043.0,5.07,11.0,0.0362
2026-06-29,42,42332,847874.0,5.51,12.07,0.0498
2026-06-29,43,6358,189069.0,4.23,8.97,0.0149
2026-06-29,44,2441,66281.0,6.53,15.43,0.1085
2026-06-29,45,11669,335908.0,4.4,10.07,0.0318
2026-06-29,46,1485,53742.0,8.63,20.13,0.2106
2026-06-29,47,16007,281847.0,5.08,10.65,0.0333
2026-06-29,48,41586,1423797.0,3.92,8.61,0.0179
2026-06-29,49,26047,625049.0,4.39,9.5,0.0226
2026-06-29,50,24338,738263.0,4.37,9.38,0.0233
2026-06-29,51,20280,426259.0,5.24,11.2,0.0378
2026-06-29,52,6517,185431.0,3.83,8.25,0.0191
2026-06-29,53,7849,188749.0,5.46,12.3,0.0554
2026-06-29,54,2527,69481.0,4.19,8.91,0.0222
2026-06-29,55,16836,440062.0,5.05,12.63,0.067
2026-06-29,56,16621,321198.0,4.64,9.76,0.0199
2026-06-29,57,1360,26418.0,4.8,10.37,0.0267
2026-06-29,58,1947,44192.0,5.97,13.9,0.0826
2026-06-29,59,771,14150.0,5.93,13.78,0.0854
2026-06-29,60,11290,204861.0,5.21,10.84,0.0343
2026-06-29,61,64807,1377857.0,5.1,11.19,0.0394
2026-06-29,62,17558,384380.0,5.21,11.35,0.0373
2026-06-29,63,16412,331252.0,4.68,10.46,0.034
2026-06-29,64,3242,86703.0,6.5,13.83,0.0731
2026-06-29,65,22882,663715.0,4.89,10.91,0.0404
2026-06-29,66,17892,555838.0,4.76,10.97,0.0425
2026-06-29,67,8980,180155.0,4.23,9.26,0.0194
2026-06-29,68,41669,1542142.0,3.82,8.4,0.0148
2026-06-29,69,24668,473799.0,5.28,11.8,0.048
2026-06-29,70,12202,276668.0,4.26,9.32,0.019
2026-06-29,71,21769,421118.0,5.08,10.95,0.0365
2026-06-29,72,24933,461430.0,5.56,12.05,0.0492
2026-06-29,73,5176,106934.0,4.52,9.57,0.0175
2026-06-29,74,33621,673241.0,5.34,11.29,0.0368
2026-06-29,75,27897,676349.0,4.95,10.56,0.0264
2026-06-29,76,57521,1078912.0,4.9,10.64,0.0339
2026-06-29,77,13340,254696.0,5.06,11.27,0.0387
2026-06-29,78,21856,403472.0,4.91,10.63,0.0334
2026-06-29,79,44107,1243818.0,3.61,7.71,0.0099
2026-06-29,80,36341,906277.0,4.37,9.95,0.0296
2026-06-29,81,14951,270607.0,5.3,11.12,0.0389
2026-06-29,82,39433,737773.0,4.33,9.4,0.0202
2026-06-29,83,12890,234434.0,4.29,9.14,0.0157
2026-06-29,84,2377,63458.0,6.01,13.85,0.0775
2026-06-29,85,16441,337701.0,4.86,10.24,0.0273
2026-06-29,86,11495,269542.0,7.04,16.13,0.1212
2026-06-29,87,24232,1009606.0,4.2,9.38,0.0227
2026-06-29,88,11630,472793.0,4.35,9.81,0.0304
2026-06-29,89,38045,837302.0,4.52,9.49,0.0208
2026-06-29,90,24924,814863.0,3.43,7.16,0.0065
2026-06-29,91,24495,493945.0,4.91,10.44,0.0325
2026-06-29,92,27409,611327.0,4.77,10.58,0.0309
2026-06-29,93,2512,59484.0,5.35,11.77,0.0464
2026-06-29,94,10800,195514.0,4.94,10.74,0.0326
2026-06-29,95,32832,719211.0,4.41,9.45,0.0181
2026-06-29,96,877,20035.0,5.29,11.72,0.0509
2026-06-29,97,30759,762323.0,4.61,10.07,0.0293
2026-06-29,98,4504,102275.0,4.83,10.59,0.0285
2026-06-29,99,142,3322.0,6.3,12.86,0.0709
2026-06-29,100,24136,931239.0,4.15,9.67,0.0262
2026-06-29,101,4671,129298.0,5.67,12.42,0.0587
2026-06-29,102,12406,250055.0,4.68,9.91,0.0241
2026-06-29,105,1,37.0,7.83,7.83,0.0
2026-06-29,106,10879,266003.0,4.26,8.55,0.0137
2026-06-29,107,25643,782645.0,3.63,7.44,0.0075
2026-06-29,108,7454,147353.0,4.18,8.93,0.0171
2026-06-29,109,3692,92912.0,5.95,14.13,0.0843
2026-06-29,110,20,396.0,7.28,17.37,0.15
2026-06-29,111,234,5247.0,4.17,9.16,0.0258
2026-06-29,112,44928,1135685.0,3.98,8.64,0.018
2026-06-29,113,19624,628453.0,3.56,7.23,0.0066
2026-06-29,114,20804,643068.0,3.51,7.36,0.0091
2026-06-29,115,4073,82435.0,5.98,12.98,0.0626
2026-06-29,116,22746,486702.0,5.33,12.29,0.0543
2026-06-29,117,10643,289941.0,7.18,16.85,0.136
2026-06-29,118,5202,130555.0,5.66,13.61,0.0777
2026-06-29,119,16658,366826.0,5.22,11.59,0.0442
2026-06-29,120,561,10897.0,5.46,12.1,0.0525
2026-06-29,121,9773,224725.0,4.8,10.42,0.0231
2026-06-29,122,6507,137902.0,5.05,10.76,0.037
2026-06-29,123,11689,217533.0,3.85,7.96,0.0118
2026-06-29,124,8025,189424.0,5.5,12.86,0.0626
2026-06-29,125,13080,488355.0,3.68,7.8,0.0133
2026-06-29,126,15585,291082.0,5.02,11.07,0.0384
2026-06-29,127,18313,392193.0,4.52,10.09,0.0286
2026-06-29,128,1393,30379.0,4.32,9.54,0.021
2026-06-29,129,42613,843331.0,4.47,9.81,0.0263
2026-06-29,130,40913,870358.0,4.7,10.4,0.031
2026-06-29,131,7572,170891.0,4.67,9.92,0.0214
2026-06-29,132,76310,6126065.0,5.63,13.61,0.076
2026-06-29,133,8412,185182.0,4.2,8.61,0.0109
2026-06-29,134,11215,242983.0,4.24,9.18,0.0167
2026-06-29,135,7825,177014.0,4.62,9.91,0.0179
2026-06-29,136,12132,233752.0,4.87,10.74,0.0335
2026-06-29,137,20817,582732.0,4.04,8.73,0.0167
2026-06-29,138,74231,4486934.0,5.28,12.1,0.0425
2026-06-29,139,10745,226910.0,5.27,11.38,0.0457
2026-06-29,140,23305,737610.0,4.21,8.95,0.0148
2026-06-29,141,23757,740339.0,3.86,7.48,0.0042
2026-06-29,142,24629,839781.0,3.84,7.83,0.0091
2026-06-29,143,17420,528589.0,4.11,8.21,0.0104
2026-06-29,144,27243,855960.0,3.83,7.99,0.01
2026-06-29,145,44955,1098311.0,4.04,9.12,0.0248
2026-06-29,146,13461,315093.0,3.84,8.35,0.0124
2026-06-29,147,10023,195002.0,4.85,10.63,0.0317
2026-06-29,148,39955,1186604.0,3.86,8.56,0.0178
2026-06-29,149,11406,213104.0,3.92,8.18,0.0125
2026-06-29,150,5752,130322.0,4.45,10.39,0.0335
2026-06-29,151,11652,310772.0,4.57,9.86,0.0251
2026-06-29,152,10669,229910.0,5.38,12.08,0.0505
2026-06-29,153,4733,84182.0,5.03,10.7,0.0284
2026-06-29,154,486,14921.0,5.72,12.53,0.0621
2026-06-29,155,13728,308579.0,5.07,11.51,0.046
2026-06-29,156,7302,144465.0,5.16,11.73,0.0499
2026-06-29,157,15734,326129.0,4.61,9.81,0.0216
2026-06-29,158,20893,712785.0,3.64,7.93,0.0118
2026-06-29,159,22546,419559.0,4.95,10.98,0.0376
2026-06-29,160,11325,230444.0,4.62,9.91,0.0209
2026-06-29,161,45304,1764798.0,3.64,7.94,0.0113
2026-06-29,162,31124,1200004.0,3.42,7.02,0.0049
2026-06-29,163,29869,1243745.0,3.55,7.37,0.0069
2026-06-29,164,40858,1440076.0,3.74,8.22,0.0137
2026-06-29,165,12586,267077.0,4.03,8.43,0.0116
2026-06-29,166,16243,412347.0,4.43,9.85,0.0277
2026-06-29,167,18496,346511.0,5.05,10.77,0.0367
2026-06-29,168,32260,646744.0,5.16,11.21,0.0399
2026-06-29,169,23823,432568.0,4.98,10.79,0.0332
2026-06-29,170,34507,1101908.0,3.77,7.98,0.0097
2026-06-29,171,10574,212112.0,4.23,9.21,0.018
2026-06-29,172,3218,75869.0,5.82,13.99,0.0791
2026-06-29,173,14149,268951.0,5.02,10.88,0.0356
2026-06-29,174,21256,422669.0,4.36,9.35,0.0188
2026-06-29,175,3563,92132.0,5.26,11.69,0.0367
2026-06-29,176,1801,46889.0,6.02,13.85,0.0792
2026-06-29,177,21736,431763.0,5.31,11.55,0.0451
2026-06-29,178,3604,70047.0,4.01,8.14,0.0095
2026-06-29,179,18577,404388.0,4.11,8.87,0.016
2026-06-29,180,9455,183474.0,4.45,9.78,0.0264
2026-06-29,181,41344,1059133.0,3.83,8.2,0.0152
2026-06-29,182,12682,251856.0,4.48,9.23,0.0154
2026-06-29,183,6953,137505.0,4.54,10.16,0.0289
2026-06-29,184,2403,59560.0,6.43,18.26,0.1532
2026-06-29,185,15211,309930.0,4.48,9.52,0.0188
2026-06-29,186,23812,933564.0,3.84,8.91,0.0195
2026-06-29,187,3912,76951.0,5.15,11.73,0.0485
2026-06-29,188,36972,793411.0,4.99,10.65,0.0321
2026-06-29,189,15858,401081.0,4.32,9.36,0.0207
2026-06-29,190,2777,62822.0,4.66,10.55,0.0327
2026-06-29,191,14897,321213.0,4.91,10.7,0.0335
2026-06-29,192,6655,143204.0,4.21,9.08,0.0141
2026-06-29,193,8932,198991.0,4.54,9.93,0.0256
2026-06-29,194,704,22663.0,8.23,18.49,0.176
2026-06-29,195,9783,284220.0,4.98,11.39,0.0444
2026-06-29,196,13342,278886.0,4.52,9.39,0.0156
2026-06-29,197,22797,444000.0,4.45,9.65,0.0233
2026-06-29,198,31806,699160.0,4.6,10.17,0.0306
2026-06-29,200,8834,221568.0,5.21,11.22,0.0399
2026-06-29,201,6603,223230.0,6.67,17.08,0.139
2026-06-29,202,3034,95831.0,6.55,14.07,0.0832
2026-06-29,203,9901,204453.0,6.47,13.56,0.0732
2026-06-29,204,1473,42706.0,5.8,14.25,0.0862
2026-06-29,205,21882,444828.0,5.37,11.48,0.0434
2026-06-29,206,11236,221448.0,5.41,12.8,0.066
2026-06-29,207,1033,15754.0,3.93,7.17,0.0039
2026-06-29,208,16854,367395.0,4.82,11.29,0.0447
2026-06-29,209,8927,337691.0,4.46,10.03,0.0318
2026-06-29,210,16072,306785.0,4.07,8.87,0.0206
2026-06-29,211,21091,731799.0,3.46,7.38,0.0069
2026-06-29,212,13926,249252.0,4.76,9.98,0.0232
2026-06-29,213,24983,469364.0,5.1,10.87,0.035
2026-06-29,214,4439,108176.0,5.18,12.63,0.0617
2026-06-29,215,15798,295104.0,4.89,10.46,0.0319
2026-06-29,216,33275,650620.0,4.14,9.16,0.0223
2026-06-29,217,5987,106485.0,5.16,10.35,0.0274
2026-06-29,218,10731,224857.0,5.17,11.01,0.0365
2026-06-29,219,9248,201342.0,5.54,11.4,0.0397
2026-06-29,220,17557,352348.0,4.55,9.89,0.0223
2026-06-29,221,7784,155360.0,5.62,12.69,0.061
2026-06-29,222,6284,124927.0,5.32,11.56,0.0443
2026-06-29,223,25831,550153.0,3.7,8.11,0.0142
2026-06-29,224,8338,233424.0,4.98,9.84,0.0236
2026-06-29,225,38497,859996.0,5.19,11.32,0.0406
2026-06-29,226,30595,633498.0,4.27,8.89,0.0146
2026-06-29,227,13590,278213.0,4.59,9.89,0.0234
2026-06-29,228,27354,659589.0,4.74,10.15,0.0285
2026-06-29,229,21245,675455.0,3.57,7.08,0.0039
2026-06-29,230,54367,2299180.0,4.08,9.59,0.0243
2026-06-29,231,38393,1414214.0,3.66,7.56,0.009
2026-06-29,232,18791,533043.0,5.19,11.63,0.0474
2026-06-29,233,22444,700320.0,3.95,7.94,0.0065
2026-06-29,234,37538,1213921.0,3.51,7.32,0.007
2026-06-29,235,21512,404129.0,5.5,11.79,0.0465
2026-06-29,236,22827,766306.0,3.87,7.81,0.0077
2026-06-29,237,27434,960734.0,3.42,6.81,0.0036
2026-06-29,238,19006,567843.0,4.14,8.74,0.0147
2026-06-29,239,23044,721184.0,3.91,8.03,0.0087
2026-06-29,240,3869,75993.0,5.54,11.82,0.0463
2026-06-29,241,17847,348548.0,4.87,10.3,0.0288
2026-06-29,242,18045,359451.0,4.34,9.42,0.0227
2026-06-29,243,25220,555580.0,4.78,10.81,0.035
2026-06-29,244,36230,828165.0,4.79,11.15,0.0414
2026-06-29,245,3756,76780.0,5.6,12.22,0.0551
2026-06-29,246,44691,1587842.0,4.34,9.61,0.028
2026-06-29,247,28503,650334.0,5.64,12.52,0.0583
2026-06-29,248,12526,231254.0,4.73,10.01,0.023
2026-06-29,249,32709,1022645.0,3.53,7.4,0.0091
2026-06-29,250,12171,228903.0,4.34,9.31,0.0157
2026-06-29,251,4298,90603.0,5.08,10.94,0.0426
2026-06-29,252,6814,161403.0,5.25,11.63,0.045
2026-06-29,253,208,5504.0,5.23,11.6,0.0386
2026-06-29,254,25299,473313.0,5.21,10.95,0.0344
2026-06-29,255,45449,1269539.0,3.94,9.17,0.0231
2026-06-29,256,37574,999610.0,4.19,9.37,0.0242
2026-06-29,257,6671,170898.0,4.03,8.26,0.0088
2026-06-29,258,16197,335662.0,4.68,10.31,0.0289
2026-06-29,259,17428,337754.0,5.8,11.87,0.045
2026-06-29,260,23570,438878.0,3.88,8.27,0.0097
2026-06-29,261,14759,604661.0,4.41,9.73,0.0255
2026-06-29,262,12956,382764.0,4.48,8.91,0.0105
2026-06-29,263,20623,612591.0,4.22,8.35,0.009
2026-06-29,265,297,7430.0,8.36,16.26,0.1263
2026-07-06,1,1,46.0,,,
2026-07-06,2,15,525.0,6.03,22.42,0.2
2026-07-06,3,11502,208272.0,4.41,9.25,0.0193
2026-07-06,4,12082,290767.0,4.38,9.38,0.0156
2026-07-06,5,1483,41671.0,6.11,13.85,0.0732
2026-07-06,6,2958,71235.0,5.38,11.99,0.0473
2026-07-06,7,46821,969240.0,3.74,7.96,0.0092
2026-07-06,8,295,5906.0,3.91,8.22,0.0068
2026-07-06,9,4499,100230.0,4.33,9.57,0.0201
2026-07-06,10,16498,350378.0,4.55,9.77,0.0232
2026-07-06,11,6166,124779.0,4.12,9.13,0.0165
2026-07-06,12,721,24589.0,4.35,8.61,0.0126
2026-07-06,13,19510,735617.0,3.96,7.92,0.0075
2026-07-06,14,26145,583297.0,3.87,8.02,0.0075
2026-07-06,15,3707,96512.0,5.55,12.15,0.0466
2026-07-06,16,10191,235375.0,4.45,9.87,0.0231
2026-07-06,17,37419,805316.0,4.73,10.0,0.0243
2026-07-06,18,23466,421499.0,4.66,10.2,0.0229
2026-07-06,19,4653,108017.0,5.33,11.15,0.0355
2026-07-06,20,13832,256815.0,4.41,9.82,0.0216
2026-07-06,21,12906,245929.0,4.08,8.86,0.0143
2026-07-06,22,17971,342089.0,4.13,8.71,0.0134
2026-07-06,23,7246,172337.0,5.47,12.51,0.0587
2026-07-06,24,6057,142427.0,4.11,8.87,0.0146
2026-07-06,25,26154,709991.0,4.3,9.17,0.0183
2026-07-06,26,18562,350714.0,4.55,9.54,0.0181
2026-07-06,27,694,31237.0,9.86,19.58,0.214
2026-07-06,28,12550,260961.0,4.57,9.66,0.0175
2026-07-06,29,11266,219281.0,4.08,8.77,0.0137
2026-07-06,30,387,10026.0,7.3,15.73,0.1263
2026-07-06,31,1875,44860.0,4.79,10.5,0.0306
2026-07-06,32,12033,226714.0,4.55,9.7,0.0176
2026-07-06,33,22092,677164.0,4.18,9.01,0.0182
2026-07-06,34,3736,95769.0,4.35,9.85,0.0267
2026-07-06,35,28592,520176.0,5.54,11.97,0.0472
2026-07-06,36,36473,812798.0,4.5,10.59,0.0339
2026-07-06,37,52771,1206343.0,4.62,10.32,0.0296
2026-07-06,38,6047,142301.0,5.25,11.26,0.04
2026-07-06,39,37055,671692.0,5.18,11.31,0.0423
2026-07-06,40,10913,296509.0,3.92,8.04,0.0109
2026-07-06,41,32357,682046.0,4.65,9.94,0.0226
2026-07-06,42,44616,895860.0,5.15,11.17,0.0357
2026-07-06,43,6866,215778.0,3.94,8.09,0.0104
2026-07-06,44,2352,65795.0,6.26,14.36,0.0879
2026-07-06,45,11988,333757.0,4.12,8.81,0.0133
2026-07-06,46,1289,46540.0,8.86,19.97,0.2129
2026-07-06,47,16003,275543.0,4.8,10.24,0.0251
2026-07-06,48,42760,1449924.0,3.76,8.08,0.0118
2026-07-06,49,27353,653266.0,4.25,8.94,0.0163
2026-07-06,50,24812,724185.0,4.1,8.59,0.0152
2026-07-06,51,19888,417061.0,5.34,11.26,0.0394
2026-07-06,52,6779,185710.0,3.73,7.82,0.0085
2026-07-06,53,8043,194992.0,5.53,12.45,0.0568
2026-07-06,54,2434,66005.0,4.06,8.15,0.0105
2026-07-06,55,14723,347111.0,4.76,10.49,0.0332
2026-07-06,56,16153,304934.0,4.62,9.69,0.0222
2026-07-06,57,1445,28851.0,5.04,10.89,0.0406
2026-07-06,58,1835,42872.0,5.83,12.27,0.0491
2026-07-06,59,627,11821.0,5.09,10.24,0.0243
2026-07-06,60,10916,189965.0,4.99,10.38,0.0273
2026-07-06,61,60966,1274861.0,4.86,10.59,0.03
2026-07-06,62,16217,351734.0,4.95,10.38,0.0287
2026-07-06,63,16305,317846.0,4.64,10.21,0.0243
2026-07-06,64,3555,92076.0,6.31,13.48,0.0672
2026-07-06,65,21871,592287.0,4.59,10.02,0.0246
2026-07-06,66,18163,544431.0,4.41,9.54,0.0227
2026-07-06,67,8837,177770.0,4.13,8.63,0.0115
2026-07-06,68,46851,1710424.0,3.63,7.98,0.01
2026-07-06,69,25721,538140.0,5.09,11.56,0.0469
2026-07-06,70,12271,285036.0,4.3,9.52,0.0212
2026-07-06,71,21103,397713.0,4.89,10.45,0.0297
2026-07-06,72,24220,441719.0,5.48,11.75,0.0467
2026-07-06,73,5287,102933.0,4.46,9.75,0.0221
2026-07-06,74,33770,655384.0,4.97,10.34,0.0256
2026-07-06,75,29106,668284.0,4.53,9.54,0.0174
2026-07-06,76,54438,990670.0,4.88,10.55,0.0311
2026-07-06,77,13185,253221.0,5.03,10.9,0.0335
2026-07-06,78,21573,389894.0,4.69,10.4,0.0276
2026-07-06,79,51388,1388700.0,3.5,7.51,0.0075
2026-07-06,80,39338,1033414.0,4.34,10.47,0.034
2026-07-06,81,14789,266690.0,5.25,10.9,0.0351
2026-07-06,82,37316,692189.0,4.33,9.43,0.0189
2026-07-06,83,12350,224699.0,4.33,8.97,0.0163
2026-07-06,84,2268,64386.0,5.79,12.75,0.0575
2026-07-06,85,15356,308533.0,4.71,9.95,0.0235
2026-07-06,86,10785,243311.0,6.64,14.98,0.0987
2026-07-06,87,27264,1026428.0,3.8,8.01,0.0095
2026-07-06,88,12362,489495.0,3.93,8.27,0.0146
2026-07-06,89,36476,787555.0,4.39,9.21,0.0177
2026-07-06,90,27633,890609.0,3.26,6.89,0.0047
2026-07-06,91,23622,468654.0,4.88,10.35,0.0289
2026-07-06,92,28209,641959.0,4.87,10.85,0.0372
2026-07-06,93,5011,211441.0,6.97,18.23,0.157
2026-07-06,94,10446,182911.0,4.71,10.1,0.0242
2026-07-06,95,35098,791252.0,4.52,9.82,0.0234
2026-07-06,96,967,22944.0,5.11,10.59,0.0291
2026-07-06,97,33187,834474.0,4.51,9.96,0.0252
2026-07-06,98,4472,100912.0,4.77,10.48,0.0216
2026-07-06,99,160,3730.0,5.64,11.66,0.044
2026-07-06,100,25743,1010201.0,3.94,9.0,0.0188
2026-07-06,101,4924,131972.0,5.6,12.06,0.0538
2026-07-06,102,12392,241440.0,4.64,9.89,0.0224
2026-07-06,106,10994,270826.0,4.08,8.22,0.0119
2026-07-06,107,29523,873448.0,3.43,6.87,0.0043
2026-07-06,108,7300,139326.0,4.14,8.94,0.012
2026-07-06,109,3618,88098.0,5.68,12.67,0.0628
2026-07-06,110,12,256.0,8.78,17.87,0.1667
2026-07-06,111,210,4914.0,4.08,8.01,0.0
2026-07-06,112,50287,1255669.0,3.95,8.96,0.0191
2026-07-06,113,21737,679331.0,3.33,6.87,0.0045
2026-07-06,114,24054,723169.0,3.46,7.49,0.0068
2026-07-06,115,3971,79750.0,6.14,13.08,0.067
2026-07-06,116,21472,451228.0,4.7,10.37,0.0288
2026-07-06,117,8533,213054.0,6.86,15.53,0.1112
2026-07-06,118,4925,118763.0,5.47,12.28,0.0556
2026-07-06,119,16595,374674.0,4.98,11.88,0.0541
2026-07-06,120,520,10630.0,4.71,11.0,0.0352
2026-07-06,121,10146,225090.0,4.74,10.09,0.0226
2026-07-06,122,6308,131827.0,5.17,10.92,0.0371
2026-07-06,123,11936,214597.0,3.82,7.95,0.0087
2026-07-06,124,7647,172039.0,5.37,11.79,0.0451
2026-07-06,125,15649,568120.0,3.52,7.27,0.0074
2026-07-06,126,15283,280860.0,4.99,10.91,0.0337
2026-07-06,127,18319,383247.0,4.28,9.44,0.0209
2026-07-06,128,1492,32598.0,4.08,8.5,0.0108
2026-07-06,129,39631,771401.0,4.41,9.5,0.0195
2026-07-06,130,40705,871145.0,4.72,10.44,0.0321
2026-07-06,131,7693,169306.0,4.75,9.85,0.0194
2026-07-06,132,88280,7140761.0,6.11,13.38,0.0699
2026-07-06,133,8442,183441.0,4.09,8.3,0.0097
2026-07-06,134,11762,241311.0,4.28,8.98,0.0189
2026-07-06,135,8031,178864.0,4.59,9.67,0.015
2026-07-06,136,12348,232406.0,4.57,10.0,0.0212
2026-07-06,137,23224,614043.0,3.82,8.07,0.0106
2026-07-06,138,100930,6127151.0,5.87,13.64,0.0711
2026-07-06,139,10173,206034.0,5.1,10.84,0.0339
2026-07-06,140,24858,746426.0,3.89,8.17,0.009
2026-07-06,141,25663,760066.0,3.64,7.12,0.0037
2026-07-06,142,27074,876802.0,3.73,7.55,0.0064
2026-07-06,143,18788,532839.0,3.92,7.91,0.0088
2026-07-06,144,30530,960507.0,3.71,7.89,0.0096
2026-07-06,145,44301,1048515.0,3.86,8.31,0.011
2026-07-06,146,12090,287966.0,3.73,7.88,0.0071
2026-07-06,147,9925,184909.0,4.62,10.02,0.0208
2026-07-06,148,45295,1322500.0,3.92,8.88,0.0162
2026-07-06,149,11257,202239.0,3.87,7.83,0.0086
2026-07-06,150,5431,113225.0,4.2,9.07,0.0181
2026-07-06,151,12199,306801.0,4.19,8.62,0.011
2026-07-06,152,10407,213960.0,4.78,10.58,0.0309
2026-07-06,153,4647,78688.0,4.73,10.25,0.0246
2026-07-06,154,519,15441.0,5.5,12.48,0.0584
2026-07-06,155,13104,292352.0,4.9,10.81,0.0353
2026-07-06,156,6935,132940.0,5.05,11.14,0.0407
2026-07-06,157,17999,416610.0,4.83,11.11,0.0347
2026-07-06,158,23769,804433.0,3.53,7.37,0.0065
2026-07-06,159,22493,413429.0,4.64,10.11,0.0252
2026-07-06,160,11186,224302.0,4.58,9.71,0.021
2026-07-06,161,52090,2162109.0,3.79,8.76,0.0195
2026-07-06,162,36422,1436461.0,3.4,7.28,0.009
2026-07-06,163,34970,1489992.0,3.44,7.08,0.005
2026-07-06,164,43952,1596496.0,3.67,7.94,0.0097
2026-07-06,165,12542,255633.0,3.89,8.24,0.0093
2026-07-06,166,16812,402019.0,3.97,8.44,0.012
2026-07-06,167,18234,335882.0,4.82,10.4,0.0283
2026-07-06,168,32442,641256.0,4.92,10.62,0.029
2026-07-06,169,23315,415769.0,4.74,10.36,0.025
2026-07-06,170,39173,1257449.0,3.72,7.8,0.0104
2026-07-06,171,10364,205489.0,4.26,9.26,0.0175
2026-07-06,172,3206,75594.0,5.29,12.37,0.0606
2026-07-06,173,13355,252657.0,4.99,10.85,0.0349
2026-07-06,174,21731,419840.0,4.21,9.01,0.0147
2026-07-06,175,3771,96013.0,5.11,11.08,0.036
2026-07-06,176,1783,46015.0,5.81,12.85,0.0676
2026-07-06,177,20855,403411.0,5.23,11.17,0.0387
2026-07-06,178,3649,69724.0,3.96,8.15,0.0081
2026-07-06,179,17329,367866.0,4.07,8.48,0.0121
2026-07-06,180,8855,162434.0,4.42,9.49,0.0192
2026-07-06,181,42420,1098196.0,3.68,7.87,0.0114
2026-07-06,182,12532,239566.0,4.37,9.32,0.0149
2026-07-06,183,6802,131708.0,4.45,9.78,0.0189
2026-07-06,184,1560,36423.0,5.6,13.92,0.0835
2026-07-06,185,15268,303981.0,4.38,9.53,0.0188
2026-07-06,186,28044,1002758.0,3.58,8.27,0.0136
2026-07-06,187,3736,72855.0,5.19,10.93,0.0404
2026-07-06,188,35938,758981.0,4.84,10.2,0.0263
2026-07-06,189,16264,413798.0,4.17,8.79,0.0147
2026-07-06,190,2577,59385.0,4.42,9.48,0.0235
2026-07-06,191,15130,321990.0,5.04,10.72,0.035
2026-07-06,192,7266,158953.0,4.33,9.25,0.0142
2026-07-06,193,9378,214724.0,4.45,9.32,0.0151
2026-07-06,194,842,27823.0,6.84,16.3,0.1309
2026-07-06,195,10094,301082.0,5.0,10.77,0.034
2026-07-06,196,13187,269501.0,4.49,9.42,0.0145
2026-07-06,197,22054,419558.0,4.45,9.7,0.0228
2026-07-06,198,30036,660826.0,4.49,9.87,0.0255
2026-07-06,199,2,102.0,19.79,31.93,0.5
2026-07-06,200,8962,223202.0,5.18,10.92,0.034
2026-07-06,201,4765,148017.0,6.34,14.66,0.0937
2026-07-06,202,2874,86719.0,6.26,12.79,0.0543
2026-07-06,203,9379,187562.0,6.39,13.23,0.0685
2026-07-06,204,1345,39642.0,5.78,13.05,0.0599
2026-07-06,205,21031,420612.0,5.37,11.43,0.0449
2026-07-06,206,10716,200975.0,5.1,12.12,0.0521
2026-07-06,207,973,15007.0,3.98,7.39,0.0021
2026-07-06,208,16228,349694.0,4.77,10.47,0.0265
2026-07-06,209,9602,343581.0,4.23,8.68,0.0122
2026-07-06,210,16308,302021.0,4.03,8.69,0.0141
2026-07-06,211,23388,799853.0,3.4,7.04,0.0049
2026-07-06,212,13400,231820.0,4.6,9.81,0.023
2026-07-06,213,24162,445432.0,5.09,10.82,0.0327
2026-07-06,214,4227,96949.0,4.8,10.99,0.0369
2026-07-06,215,15467,283943.0,4.96,10.57,0.0322
2026-07-06,216,32160,630681.0,4.19,9.13,0.0187
2026-07-06,217,5673,103820.0,4.84,10.14,0.0229
2026-07-06,218,10488,213418.0,5.1,10.59,0.0262
2026-07-06,219,8995,184456.0,5.52,11.31,0.0362
2026-07-06,220,17827,360258.0,4.49,9.51,0.0183
2026-07-06,221,7328,141721.0,5.41,12.06,0.0523
2026-07-06,222,6115,122571.0,5.35,11.46,0.0396
2026-07-06,223,24257,518646.0,3.63,7.79,0.009
2026-07-06,224,8449,216496.0,4.59,9.19,0.0128
2026-07-06,225,37748,838984.0,5.01,10.83,0.0325
2026-07-06,226,30679,635098.0,4.13,8.6,0.011
2026-07-06,227,13022,257788.0,4.42,9.53,0.0187
2026-07-06,228,25733,597612.0,4.46,9.15,0.016
2026-07-06,229,22548,711053.0,3.45,6.81,0.0035
2026-07-06,230,59104,2564405.0,4.21,10.26,0.0353
2026-07-06,231,44151,1563884.0,3.55,7.23,0.0057
2026-07-06,232,19349,517941.0,4.9,10.4,0.0273
2026-07-06,233,21716,655164.0,3.91,8.15,0.0124
2026-07-06,234,43396,1427356.0,3.38,7.04,0.0061
2026-07-06,235,21058,386723.0,5.15,11.2,0.0359
2026-07-06,236,24707,793688.0,3.61,7.08,0.0043
2026-07-06,237,31232,1100690.0,3.28,6.5,0.0026
2026-07-06,238,20617,581377.0,3.86,7.92,0.0085
2026-07-06,239,24277,744683.0,3.69,7.6,0.0064
2026-07-06,240,3717,73578.0,5.44,10.96,0.0328
2026-07-06,241,17497,334431.0,4.64,9.73,0.0194
2026-07-06,242,19192,377865.0,4.3,9.21,0.0166
2026-07-06,243,25378,553704.0,4.56,10.15,0.0259
2026-07-06,244,36206,808272.0,4.4,9.8,0.0238
2026-07-06,245,3968,84692.0,5.34,11.93,0.0453
2026-07-06,246,43953,1525286.0,3.89,7.99,0.0085
2026-07-06,247,28789,767624.0,5.36,13.9,0.084
2026-07-06,248,12180,219009.0,4.71,9.97,0.0214
2026-07-06,249,36766,1113837.0,3.49,7.39,0.0065
2026-07-06,250,12493,229460.0,4.3,9.19,0.0129
2026-07-06,251,4255,87754.0,4.99,10.77,0.0406
2026-07-06,252,6635,157049.0,5.18,11.44,0.0373
2026-07-06,253,285,9768.0,5.47,13.58,0.0709
2026-07-06,254,24784,451436.0,5.18,10.86,0.0325
2026-07-06,255,46407,1269835.0,3.94,9.28,0.0195
2026-07-06,256,38717,1013492.0,4.1,8.98,0.0151
2026-07-06,257,6643,170442.0,3.91,7.93,0.0073
2026-07-06,258,15983,328883.0,4.74,10.25,0.0267
2026-07-06,259,17467,338145.0,5.67,11.67,0.0407
2026-07-06,260,23264,432949.0,3.95,8.34,0.0108
2026-07-06,261,16568,685027.0,4.09,8.74,0.0147
2026-07-06,262,13914,382639.0,4.2,8.49,0.0089
2026-07-06,263,21467,601472.0,3.88,7.57,0.0054
2026-07-06,265,293,7213.0,8.64,17.69,0.1533
2026-07-13,1,2,184.0,32.78,59.57,0.5
2026-07-13,2,16,408.0,7.81,19.46,0.1875
2026-07-13,3,11664,211777.0,4.56,9.78,0.0225
2026-07-13,4,12615,308865.0,4.76,10.34,0.0251
2026-07-13,5,1493,40034.0,6.25,14.78,0.0971
2026-07-13,6,2936,68774.0,5.33,11.99,0.0438
2026-07-13,7,47561,1001152.0,3.9,8.66,0.0153
2026-07-13,8,308,6460.0,4.14,9.05,0.0065
2026-07-13,9,4509,97934.0,4.42,9.59,0.02
2026-07-13,10,16678,357228.0,4.58,9.66,0.0202
2026-07-13,11,6078,125263.0,4.18,9.14,0.0154
2026-07-13,12,719,27282.0,4.93,11.86,0.0381
2026-07-13,13,21693,850980.0,4.25,8.77,0.0153
2026-07-13,14,26248,602565.0,3.96,8.32,0.0097
2026-07-13,15,3759,96686.0,5.65,12.6,0.0544
2026-07-13,16,10197,231029.0,4.49,10.06,0.0248
2026-07-13,17,35524,779389.0,4.89,10.87,0.0347
2026-07-13,18,23158,421195.0,4.87,10.84,0.0309
2026-07-13,19,4549,102837.0,5.39,11.18,0.0315
2026-07-13,20,13630,258179.0,4.61,10.37,0.03
2026-07-13,21,12770,245994.0,4.12,9.03,0.0136
2026-07-13,22,18220,350251.0,4.21,9.06,0.0158
2026-07-13,23,7325,179006.0,5.59,12.61,0.0615
2026-07-13,24,5879,141923.0,4.43,9.86,0.0252
2026-07-13,25,27803,789941.0,4.48,9.72,0.0235
2026-07-13,26,18815,359991.0,4.64,9.76,0.0216
2026-07-13,27,770,30999.0,9.56,19.37,0.2313
2026-07-13,28,12702,266091.0,4.67,10.07,0.0197
2026-07-13,29,11061,219860.0,4.17,9.03,0.0161
2026-07-13,30,397,10354.0,8.04,17.71,0.1615
2026-07-13,31,1754,38827.0,5.14,11.36,0.0423
2026-07-13,32,11662,223915.0,4.78,10.19,0.0232
2026-07-13,33,23275,732797.0,4.35,9.55,0.0241
2026-07-13,34,4227,121034.0,5.25,12.98,0.0669
2026-07-13,35,29186,529363.0,5.76,12.79,0.0584
2026-07-13,36,38221,867346.0,4.68,11.23,0.042
2026-07-13,37,54175,1255476.0,4.93,11.16,0.0391
2026-07-13,38,6167,140662.0,5.29,10.99,0.0344
2026-07-13,39,37220,674873.0,5.39,11.79,0.0465
2026-07-13,40,11450,313715.0,4.04,8.61,0.0126
2026-07-13,41,31109,656989.0,5.02,10.79,0.0312
2026-07-13,42,43340,878984.0,5.46,11.92,0.046
2026-07-13,43,6571,220138.0,4.11,9.48,0.0234
2026-07-13,44,2414,67319.0,6.29,14.32,0.0883
2026-07-13,45,12799,369570.0,4.43,9.73,0.0244
2026-07-13,46,1252,43095.0,8.96,19.07,0.2074
2026-07-13,47,15787,277833.0,5.02,10.85,0.0317
2026-07-13,48,44667,1616043.0,4.12,9.62,0.0243
2026-07-13,49,27913,688277.0,4.47,9.65,0.0235
2026-07-13,50,23959,728912.0,4.36,9.19,0.019
2026-07-13,51,19793,412743.0,5.42,11.66,0.0426
2026-07-13,52,6940,197447.0,3.85,8.31,0.012
2026-07-13,53,7806,186295.0,5.58,12.53,0.0604
2026-07-13,54,2589,70311.0,4.23,8.6,0.0118
2026-07-13,55,14874,354128.0,4.91,11.15,0.0378
2026-07-13,56,16230,310741.0,4.71,10.44,0.03
2026-07-13,57,1346,29677.0,5.0,10.74,0.0338
2026-07-13,58,1874,41488.0,5.9,12.58,0.0501
2026-07-13,59,588,10922.0,4.98,11.07,0.0361
2026-07-13,60,11076,196370.0,5.18,11.23,0.0376
2026-07-13,61,62440,1339549.0,5.17,11.54,0.043
2026-07-13,62,16478,358493.0,5.1,11.15,0.0366
2026-07-13,63,15964,317226.0,4.74,10.35,0.0266
2026-07-13,64,3460,89331.0,6.44,13.37,0.0629
2026-07-13,65,22703,632150.0,4.85,10.71,0.0354
2026-07-13,66,18917,595456.0,4.53,10.46,0.0343
2026-07-13,67,9011,183185.0,4.18,9.14,0.0138
2026-07-13,68,53492,2043411.0,4.06,9.52,0.0232
2026-07-13,69,25154,511007.0,5.29,11.89,0.0487
2026-07-13,70,12030,292186.0,4.29,9.82,0.0214
2026-07-13,71,21182,404392.0,5.13,11.16,0.0386
2026-07-13,72,24288,442468.0,5.75,12.52,0.0562
2026-07-13,73,5171,102996.0,4.49,10.16,0.0239
2026-07-13,74,33208,655570.0,5.24,11.25,0.0366
2026-07-13,75,29311,695863.0,4.81,10.34,0.0258
2026-07-13,76,55860,1025335.0,5.03,11.02,0.0368
2026-07-13,77,13630,260014.0,5.31,11.79,0.0434
2026-07-13,78,21374,391922.0,4.89,10.86,0.0336
2026-07-13,79,55657,1532398.0,3.8,8.25,0.0114
2026-07-13,80,38759,976765.0,4.53,10.67,0.036
2026-07-13,81,14471,263164.0,5.46,11.61,0.0437
2026-07-13,82,38460,721234.0,4.35,9.81,0.0249
2026-07-13,83,12569,232454.0,4.4,9.76,0.0226
2026-07-13,84,2335,65174.0,5.87,13.57,0.0717
2026-07-13,85,16076,333459.0,4.97,10.87,0.0362
2026-07-13,86,10951,254817.0,6.77,15.19,0.104
2026-07-13,87,31054,1228541.0,4.07,8.92,0.0164
2026-07-13,88,13204,539792.0,4.2,9.27,0.021
2026-07-13,89,37929,835167.0,4.48,9.67,0.0229
2026-07-13,90,31468,1024889.0,3.58,7.68,0.0087
2026-07-13,91,23712,472574.0,5.03,10.74,0.0339
2026-07-13,92,27262,639791.0,4.81,10.97,0.0375
2026-07-13,93,3614,158235.0,6.29,22.33,0.1892
2026-07-13,94,10661,185288.0,4.88,10.67,0.0295
2026-07-13,95,36249,800281.0,4.58,10.21,0.0285
2026-07-13,96,807,18381.0,5.21,11.31,0.0487
2026-07-13,97,33179,894824.0,4.7,10.93,0.0398
2026-07-13,98,4519,104393.0,4.96,10.96,0.0315
2026-07-13,99,160,4363.0,6.78,13.8,0.075
2026-07-13,100,28296,1188578.0,4.39,10.63,0.0337
2026-07-13,101,4978,134849.0,5.62,12.54,0.0552
2026-07-13,102,12588,250109.0,4.82,10.37,0.0297
2026-07-13,106,10991,272238.0,4.23,8.67,0.0133
2026-07-13,107,32669,991920.0,3.71,7.78,0.0091
2026-07-13,108,7303,144220.0,4.21,9.07,0.0128
2026-07-13,109,3572,88707.0,5.78,13.15,0.0665
2026-07-13,110,17,417.0,6.82,12.13,0.0588
2026-07-13,111,222,5218.0,4.24,7.66,0.009
2026-07-13,112,49119,1255679.0,4.22,9.52,0.0227
2026-07-13,113,24674,790912.0,3.76,7.93,0.0101
2026-07-13,114,27642,859877.0,3.9,8.73,0.0152
2026-07-13,115,4092,81571.0,6.06,13.16,0.0667
2026-07-13,116,21366,443954.0,5.02,11.09,0.0375
2026-07-13,117,8640,216878.0,7.15,16.13,0.1257
2026-07-13,118,5220,128493.0,5.61,13.07,0.0657
2026-07-13,119,16399,384487.0,5.34,12.56,0.0619
2026-07-13,120,498,10501.0,5.06,10.87,0.0426
2026-07-13,121,9792,223368.0,4.88,10.62,0.0268
2026-07-13,122,6473,134758.0,5.22,11.23,0.042
2026-07-13,123,12117,219226.0,3.84,7.99,0.0093
2026-07-13,124,7932,180709.0,5.41,12.12,0.053
2026-07-13,125,17259,641714.0,3.87,8.24,0.0145
2026-07-13,126,14894,281101.0,5.18,11.55,0.0419
2026-07-13,127,18396,391530.0,4.45,9.93,0.0256
2026-07-13,128,1436,31385.0,4.36,9.27,0.0155
2026-07-13,129,39772,786650.0,4.5,9.88,0.0264
2026-07-13,130,40870,876274.0,4.89,10.85,0.033
2026-07-13,131,7740,171815.0,4.78,10.34,0.0277
2026-07-13,132,84926,7192408.0,6.23,12.82,0.0582
2026-07-13,133,8514,186556.0,4.21,8.8,0.0105
2026-07-13,134,11610,244236.0,4.32,9.35,0.0188
2026-07-13,135,7980,178422.0,4.63,9.98,0.0199
2026-07-13,136,12034,230555.0,4.81,10.55,0.0307
2026-07-13,137,24291,662503.0,4.1,8.89,0.0158
2026-07-13,138,96389,6345985.0,5.9,13.64,0.0685
2026-07-13,139,10499,211970.0,5.29,11.15,0.0349
2026-07-13,140,25865,790273.0,4.19,9.18,0.0183
2026-07-13,141,27647,833434.0,3.83,7.77,0.0076
2026-07-13,142,30655,1054329.0,4.0,8.51,0.0131
2026-07-13,143,19581,576045.0,4.21,8.86,0.0145
2026-07-13,144,34402,1132046.0,4.06,8.9,0.016
2026-07-13,145,44892,1092465.0,4.11,9.29,0.02
2026-07-13,146,13051,317225.0,4.0,8.78,0.018
2026-07-13,147,9809,185219.0,4.8,10.49,0.0273
2026-07-13,148,49631,1500474.0,4.24,9.75,0.0239
2026-07-13,149,11070,202390.0,3.84,8.21,0.0121
2026-07-13,150,5493,120012.0,4.29,9.67,0.0211
2026-07-13,151,12293,315828.0,4.55,9.59,0.021
2026-07-13,152,10149,212173.0,5.16,11.53,0.042
2026-07-13,153,4583,80079.0,5.04,10.84,0.0344
2026-07-13,154,498,15726.0,5.95,12.62,0.0628
2026-07-13,155,13190,293188.0,5.03,11.58,0.0429
2026-07-13,156,7010,135383.0,5.26,11.38,0.044
2026-07-13,157,17382,390315.0,4.91,11.05,0.0356
2026-07-13,158,27037,927117.0,3.88,8.46,0.0143
2026-07-13,159,22092,409595.0,4.9,10.95,0.0336
2026-07-13,160,11515,238534.0,4.7,10.18,0.0288
2026-07-13,161,57172,2547521.0,4.12,9.97,0.0289
2026-07-13,162,41256,1711831.0,3.65,8.05,0.013
2026-07-13,163,37757,1729804.0,3.77,8.54,0.0182
2026-07-13,164,48740,1900994.0,4.08,9.12,0.0181
2026-07-13,165,12579,261210.0,4.07,8.41,0.0106
2026-07-13,166,17344,447325.0,4.35,9.37,0.0229
2026-07-13,167,18322,339993.0,5.07,10.96,0.034
2026-07-13,168,31751,635492.0,5.11,11.12,0.0365
2026-07-13,169,23190,416799.0,4.99,10.95,0.0336
2026-07-13,170,42829,1456337.0,3.98,8.8,0.0167
2026-07-13,171,10459,208011.0,4.3,9.51,0.023
2026-07-13,172,3245,76021.0,5.51,13.17,0.0734
2026-07-13,173,13316,257332.0,5.02,11.21,0.0369
2026-07-13,174,21302,418674.0,4.33,9.36,0.0164
2026-07-13,175,3743,93891.0,5.35,11.78,0.0376
2026-07-13,176,1703,43114.0,5.89,12.88,0.0578
2026-07-13,177,21239,419705.0,5.53,12.05,0.0494
2026-07-13,178,3551,69058.0,4.02,8.41,0.0102
2026-07-13,179,17879,391513.0,4.17,9.14,0.0176
2026-07-13,180,8872,165150.0,4.38,9.55,0.0172
2026-07-13,181,44041,1184532.0,3.83,8.66,0.023
2026-07-13,182,12707,246777.0,4.6,9.96,0.023
2026-07-13,183,6893,135710.0,4.5,10.03,0.0206
2026-07-13,184,1581,35949.0,5.91,15.64,0.1092
2026-07-13,185,15289,308330.0,4.51,9.91,0.0221
2026-07-13,186,30275,1151639.0,3.96,9.7,0.0245
2026-07-13,187,3857,75678.0,5.25,11.58,0.0484
2026-07-13,188,36021,761040.0,5.0,10.81,0.0329
2026-07-13,189,17349,455908.0,4.39,9.84,0.0275
2026-07-13,190,2580,59975.0,4.73,10.55,0.0262
2026-07-13,191,15221,324785.0,5.1,10.78,0.033
2026-07-13,192,7037,154351.0,4.36,9.5,0.0167
2026-07-13,193,9247,210205.0,4.56,10.02,0.0272
2026-07-13,194,842,29541.0,7.48,15.8,0.1207
2026-07-13,195,9064,259479.0,4.95,11.21,0.0389
2026-07-13,196,13565,278789.0,4.62,10.32,0.0271
2026-07-13,197,22470,431463.0,4.54,9.9,0.0231
2026-07-13,198,31938,711840.0,4.73,10.84,0.0369
2026-07-13,200,9212,234038.0,5.32,11.59,0.0415
2026-07-13,201,4493,137941.0,6.14,15.31,0.1066
2026-07-13,202,2833,87281.0,6.54,13.59,0.0768
2026-07-13,203,9529,185770.0,6.52,13.36,0.0677
2026-07-13,204,1388,39944.0,5.58,12.92,0.0645
2026-07-13,205,21557,428918.0,5.51,11.76,0.0462
2026-07-13,206,10876,206314.0,5.21,12.17,0.0533
2026-07-13,207,905,13740.0,3.83,7.24,0.0066
2026-07-13,208,16671,355028.0,4.94,10.96,0.0335
2026-07-13,209,10645,403467.0,4.57,9.54,0.0206
2026-07-13,210,16289,312731.0,4.03,8.85,0.0161
2026-07-13,211,27227,969532.0,3.72,8.03,0.0122
2026-07-13,212,13608,238234.0,4.89,10.42,0.0275
2026-07-13,213,24243,447632.0,5.29,11.25,0.038
2026-07-13,214,4382,103753.0,5.16,12.01,0.053
2026-07-13,215,15589,285184.0,5.06,10.77,0.0355
2026-07-13,216,32627,631549.0,4.24,9.22,0.0164
2026-07-13,217,5917,108758.0,5.15,10.83,0.0308
2026-07-13,218,10594,215012.0,5.19,10.53,0.026
2026-07-13,219,8989,189720.0,5.6,11.31,0.0364
2026-07-13,220,17543,361797.0,4.68,10.14,0.025
2026-07-13,221,7172,139303.0,5.64,12.47,0.0547
2026-07-13,222,6329,126579.0,5.59,12.13,0.0472
2026-07-13,223,23996,519802.0,3.73,8.18,0.0119
2026-07-13,224,8806,234104.0,4.99,9.98,0.0207
2026-07-13,225,38972,891115.0,5.32,11.75,0.0468
2026-07-13,226,31041,649665.0,4.28,9.44,0.0199
2026-07-13,227,13245,270551.0,4.55,10.05,0.0226
2026-07-13,228,26916,655344.0,4.67,9.99,0.0234
2026-07-13,229,24674,804892.0,3.61,7.5,0.0084
2026-07-13,230,61424,2908394.0,4.55,11.49,0.0486
2026-07-13,231,49761,1808341.0,3.8,8.02,0.012
2026-07-13,232,19249,520018.0,5.16,11.27,0.0365
2026-07-13,233,24768,809085.0,4.06,8.53,0.015
2026-07-13,234,50428,1729946.0,3.79,8.1,0.0109
2026-07-13,235,20905,385577.0,5.46,12.03,0.0455
2026-07-13,236,27197,883353.0,3.85,7.81,0.0083
2026-07-13,237,34343,1267404.0,3.48,7.18,0.0087
2026-07-13,238,21610,613398.0,4.22,9.02,0.0157
2026-07-13,239,26054,831350.0,4.04,8.59,0.0129
2026-07-13,240,3695,73508.0,5.41,11.81,0.0439
2026-07-13,241,17534,341693.0,4.88,10.35,0.0257
2026-07-13,242,18913,382368.0,4.41,9.53,0.0207
2026-07-13,243,25685,565486.0,4.8,10.6,0.0307
2026-07-13,244,36584,831892.0,4.67,10.63,0.033
2026-07-13,245,3940,83468.0,5.4,12.22,0.0574
2026-07-13,246,60486,2243380.0,4.62,10.32,0.0296
2026-07-13,247,27849,726589.0,5.53,13.44,0.0744
2026-07-13,248,12032,217602.0,4.9,10.47,0.0286
2026-07-13,249,41994,1303304.0,3.86,8.35,0.0115
2026-07-13,250,12238,226157.0,4.48,9.63,0.0191
2026-07-13,251,4225,86437.0,4.97,11.03,0.0402
2026-07-13,252,6863,165303.0,5.27,11.57,0.0413
2026-07-13,253,332,14280.0,5.13,16.96,0.1402
2026-07-13,254,24652,461199.0,5.35,11.39,0.0402
2026-07-13,255,48013,1353559.0,4.17,9.68,0.0242
2026-07-13,256,40705,1079976.0,4.38,9.84,0.0236
2026-07-13,257,6829,176357.0,3.98,8.41,0.0118
2026-07-13,258,15933,325761.0,4.78,10.34,0.0254
2026-07-13,259,17321,333932.0,5.91,12.22,0.0502
2026-07-13,260,22937,434675.0,4.0,8.9,0.0158
2026-07-13,261,17850,773926.0,4.43,9.53,0.0218
2026-07-13,262,14468,407823.0,4.44,9.33,0.0144
2026-07-13,263,22597,642441.0,4.1,8.42,0.0113
2026-07-13,265,266,6241.0,8.23,16.91,0.1336
2026-07-20,2,28,863.0,7.43,13.45,0.037
2026-07-20,3,11544,210594.0,4.52,9.68,0.0219
2026-07-20,4,12208,312410.0,4.67,10.17,0.0267
2026-07-20,5,1439,39322.0,6.1,13.29,0.0568
2026-07-20,6,2979,68950.0,5.43,12.19,0.0503
2026-07-20,7,45270,962315.0,3.72,7.85,0.0074
2026-07-20,8,419,8859.0,3.74,8.23,0.0191
2026-07-20,9,4538,105147.0,4.37,9.38,0.019
2026-07-20,10,16778,362753.0,4.51,9.45,0.0201
2026-07-20,11,5777,119224.0,4.0,8.69,0.0145
2026-07-20,12,881,30528.0,4.76,9.27,0.0228
2026-07-20,13,20033,773477.0,4.15,8.16,0.0082
2026-07-20,14,25575,596824.0,3.9,8.31,0.0088
2026-07-20,15,3943,109911.0,5.54,12.33,0.0488
2026-07-20,16,10060,237791.0,4.46,9.78,0.0204
2026-07-20,17,33803,745899.0,4.78,10.22,0.0276
2026-07-20,18,23682,433600.0,4.91,10.94,0.033
2026-07-20,19,4707,109929.0,5.49,11.16,0.0298
2026-07-20,20,13841,266124.0,4.74,10.57,0.0308
2026-07-20,21,12299,241445.0,4.02,8.88,0.0117
2026-07-20,22,16791,323509.0,4.07,8.65,0.0111
2026-07-20,23,7044,172968.0,5.41,12.99,0.0671
2026-07-20,24,5686,139284.0,4.38,9.52,0.0197
2026-07-20,25,25864,742197.0,4.28,9.06,0.0164
2026-07-20,26,16294,314620.0,4.5,9.53,0.0173
2026-07-20,27,1111,53889.0,9.31,19.9,0.2295
2026-07-20,28,12134,255637.0,4.57,9.83,0.0169
2026-07-20,29,10564,213033.0,4.08,8.96,0.0143
2026-07-20,30,471,11317.0,7.99,16.88,0.145
2026-07-20,31,2387,66016.0,5.43,11.98,0.0463
2026-07-20,32,11767,225211.0,4.81,10.02,0.0244
2026-07-20,33,22617,734221.0,4.23,9.31,0.0221
2026-07-20,34,5353,168995.0,5.35,13.18,0.0719
2026-07-20,35,29295,540021.0,5.77,12.68,0.0568
2026-07-20,36,36677,834175.0,4.54,10.83,0.0355
2026-07-20,37,51183,1181414.0,4.81,10.62,0.032
2026-07-20,38,6200,151660.0,5.31,11.02,0.0357
2026-07-20,39,37586,689612.0,5.25,11.54,0.0425
2026-07-20,40,10579,302737.0,3.9,7.98,0.008
2026-07-20,41,31005,664307.0,5.04,10.64,0.0291
2026-07-20,42,43376,859657.0,5.58,12.05,0.0475
2026-07-20,43,8056,265477.0,3.87,8.12,0.0082
2026-07-20,44,2391,69811.0,6.28,13.86,0.0788
2026-07-20,45,12213,355788.0,4.34,9.27,0.0163
2026-07-20,46,1485,53118.0,9.09,20.68,0.2397
2026-07-20,47,16397,290569.0,5.2,11.14,0.0392
2026-07-20,48,42573,1530917.0,3.88,8.48,0.0148
2026-07-20,49,26716,657814.0,4.3,9.19,0.0182
2026-07-20,50,23158,692196.0,4.09,8.48,0.0117
2026-07-20,51,19626,412033.0,5.39,11.19,0.0343
2026-07-20,52,6488,188211.0,3.74,7.74,0.0091
2026-07-20,53,8034,195339.0,5.53,12.82,0.0605
2026-07-20,54,2467,71259.0,4.12,8.7,0.0148
2026-07-20,55,14774,377431.0,4.85,11.05,0.0429
2026-07-20,56,15826,310584.0,4.74,10.04,0.0234
2026-07-20,57,1477,30104.0,4.94,11.09,0.0408
2026-07-20,58,1895,42745.0,5.78,12.17,0.0461
2026-07-20,59,713,13592.0,5.27,11.99,0.0526
2026-07-20,60,11308,201683.0,5.2,11.13,0.0382
2026-07-20,61,61553,1323361.0,4.98,10.81,0.0321
2026-07-20,62,16612,367212.0,5.03,10.94,0.0355
2026-07-20,63,16562,335805.0,4.73,10.37,0.0266
2026-07-20,64,3544,93623.0,6.29,13.25,0.0639
2026-07-20,65,22387,631605.0,4.72,9.98,0.0228
2026-07-20,66,18700,585808.0,4.49,10.14,0.0295
2026-07-20,67,8725,182465.0,4.08,8.72,0.0128
2026-07-20,68,49215,1899920.0,3.8,8.68,0.0153
2026-07-20,69,25019,487273.0,5.52,12.53,0.0581
2026-07-20,70,12237,298922.0,4.23,9.46,0.0197
2026-07-20,71,21104,414625.0,4.96,10.7,0.0308
2026-07-20,72,24303,450948.0,5.58,11.88,0.0467
2026-07-20,73,5049,103882.0,4.38,9.75,0.0231
2026-07-20,74,34294,672058.0,5.23,10.89,0.0313
2026-07-20,75,28765,690866.0,4.69,9.98,0.0204
2026-07-20,76,56108,1045862.0,4.96,10.72,0.0332
2026-07-20,77,13351,259090.0,5.25,11.34,0.0392
2026-07-20,78,22210,407626.0,5.04,11.02,0.0347
2026-07-20,79,51288,1448736.0,3.68,8.27,0.0127
2026-07-20,80,34883,884219.0,4.3,9.93,0.0277
2026-07-20,81,15020,274449.0,5.39,11.29,0.0383
2026-07-20,82,36353,693550.0,4.26,9.22,0.0159
2026-07-20,83,11973,222746.0,4.28,9.12,0.0124
2026-07-20,84,2275,62972.0,5.81,12.94,0.0684
2026-07-20,85,15531,322466.0,4.69,9.88,0.0201
2026-07-20,86,10886,260455.0,6.59,15.21,0.1041
2026-07-20,87,30252,1205471.0,3.94,8.48,0.0125
2026-07-20,88,13228,534084.0,4.12,8.7,0.0152
2026-07-20,89,36339,800918.0,4.31,8.98,0.0136
2026-07-20,90,28925,973678.0,3.45,7.47,0.0078
2026-07-20,91,23070,469001.0,4.87,10.27,0.0278
2026-07-20,92,27682,659739.0,4.84,11.13,0.0399
2026-07-20,93,4608,191273.0,6.93,25.18,0.2123
2026-07-20,94,10629,191276.0,5.14,11.46,0.043
2026-07-20,95,34572,798351.0,4.48,9.78,0.0229
2026-07-20,96,1028,24895.0,5.14,11.28,0.0323
2026-07-20,97,31569,817323.0,4.49,9.88,0.0257
2026-07-20,98,4525,104167.0,4.82,10.76,0.0252
2026-07-20,99,164,3552.0,6.86,16.07,0.1288
2026-07-20,100,26939,1124597.0,4.19,9.64,0.0237
2026-07-20,101,4871,131038.0,5.67,11.89,0.046
2026-07-20,102,12224,245454.0,4.65,9.93,0.0261
2026-07-20,106,10439,268562.0,4.03,8.12,0.0074
2026-07-20,107,30340,939028.0,3.54,7.33,0.0052
2026-07-20,108,6933,136905.0,4.17,9.02,0.0153
2026-07-20,109,3539,87779.0,5.74,12.93,0.0615
2026-07-20,110,19,586.0,9.17,18.45,0.2632
2026-07-20,111,202,4403.0,3.53,7.75,0.01
2026-07-20,112,43956,1138087.0,3.98,8.45,0.0114
2026-07-20,113,22410,732693.0,3.57,7.48,0.0077
2026-07-20,114,24320,773391.0,3.69,8.22,0.012
2026-07-20,115,4055,80175.0,6.21,13.02,0.0674
2026-07-20,116,20870,439544.0,5.11,11.12,0.0361
2026-07-20,117,8831,235380.0,6.96,16.13,0.1239
2026-07-20,118,4979,126433.0,5.4,12.37,0.0527
2026-07-20,119,16769,349932.0,5.45,12.27,0.0518
2026-07-20,120,531,10506.0,5.54,11.98,0.0546
2026-07-20,121,9807,223295.0,4.78,10.17,0.0229
2026-07-20,122,6469,134791.0,5.16,10.93,0.0369
2026-07-20,123,11023,206447.0,3.75,7.84,0.0073
2026-07-20,124,7888,182745.0,5.38,12.02,0.0507
2026-07-20,125,16084,606468.0,3.67,7.77,0.0105
2026-07-20,126,14768,276955.0,5.11,11.3,0.0366
2026-07-20,127,18756,405889.0,4.64,11.07,0.0463
2026-07-20,128,1490,34405.0,4.38,9.7,0.0265
2026-07-20,129,38579,767949.0,4.32,9.33,0.0185
2026-07-20,130,40555,897162.0,4.79,10.53,0.0308
2026-07-20,131,7697,172198.0,4.78,10.07,0.0211
2026-07-20,132,86493,7132172.0,6.19,13.31,0.0679
2026-07-20,133,7957,179257.0,4.05,8.14,0.0063
2026-07-20,134,11205,239036.0,4.21,8.95,0.0157
2026-07-20,135,7738,177450.0,4.52,9.54,0.0171
2026-07-20,136,12281,238022.0,4.99,10.99,0.036
2026-07-20,137,22760,615101.0,3.91,8.31,0.0087
2026-07-20,138,97829,6318007.0,5.79,13.54,0.0678
2026-07-20,139,10531,216309.0,5.21,10.88,0.0323
2026-07-20,140,24297,750301.0,4.02,8.53,0.0095
2026-07-20,141,25806,793386.0,3.65,7.21,0.0032
2026-07-20,142,28236,970234.0,3.68,7.5,0.0056
2026-07-20,143,18981,569087.0,4.0,8.15,0.009
2026-07-20,144,31714,1038383.0,3.88,8.38,0.0129
2026-07-20,145,42383,1030637.0,3.9,8.34,0.0107
2026-07-20,146,12400,306244.0,3.8,7.92,0.0072
2026-07-20,147,9900,186433.0,4.84,10.68,0.0293
2026-07-20,148,46231,1420732.0,4.12,9.66,0.0243
2026-07-20,149,10642,200036.0,3.79,7.92,0.0088
2026-07-20,150,5287,117031.0,4.28,9.6,0.0244
2026-07-20,151,11862,306671.0,4.34,9.02,0.0143
2026-07-20,152,10048,212279.0,5.13,11.26,0.0402
2026-07-20,153,4433,78365.0,5.16,11.17,0.0333
2026-07-20,154,541,17920.0,5.66,12.65,0.0709
2026-07-20,155,13248,294506.0,4.89,10.87,0.0361
2026-07-20,156,6768,134988.0,5.06,11.27,0.0421
2026-07-20,157,15823,332666.0,4.64,10.1,0.0254
2026-07-20,158,24647,857221.0,3.7,8.25,0.011
2026-07-20,159,22134,413562.0,5.01,11.03,0.0362
2026-07-20,160,10982,230351.0,4.68,9.86,0.0209
2026-07-20,161,60080,2611543.0,3.72,8.33,0.0121
2026-07-20,162,38373,1594167.0,3.43,7.19,0.0056
2026-07-20,163,37916,1744935.0,3.47,7.27,0.0056
2026-07-20,164,46328,1797104.0,3.85,8.5,0.0127
2026-07-20,165,11711,242869.0,4.02,8.42,0.0092
2026-07-20,166,16683,421652.0,4.26,9.28,0.017
2026-07-20,167,18248,338067.0,5.11,10.89,0.0316
2026-07-20,168,32433,648498.0,5.2,11.31,0.0365
2026-07-20,169,24057,442076.0,5.37,12.5,0.0579
2026-07-20,170,40020,1344443.0,3.72,7.78,0.0082
2026-07-20,171,10352,211351.0,4.22,9.32,0.0179
2026-07-20,172,3126,73720.0,5.24,12.45,0.0592
2026-07-20,173,13507,257750.0,5.02,11.09,0.0354
2026-07-20,174,21787,433489.0,4.37,9.49,0.0195
2026-07-20,175,3595,92304.0,5.16,11.17,0.0311
2026-07-20,176,1735,46595.0,5.66,13.04,0.0686
2026-07-20,177,21392,427402.0,5.38,11.76,0.0455
2026-07-20,178,3308,65747.0,3.96,8.2,0.0077
2026-07-20,179,17348,384621.0,4.07,8.54,0.0116
2026-07-20,180,8828,170469.0,4.34,9.07,0.014
2026-07-20,181,41354,1116967.0,3.65,7.9,0.0114
2026-07-20,182,12735,248508.0,4.63,9.78,0.0187
2026-07-20,183,6896,133663.0,4.44,9.78,0.0218
2026-07-20,184,2099,53587.0,6.31,16.13,0.1196
2026-07-20,185,15253,311348.0,4.54,9.79,0.0216
2026-07-20,186,29743,1156611.0,3.82,9.07,0.0183
2026-07-20,187,3752,73897.0,5.16,11.42,0.0475
2026-07-20,188,35554,761823.0,4.82,10.23,0.0261
2026-07-20,189,15925,415604.0,4.21,9.06,0.0181
2026-07-20,190,3326,83449.0,4.45,9.54,0.0173
2026-07-20,191,14779,330191.0,5.08,10.83,0.0307
2026-07-20,192,6871,150444.0,4.27,9.21,0.0109
2026-07-20,193,9570,227976.0,4.4,9.35,0.0192
2026-07-20,194,3483,125010.0,8.21,18.77,0.1824
2026-07-20,195,9438,283344.0,5.07,11.31,0.0417
2026-07-20,196,12830,270004.0,4.49,9.52,0.018
2026-07-20,197,22135,429947.0,4.47,9.65,0.0227
2026-07-20,198,29853,674876.0,4.48,9.95,0.0254
2026-07-20,199,4,172.0,14.1,21.93,0.5
2026-07-20,200,9277,233394.0,5.32,11.44,0.0384
2026-07-20,201,5139,163087.0,6.22,15.07,0.1009
2026-07-20,202,3017,95037.0,6.4,13.1,0.0643
2026-07-20,203,9755,194339.0,6.34,12.95,0.0591
2026-07-20,204,1423,42511.0,6.02,13.55,0.0687
2026-07-20,205,21577,436689.0,5.46,11.57,0.0453
2026-07-20,206,10887,210852.0,5.16,11.8,0.049
2026-07-20,207,904,13529.0,3.79,6.94,0.0044
2026-07-20,208,16492,358862.0,4.95,10.9,0.0322
2026-07-20,209,9739,361931.0,4.41,9.28,0.0156
2026-07-20,210,15584,301063.0,4.08,8.77,0.0161
2026-07-20,211,24416,871720.0,3.56,7.63,0.008
2026-07-20,212,13416,238517.0,4.85,10.28,0.0236
2026-07-20,213,24164,456119.0,5.35,11.34,0.0381
2026-07-20,214,4246,101942.0,4.84,11.96,0.0494
2026-07-20,215,15815,296450.0,4.99,10.41,0.03
2026-07-20,216,32370,642873.0,4.15,9.02,0.0172
2026-07-20,217,4783,90785.0,5.05,10.38,0.0277
2026-07-20,218,10580,221224.0,5.18,10.59,0.0269
2026-07-20,219,9089,194505.0,5.37,10.83,0.0276
2026-07-20,220,17579,363134.0,4.73,10.14,0.0265
2026-07-20,221,7041,137234.0,5.44,12.05,0.0469
2026-07-20,222,6123,125439.0,5.42,11.05,0.0356
2026-07-20,223,23525,509493.0,3.61,7.71,0.008
2026-07-20,224,8580,229026.0,4.77,9.58,0.017
2026-07-20,225,37173,842471.0,5.12,11.07,0.0361
2026-07-20,226,29805,630426.0,4.16,8.74,0.0109
2026-07-20,227,12323,255167.0,4.37,9.37,0.0173
2026-07-20,228,25511,645544.0,4.52,9.84,0.0228
2026-07-20,229,22766,738232.0,3.47,6.92,0.0037
2026-07-20,230,59823,2788460.0,4.05,9.57,0.024
2026-07-20,231,46249,1704899.0,3.66,7.67,0.0082
2026-07-20,232,18930,526462.0,5.07,10.98,0.0352
2026-07-20,233,23588,747759.0,3.79,7.85,0.0072
2026-07-20,234,46181,1587408.0,3.58,7.63,0.0083
2026-07-20,235,21097,392408.0,5.7,12.39,0.0538
2026-07-20,236,25580,840689.0,3.7,7.28,0.0046
2026-07-20,237,31747,1154604.0,3.31,6.61,0.0027
2026-07-20,238,19941,590317.0,4.04,8.49,0.0105
2026-07-20,239,23988,770649.0,3.78,7.76,0.0065
2026-07-20,240,4058,82079.0,5.56,11.34,0.0361
2026-07-20,241,17571,342268.0,4.91,10.39,0.0276
2026-07-20,242,18757,376642.0,4.39,9.42,0.0191
2026-07-20,243,25670,568313.0,4.95,11.42,0.043
2026-07-20,244,35608,803634.0,4.81,11.05,0.0374
2026-07-20,245,3878,82860.0,5.44,12.17,0.0504
2026-07-20,246,49155,1741425.0,4.14,8.86,0.0147
2026-07-20,247,26608,584861.0,5.65,13.26,0.07
2026-07-20,248,12081,219056.0,4.96,10.49,0.0268
2026-07-20,249,39657,1245531.0,3.73,8.36,0.0126
2026-07-20,250,12110,226212.0,4.43,9.59,0.0174
2026-07-20,251,3981,82385.0,4.96,10.79,0.0349
2026-07-20,252,6640,160006.0,5.27,11.22,0.0398
2026-07-20,253,448,17496.0,4.71,13.02,0.0743
2026-07-20,254,24579,464030.0,5.34,11.29,0.0377
2026-07-20,255,44908,1287205.0,4.0,9.06,0.0162
2026-07-20,256,37045,1011673.0,4.26,9.28,0.0188
2026-07-20,257,6710,174676.0,3.89,7.93,0.0055
2026-07-20,258,16035,336177.0,4.76,10.35,0.0262
2026-07-20,259,17400,338650.0,5.83,12.23,0.0467
2026-07-20,260,22352,431753.0,3.85,8.29,0.0092
2026-07-20,261,18128,781453.0,4.31,9.43,0.0203
2026-07-20,262,14083,395588.0,4.27,8.7,0.0086
2026-07-20,263,21282,612415.0,4.03,7.97,0.007
2026-07-20,265,260,7268.0,8.29,17.33,0.1693
2026-07-27,2,18,615.0,7.81,15.48,0.1667
2026-07-27,3,11512,215012.0,4.51,9.59,0.0181
2026-07-27,4,12308,315650.0,4.78,10.55,0.028
2026-07-27,5,1396,38789.0,6.19,13.75,0.0737
2026-07-27,6,2903,67344.0,5.49,12.41,0.0557
2026-07-27,7,45995,986679.0,3.66,7.66,0.0055
2026-07-27,8,252,5697.0,4.11,8.51,0.0159
2026-07-27,9,4403,99183.0,4.38,9.43,0.0177
2026-07-27,10,16875,369239.0,4.46,9.49,0.0183
2026-07-27,11,5718,119834.0,3.99,8.81,0.0109
2026-07-27,12,758,26152.0,4.85,10.74,0.032
2026-07-27,13,20227,788813.0,4.1,8.13,0.0099
2026-07-27,14,25531,605627.0,3.99,8.59,0.0126
2026-07-27,15,3793,107296.0,5.45,12.13,0.0452
2026-07-27,16,10177,241109.0,4.3,9.73,0.0211
2026-07-27,17,36625,816760.0,4.95,10.68,0.0336
2026-07-27,18,23520,438638.0,4.83,10.74,0.0298
2026-07-27,19,4615,106766.0,5.31,11.05,0.03
2026-07-27,20,14697,294966.0,4.77,10.92,0.0321
2026-07-27,21,12451,249604.0,4.02,8.87,0.0131
2026-07-27,22,17296,338772.0,4.11,8.93,0.0135
2026-07-27,23,7313,182010.0,5.47,12.53,0.0565
2026-07-27,24,6188,156761.0,4.62,10.23,0.0281
2026-07-27,25,27782,801101.0,4.66,9.97,0.0238
2026-07-27,26,18588,370977.0,4.56,9.75,0.0208
2026-07-27,27,815,34596.0,9.32,21.05,0.2388
2026-07-27,28,12377,262552.0,4.61,9.76,0.0166
2026-07-27,29,10582,218165.0,4.15,9.1,0.0183
2026-07-27,30,420,11485.0,8.02,16.58,0.1422
2026-07-27,31,1921,48077.0,5.19,11.15,0.0451
2026-07-27,32,12039,233363.0,4.71,10.07,0.0211
2026-07-27,33,21450,688714.0,4.39,9.65,0.0236
2026-07-27,34,3703,102087.0,4.91,11.05,0.0407
2026-07-27,35,29248,551011.0,5.76,12.64,0.056
2026-07-27,36,36716,837193.0,4.52,10.61,0.0325
2026-07-27,37,51317,1196323.0,4.71,10.39,0.0296
2026-07-27,38,6134,149757.0,5.08,10.75,0.0339
2026-07-27,39,37354,700710.0,5.37,11.86,0.0483
2026-07-27,40,11888,343948.0,3.97,8.66,0.0153
2026-07-27,41,32259,680456.0,5.22,11.27,0.0392
2026-07-27,42,44454,889675.0,5.6,12.03,0.0457
2026-07-27,43,7717,252867.0,3.96,8.47,0.0111
2026-07-27,44,2265,65259.0,6.49,14.75,0.0938
2026-07-27,45,12067,353629.0,4.5,9.89,0.0238
2026-07-27,46,1310,46306.0,8.75,18.3,0.189
2026-07-27,47,16323,293213.0,5.08,10.9,0.0319
2026-07-27,48,42976,1504384.0,3.9,8.68,0.0157
2026-07-27,49,27232,686390.0,4.51,9.77,0.0242
2026-07-27,50,24050,725775.0,4.16,8.92,0.0161
2026-07-27,51,21323,461125.0,5.43,11.52,0.0409
2026-07-27,52,6704,195572.0,3.84,8.38,0.0114
2026-07-27,53,7846,190226.0,5.31,12.13,0.0461
2026-07-27,54,2440,66267.0,4.34,9.15,0.0212
2026-07-27,55,15510,391724.0,4.91,11.54,0.0452
2026-07-27,56,16353,324744.0,4.64,9.95,0.0213
2026-07-27,57,1525,31506.0,5.08,11.21,0.0377
2026-07-27,58,1867,42131.0,5.71,11.94,0.0433
2026-07-27,59,790,15090.0,5.54,12.16,0.0472
2026-07-27,60,11425,209109.0,5.22,11.09,0.0351
2026-07-27,61,61533,1344332.0,5.05,11.18,0.0378
2026-07-27,62,17394,390860.0,5.13,11.08,0.0368
2026-07-27,63,15977,325567.0,4.69,10.17,0.0249
2026-07-27,64,3489,92098.0,6.25,12.95,0.0595
2026-07-27,65,23738,679801.0,4.97,10.82,0.0325
2026-07-27,66,18445,571909.0,4.57,10.47,0.0325
2026-07-27,67,8728,183570.0,4.11,8.95,0.0142
2026-07-27,68,50172,1891365.0,3.79,8.66,0.0149
2026-07-27,69,25441,492148.0,5.33,11.76,0.0436
2026-07-27,70,12507,291434.0,4.14,9.31,0.0169
2026-07-27,71,21033,416217.0,5.07,10.85,0.0333
2026-07-27,72,24491,461684.0,5.74,12.25,0.0518
2026-07-27,73,5089,106083.0,4.29,9.55,0.0172
2026-07-27,74,34777,694166.0,5.46,11.4,0.038
2026-07-27,75,29516,707351.0,4.83,10.38,0.0264
2026-07-27,76,56230,1056638.0,4.97,10.85,0.0342
2026-07-27,77,13013,249780.0,5.2,11.19,0.0395
2026-07-27,78,22337,416462.0,4.89,10.72,0.0307
2026-07-27,79,53299,1514049.0,3.83,8.59,0.0123
2026-07-27,80,37334,954415.0,4.39,10.11,0.0275
2026-07-27,81,14690,269374.0,5.38,11.25,0.0358
2026-07-27,82,36720,698215.0,4.21,9.06,0.0152
2026-07-27,83,12346,231197.0,4.17,8.72,0.0104
2026-07-27,84,2257,65035.0,5.89,12.47,0.0608
2026-07-27,85,15916,339789.0,4.8,10.07,0.0227
2026-07-27,86,10851,263734.0,6.84,14.89,0.0974
2026-07-27,87,29187,1148524.0,4.04,8.71,0.0142
2026-07-27,88,12574,510680.0,4.04,8.75,0.0148
2026-07-27,89,36795,830021.0,4.37,9.17,0.0152
2026-07-27,90,28795,949504.0,3.45,7.42,0.0078
2026-07-27,91,23641,486136.0,4.98,10.71,0.0334
2026-07-27,92,28062,662530.0,4.82,10.71,0.0336
2026-07-27,93,5334,221148.0,6.69,17.99,0.1491
2026-07-27,94,10848,194202.0,4.91,10.92,0.0325
2026-07-27,95,34728,772285.0,4.32,9.28,0.017
2026-07-27,96,865,21119.0,5.0,10.99,0.0316
2026-07-27,97,32422,844567.0,4.76,10.57,0.0321
2026-07-27,98,4857,115357.0,4.79,10.73,0.024
2026-07-27,99,154,4373.0,6.04,15.11,0.1053
2026-07-27,100,27020,1088041.0,4.24,9.94,0.025
2026-07-27,101,4869,129490.0,5.5,11.83,0.0444
2026-07-27,102,13039,264397.0,4.53,9.7,0.0201
2026-07-27,105,1,461.0,,,
2026-07-27,106,11035,290875.0,4.19,8.78,0.0158
2026-07-27,107,30853,963268.0,3.6,7.55,0.0079
2026-07-27,108,6900,137453.0,4.18,9.44,0.0173
2026-07-27,109,3557,88972.0,5.88,13.35,0.0692
2026-07-27,110,12,698.0,7.83,11.91,0.0
2026-07-27,111,218,5033.0,4.42,10.85,0.037
2026-07-27,112,48417,1277298.0,4.0,8.95,0.0165
2026-07-27,113,23580,760969.0,3.65,7.8,0.0102
2026-07-27,114,25093,800146.0,3.83,8.71,0.0151
2026-07-27,115,4176,86920.0,6.05,13.27,0.0644
2026-07-27,116,21329,457529.0,5.23,11.63,0.0448
2026-07-27,117,8576,223574.0,7.28,16.54,0.1326
2026-07-27,118,5270,136591.0,5.82,13.67,0.0768
2026-07-27,119,16281,323325.0,5.34,11.6,0.0369
2026-07-27,120,509,10479.0,5.17,12.5,0.056
2026-07-27,121,9843,222300.0,4.7,10.15,0.0197
2026-07-27,122,6523,138390.0,5.12,10.97,0.0362
2026-07-27,123,11583,220775.0,3.79,8.04,0.0103
2026-07-27,124,7803,179660.0,5.3,12.16,0.0523
2026-07-27,125,15747,581884.0,3.68,7.85,0.0131
2026-07-27,126,14841,280825.0,5.05,11.13,0.0372
2026-07-27,127,19125,419241.0,4.67,11.03,0.0417
2026-07-27,128,1538,34117.0,4.53,9.59,0.0295
2026-07-27,129,39583,794967.0,4.3,9.46,0.0193
2026-07-27,130,41495,906054.0,4.76,10.57,0.0304
2026-07-27,131,7802,178110.0,4.73,10.02,0.0219
2026-07-27,132,82420,6801806.0,6.26,13.96,0.0801
2026-07-27,133,8550,197012.0,4.04,8.45,0.0075
2026-07-27,134,11678,248837.0,4.18,9.03,0.0164
2026-07-27,135,8119,183510.0,4.5,9.51,0.0153
2026-07-27,136,12175,238005.0,4.79,10.65,0.0296
2026-07-27,137,23846,660460.0,3.81,8.18,0.0108
2026-07-27,138,90288,5818757.0,6.0,14.5,0.0896
2026-07-27,139,10483,217732.0,5.12,10.87,0.0309
2026-07-27,140,25451,779343.0,4.0,8.43,0.0086
2026-07-27,141,26278,798521.0,3.67,7.32,0.0055
2026-07-27,142,28702,966898.0,3.75,7.71,0.0072
2026-07-27,143,19076,565586.0,4.03,8.23,0.0085
2026-07-27,144,30971,1015695.0,3.99,8.83,0.017
2026-07-27,145,43075,1065358.0,3.87,8.22,0.0092
2026-07-27,146,12323,303977.0,3.71,7.79,0.0058
2026-07-27,147,10140,192896.0,4.76,10.7,0.0271
2026-07-27,148,46038,1418354.0,4.25,10.01,0.0262
2026-07-27,149,10946,206627.0,3.82,8.1,0.0091
2026-07-27,150,5309,117573.0,4.32,9.68,0.023
2026-07-27,151,12661,331286.0,4.5,9.59,0.0171
2026-07-27,152,10937,237486.0,5.28,11.58,0.0419
2026-07-27,153,4553,81334.0,4.95,10.88,0.0337
2026-07-27,154,497,15419.0,5.38,11.54,0.0471
2026-07-27,155,13472,304467.0,4.97,11.11,0.0357
2026-07-27,156,6949,136905.0,5.12,11.68,0.0432
2026-07-27,157,16322,348459.0,4.54,9.81,0.0216
2026-07-27,158,24414,850858.0,3.7,8.17,0.012
2026-07-27,159,22713,424117.0,4.96,10.96,0.0347
2026-07-27,160,11479,239513.0,4.53,9.63,0.0166
2026-07-27,161,59429,2516668.0,3.79,8.66,0.0144
2026-07-27,162,38251,1565978.0,3.41,7.32,0.0074
2026-07-27,163,36415,1581389.0,3.47,7.28,0.0061
2026-07-27,164,46395,1761178.0,3.93,8.92,0.017
2026-07-27,165,12595,268129.0,3.92,8.24,0.0096
2026-07-27,166,17279,438629.0,4.42,10.01,0.0283
2026-07-27,167,18600,344093.0,5.06,10.92,0.0353
2026-07-27,168,32526,658891.0,5.21,11.2,0.0354
2026-07-27,169,23860,432587.0,5.1,11.17,0.0374
2026-07-27,170,39800,1336172.0,3.74,8.03,0.0107
2026-07-27,171,10538,214453.0,4.18,9.21,0.0161
2026-07-27,172,3161,77438.0,5.39,13.35,0.0713
2026-07-27,173,13654,264308.0,4.97,10.99,0.033
2026-07-27,174,21831,436534.0,4.29,9.11,0.0145
2026-07-27,175,3730,96768.0,5.27,11.36,0.0294
2026-07-27,176,1695,45868.0,5.74,13.45,0.0825
2026-07-27,177,20694,415075.0,5.44,11.93,0.0453
2026-07-27,178,3724,76743.0,3.94,8.43,0.0077
2026-07-27,179,17405,382692.0,3.95,8.28,0.0096
2026-07-27,180,8631,164731.0,4.33,9.28,0.0165
2026-07-27,181,41522,1135243.0,3.7,8.11,0.0152
2026-07-27,182,13314,270166.0,4.59,9.85,0.0207
2026-07-27,183,7308,146299.0,4.68,10.27,0.0248
2026-07-27,184,1790,42380.0,5.69,14.27,0.088
2026-07-27,185,15522,314941.0,4.52,9.71,0.0205
2026-07-27,186,28753,1100419.0,3.87,9.39,0.0231
2026-07-27,187,3845,75270.0,5.12,11.4,0.0467
2026-07-27,188,36476,792446.0,4.95,10.5,0.0293
2026-07-27,189,16621,444773.0,4.4,9.6,0.0223
2026-07-27,190,3211,80707.0,4.64,10.15,0.0261
2026-07-27,191,14980,329424.0,5.03,10.7,0.0323
2026-07-27,192,7196,159492.0,4.23,9.07,0.0129
2026-07-27,193,9317,213281.0,4.24,8.78,0.0106
2026-07-27,194,1083,35728.0,7.28,17.45,0.1463
2026-07-27,195,10122,311422.0,5.19,12.23,0.0516
2026-07-27,196,13232,281062.0,4.45,9.51,0.0156
2026-07-27,197,22618,442324.0,4.48,10.0,0.0261
2026-07-27,198,30523,690196.0,4.46,9.86,0.0224
2026-07-27,199,3,125.0,7.3,21.68,0.3333
2026-07-27,200,9017,232262.0,5.12,11.17,0.0371
2026-07-27,201,4612,145411.0,6.28,14.92,0.0979
2026-07-27,202,2916,92016.0,6.18,13.01,0.0563
2026-07-27,203,9772,200197.0,6.43,13.21,0.0612
2026-07-27,204,1322,40532.0,5.94,13.47,0.0663
2026-07-27,205,21760,440609.0,5.36,11.57,0.0455
2026-07-27,206,10720,204750.0,5.23,11.86,0.0502
2026-07-27,207,1006,16066.0,3.63,6.99,0.004
2026-07-27,208,16787,365464.0,4.96,10.87,0.0336
2026-07-27,209,9536,343262.0,4.34,9.31,0.0155
2026-07-27,210,16855,331737.0,4.06,9.04,0.0185
2026-07-27,211,23480,828474.0,3.55,7.75,0.0116
2026-07-27,212,13610,246051.0,4.87,10.27,0.0244
2026-07-27,213,24566,467212.0,5.34,11.43,0.0385
2026-07-27,214,4171,99963.0,4.88,11.92,0.0474
2026-07-27,215,15868,302666.0,4.99,10.59,0.0304
2026-07-27,216,32477,649265.0,4.13,9.05,0.0159
2026-07-27,217,5867,108920.0,5.01,10.63,0.0326
2026-07-27,218,10239,215837.0,5.11,10.53,0.0257
2026-07-27,219,9173,197215.0,5.31,11.04,0.032
2026-07-27,220,17535,365456.0,4.57,9.75,0.0209
2026-07-27,221,7165,143637.0,5.43,12.23,0.0536
2026-07-27,222,6228,128791.0,5.56,11.64,0.0397
2026-07-27,223,23217,513823.0,3.51,7.5,0.0062
2026-07-27,224,8382,227512.0,4.88,9.79,0.0189
2026-07-27,225,37277,847172.0,5.13,11.2,0.0381
2026-07-27,226,30032,645867.0,4.12,8.64,0.0097
2026-07-27,227,12698,271409.0,4.38,9.67,0.0241
2026-07-27,228,26950,745453.0,4.63,10.55,0.0334
2026-07-27,229,23220,753308.0,3.44,6.89,0.0039
2026-07-27,230,59373,2624789.0,4.04,9.63,0.024
2026-07-27,231,46562,1710024.0,3.7,7.63,0.0089
2026-07-27,232,18737,519341.0,5.23,11.26,0.0364
2026-07-27,233,23726,748329.0,3.76,7.64,0.0061
2026-07-27,234,46238,1591179.0,3.59,7.72,0.0088
2026-07-27,235,21793,410941.0,5.66,12.27,0.0501
2026-07-27,236,26251,848500.0,3.74,7.47,0.0064
2026-07-27,237,32155,1147766.0,3.33,6.62,0.004
2026-07-27,238,20846,608008.0,4.15,8.87,0.0134
2026-07-27,239,25633,832515.0,3.83,7.85,0.0081
2026-07-27,240,3926,77286.0,5.41,11.26,0.0362
2026-07-27,241,17861,350915.0,4.78,10.22,0.0221
2026-07-27,242,19260,390359.0,4.45,9.76,0.0227
2026-07-27,243,25424,570668.0,4.96,11.5,0.0434
2026-07-27,244,36461,837208.0,4.87,11.46,0.047
2026-07-27,245,3826,83983.0,5.39,12.1,0.0514
2026-07-27,246,49703,1749020.0,4.13,8.76,0.0145
2026-07-27,247,26635,536851.0,5.47,12.0,0.0486
2026-07-27,248,12246,229991.0,4.95,10.47,0.0249
2026-07-27,249,40234,1264767.0,3.85,8.59,0.0137
2026-07-27,250,13121,250394.0,4.52,9.6,0.018
2026-07-27,251,4178,86013.0,5.15,11.22,0.0413
2026-07-27,252,6687,161560.0,5.04,11.11,0.0317
2026-07-27,253,343,10412.0,5.19,12.04,0.0616
2026-07-27,254,24946,474268.0,5.36,11.35,0.0379
2026-07-27,255,46025,1317301.0,3.91,9.16,0.0175
2026-07-27,256,38356,1040845.0,4.25,9.45,0.0192
2026-07-27,257,7315,193468.0,3.91,7.96,0.007
2026-07-27,258,16095,339793.0,4.65,10.14,0.0228
2026-07-27,259,17821,351584.0,5.84,11.97,0.0465
2026-07-27,260,22696,437971.0,3.82,8.12,0.0074
2026-07-27,261,17181,722555.0,4.33,9.32,0.0197
2026-07-27,262,14207,403193.0,4.33,8.74,0.0115
2026-07-27,263,22180,643279.0,4.03,8.05,0.0077
2026-07-27,265,281,7100.0,7.76,15.69,0.135
2026-08-03,2,19,607.0,8.73,29.21,0.3158
2026-08-03,3,11803,214467.0,4.58,10.0,0.0255
2026-08-03,4,12255,314348.0,4.77,10.57,0.0291
2026-08-03,5,1434,40889.0,6.39,14.35,0.0833
2026-08-03,6,2975,68803.0,5.6,12.78,0.0597
2026-08-03,7,48771,1026949.0,3.81,8.36,0.0111
2026-08-03,8,328,6775.0,3.9,8.99,0.0092
2026-08-03,9,4728,107812.0,4.47,9.87,0.0223
2026-08-03,10,17422,373772.0,4.57,9.97,0.0252
2026-08-03,11,6079,124333.0,4.13,9.09,0.0135
2026-08-03,12,786,26445.0,5.1,10.77,0.0293
2026-08-03,13,19504,754137.0,4.09,8.41,0.0115
2026-08-03,14,26794,606695.0,4.02,8.63,0.0099
2026-08-03,15,3910,105512.0,5.5,12.57,0.0468
2026-08-03,16,10375,248385.0,4.56,10.14,0.0265
2026-08-03,17,36434,793653.0,5.1,11.24,0.038
2026-08-03,18,23821,439015.0,4.98,11.5,0.0397
2026-08-03,19,4741,108209.0,5.6,11.79,0.0412
2026-08-03,20,14389,268635.0,4.87,11.14,0.0364
2026-08-03,21,13515,266273.0,4.11,9.28,0.0154
2026-08-03,22,18670,350952.0,4.11,9.07,0.013
2026-08-03,23,7515,183733.0,5.6,13.22,0.0703
2026-08-03,24,6005,154289.0,4.72,10.79,0.0368
2026-08-03,25,27789,779468.0,4.62,10.22,0.0276
2026-08-03,26,19159,361051.0,4.59,9.89,0.0209
2026-08-03,27,998,43918.0,10.01,21.8,0.2883
2026-08-03,28,12908,267488.0,4.75,10.36,0.0246
2026-08-03,29,11544,229988.0,4.19,9.36,0.0187
2026-08-03,30,455,12992.0,8.66,18.4,0.2154
2026-08-03,31,1973,45004.0,5.26,11.4,0.045
2026-08-03,32,12371,237257.0,4.8,10.39,0.0258
2026-08-03,33,21498,669965.0,4.42,9.96,0.0269
2026-08-03,34,3366,85917.0,4.99,11.2,0.0414
2026-08-03,35,30251,553327.0,5.92,13.11,0.0632
2026-08-03,36,35929,799508.0,4.61,10.98,0.037
2026-08-03,37,51338,1178664.0,4.83,10.93,0.0354
2026-08-03,38,6311,151950.0,5.33,11.63,0.0442
2026-08-03,39,38404,710032.0,5.53,12.38,0.0562
2026-08-03,40,11396,323384.0,4.07,8.83,0.0152
2026-08-03,41,31453,667733.0,5.35,11.93,0.0491
2026-08-03,42,44409,887147.0,5.78,12.77,0.0603
2026-08-03,43,7740,243436.0,4.23,9.38,0.019
2026-08-03,44,2398,67466.0,6.51,15.11,0.1024
2026-08-03,45,11861,335420.0,4.52,9.94,0.0241
2026-08-03,46,1300,46760.0,9.22,19.62,0.2182
2026-08-03,47,16757,296536.0,5.22,11.61,0.0442
2026-08-03,48,41719,1442577.0,4.09,9.37,0.0231
2026-08-03,49,27036,665503.0,4.68,10.32,0.0288
2026-08-03,50,24682,735192.0,4.38,9.53,0.0237
2026-08-03,51,21660,459278.0,5.54,12.04,0.0489
2026-08-03,52,6806,191657.0,3.88,8.58,0.0173
2026-08-03,53,8132,194630.0,5.5,12.78,0.0583
2026-08-03,54,2573,69428.0,4.3,9.44,0.0197
2026-08-03,55,15134,355126.0,4.87,11.12,0.0367
2026-08-03,56,17095,332674.0,4.88,10.87,0.0348
2026-08-03,57,1625,40787.0,5.7,15.37,0.1078
2026-08-03,58,1912,43048.0,5.84,12.8,0.0553
2026-08-03,59,674,11832.0,5.31,12.12,0.045
2026-08-03,60,11595,207057.0,5.43,11.62,0.0451
2026-08-03,61,63573,1353022.0,5.34,12.23,0.0545
2026-08-03,62,17940,395424.0,5.42,12.21,0.0528
2026-08-03,63,17156,340985.0,4.87,10.88,0.0328
2026-08-03,64,3656,95901.0,6.31,13.28,0.0607
2026-08-03,65,23594,657381.0,4.97,10.88,0.0352
2026-08-03,66,18602,569667.0,4.67,10.58,0.0345
2026-08-03,67,9203,184227.0,4.14,9.0,0.0119
2026-08-03,68,49941,1866816.0,3.92,9.19,0.0202
2026-08-03,69,25892,494226.0,5.53,12.65,0.0581
2026-08-03,70,12614,296881.0,4.3,9.8,0.0245
2026-08-03,71,22261,430619.0,5.23,11.6,0.0419
2026-08-03,72,24861,469169.0,5.87,12.98,0.0634
2026-08-03,73,5301,108323.0,4.43,10.26,0.0276
2026-08-03,74,35205,699877.0,5.64,12.31,0.0533
2026-08-03,75,29786,713821.0,5.04,10.96,0.0341
2026-08-03,76,58133,1063306.0,5.11,11.41,0.0405
2026-08-03,77,14022,265315.0,5.43,12.28,0.049
2026-08-03,78,22464,413804.0,5.07,11.33,0.0412
2026-08-03,79,52210,1493321.0,3.88,8.91,0.0172
2026-08-03,80,34486,826295.0,4.28,9.68,0.0224
2026-08-03,81,15149,277313.0,5.6,12.09,0.0487
2026-08-03,82,39147,741803.0,4.46,10.08,0.0273
2026-08-03,83,12729,233589.0,4.41,9.52,0.0185
2026-08-03,84,2330,65534.0,6.19,13.72,0.0755
2026-08-03,85,16396,340712.0,5.01,10.82,0.0324
2026-08-03,86,11493,273204.0,7.23,16.11,0.1263
2026-08-03,87,27793,1087196.0,4.06,8.97,0.0148
2026-08-03,88,12628,498097.0,4.2,8.96,0.017
2026-08-03,89,38061,830261.0,4.55,9.86,0.0255
2026-08-03,90,28488,919107.0,3.57,7.79,0.0111
2026-08-03,91,24227,490306.0,5.07,11.11,0.0383
2026-08-03,92,29580,683298.0,4.93,11.6,0.0458
2026-08-03,93,3882,135468.0,6.1,20.16,0.1589
2026-08-03,94,10703,191872.0,5.19,11.56,0.0412
2026-08-03,95,35761,779275.0,4.46,9.93,0.0245
2026-08-03,96,900,21645.0,4.99,11.18,0.0338
2026-08-03,97,33694,848021.0,4.86,10.88,0.0373
2026-08-03,98,5021,115722.0,4.94,11.17,0.0318
2026-08-03,99,178,4450.0,6.95,15.63,0.1067
2026-08-03,100,25791,1026272.0,4.39,10.65,0.037
2026-08-03,101,4907,131487.0,5.61,12.2,0.0536
2026-08-03,102,13408,269263.0,4.78,10.86,0.0339
2026-08-03,106,10976,277224.0,4.19,8.68,0.0111
2026-08-03,107,30328,929076.0,3.9,8.71,0.0225
2026-08-03,108,7302,144625.0,4.11,9.02,0.0158
2026-08-03,109,3616,94096.0,6.24,14.08,0.0854
2026-08-03,110,9,237.0,8.35,30.87,0.375
2026-08-03,111,190,4405.0,4.48,9.32,0.0158
2026-08-03,112,50241,1268743.0,4.06,9.28,0.0205
2026-08-03,113,23407,757418.0,3.77,8.23,0.014
2026-08-03,114,23763,741767.0,3.8,8.43,0.0139
2026-08-03,115,4164,82493.0,6.2,13.72,0.0747
2026-08-03,116,21349,450613.0,5.49,12.66,0.0603
2026-08-03,117,9151,240230.0,7.68,17.38,0.156
2026-08-03,118,5323,134412.0,5.96,13.81,0.0762
2026-08-03,119,17757,407046.0,5.6,12.66,0.057
2026-08-03,120,574,12023.0,5.61,14.55,0.0936
2026-08-03,121,10242,228419.0,4.91,10.92,0.0303
2026-08-03,122,6553,137273.0,5.21,11.38,0.0414
2026-08-03,123,12499,230513.0,3.87,8.4,0.0109
2026-08-03,124,8002,182472.0,5.44,12.38,0.056
2026-08-03,125,15752,566130.0,3.7,7.75,0.0098
2026-08-03,126,15549,291936.0,5.19,11.87,0.0461
2026-08-03,127,18847,408975.0,4.85,12.0,0.0574
2026-08-03,128,1497,34680.0,4.61,10.45,0.0371
2026-08-03,129,40125,792996.0,4.46,9.95,0.0266
2026-08-03,130,43274,925273.0,4.83,10.95,0.0348
2026-08-03,131,8139,177760.0,4.77,10.26,0.023
2026-08-03,132,84319,6970997.0,6.41,14.04,0.0814
2026-08-03,133,8621,190759.0,4.21,8.88,0.0122
2026-08-03,134,12117,258036.0,4.28,9.24,0.019
2026-08-03,135,8531,190736.0,4.67,10.29,0.0201
2026-08-03,136,12426,240352.0,5.01,11.21,0.0403
2026-08-03,137,24080,660830.0,4.15,9.14,0.0193
2026-08-03,138,94347,5909656.0,5.85,13.86,0.0752
2026-08-03,139,10746,218778.0,5.29,11.49,0.0397
2026-08-03,140,25928,789603.0,4.16,9.19,0.0154
2026-08-03,141,27358,829144.0,3.75,7.63,0.0064
2026-08-03,142,28339,927681.0,3.94,8.44,0.0139
2026-08-03,143,19338,586306.0,4.26,8.94,0.0137
2026-08-03,144,30299,979209.0,4.05,9.19,0.0215
2026-08-03,145,46299,1114946.0,4.0,8.85,0.0137
2026-08-03,146,14270,332049.0,3.77,8.25,0.0137
2026-08-03,147,10345,193425.0,4.84,11.28,0.0383
2026-08-03,148,45282,1339301.0,4.19,9.77,0.0248
2026-08-03,149,11802,219578.0,3.9,8.42,0.0128
2026-08-03,150,5442,115167.0,4.36,9.89,0.024
2026-08-03,151,12659,332093.0,4.67,10.32,0.0281
2026-08-03,152,10111,213767.0,5.49,12.57,0.0562
2026-08-03,153,4531,80039.0,5.14,11.37,0.0413
2026-08-03,154,559,18092.0,5.51,12.53,0.0634
2026-08-03,155,13690,304047.0,5.17,11.79,0.0459
2026-08-03,156,7082,138021.0,5.23,11.84,0.0481
2026-08-03,157,16809,379510.0,4.88,11.19,0.037
2026-08-03,158,23722,804204.0,3.81,8.46,0.0147
2026-08-03,159,23541,434159.0,5.19,11.79,0.0468
2026-08-03,160,11722,242265.0,4.74,10.51,0.0286
2026-08-03,161,55956,2361117.0,3.89,9.28,0.0221
2026-08-03,162,37939,1514042.0,3.53,7.81,0.0115
2026-08-03,163,36416,1570304.0,3.62,8.05,0.0132
2026-08-03,164,45359,1698517.0,4.07,9.5,0.026
2026-08-03,165,13059,273544.0,4.05,8.65,0.0133
2026-08-03,166,17792,464812.0,4.65,10.63,0.0371
2026-08-03,167,18921,344468.0,5.2,11.67,0.0422
2026-08-03,168,32698,649886.0,5.41,11.95,0.0463
2026-08-03,169,23541,422648.0,5.15,11.59,0.0423
2026-08-03,170,39878,1323692.0,3.93,8.93,0.0196
2026-08-03,171,10689,212137.0,4.3,9.74,0.0198
2026-08-03,172,3298,77949.0,5.62,13.74,0.0778
2026-08-03,173,14856,294280.0,5.37,12.44,0.058
2026-08-03,174,22562,445922.0,4.51,10.24,0.0265
2026-08-03,175,3770,96915.0,5.21,11.61,0.0373
2026-08-03,176,1763,45705.0,5.93,13.54,0.0754
2026-08-03,177,21613,423603.0,5.57,12.41,0.0557
2026-08-03,178,3855,76617.0,4.08,8.8,0.01
2026-08-03,179,18354,406146.0,4.13,8.93,0.0139
2026-08-03,180,9103,167826.0,4.35,9.82,0.0246
2026-08-03,181,42882,1112852.0,3.78,8.33,0.0134
2026-08-03,182,13206,258600.0,4.65,10.23,0.0269
2026-08-03,183,7268,143410.0,4.74,10.49,0.0272
2026-08-03,184,1920,45619.0,5.89,15.25,0.1029
2026-08-03,185,16082,322513.0,4.63,10.26,0.0257
2026-08-03,186,29340,1117975.0,4.2,10.64,0.0365
2026-08-03,187,3885,76413.0,5.49,12.45,0.0575
2026-08-03,188,37731,810114.0,5.33,12.04,0.052
2026-08-03,189,16677,431257.0,4.49,10.07,0.0265
2026-08-03,190,3105,74702.0,4.8,11.02,0.0422
2026-08-03,191,15607,333858.0,5.1,11.21,0.0391
2026-08-03,192,7222,159330.0,4.34,9.7,0.0216
2026-08-03,193,10020,226589.0,4.48,9.88,0.0226
2026-08-03,194,883,28938.0,7.52,16.62,0.1519
2026-08-03,195,10067,290792.0,5.19,11.57,0.0419
2026-08-03,196,13597,284223.0,4.64,10.12,0.0257
2026-08-03,197,22704,444269.0,4.48,9.91,0.026
2026-08-03,198,30643,680492.0,4.66,10.65,0.0332
2026-08-03,199,2,95.0,19.63,32.35,0.5
2026-08-03,200,9137,238297.0,5.31,11.57,0.0435
2026-08-03,201,5388,175518.0,6.65,16.38,0.1246
2026-08-03,202,2870,89568.0,6.5,13.85,0.0734
2026-08-03,203,10049,200602.0,6.59,13.73,0.074
2026-08-03,204,1393,41345.0,5.97,14.71,0.0921
2026-08-03,205,22406,446118.0,5.52,11.98,0.05
2026-08-03,206,11030,213231.0,5.35,12.47,0.0573
2026-08-03,207,942,14627.0,3.79,7.54,0.0096
2026-08-03,208,16910,365194.0,5.01,11.15,0.0371
2026-08-03,209,9848,355827.0,4.32,9.17,0.0172
2026-08-03,210,17687,335436.0,4.11,9.2,0.019
2026-08-03,211,24003,842595.0,3.62,7.96,0.0123
2026-08-03,212,14263,255687.0,4.99,10.99,0.0335
2026-08-03,213,25163,468337.0,5.44,11.87,0.043
2026-08-03,214,4435,103659.0,5.1,12.43,0.0544
2026-08-03,215,16051,295540.0,5.16,11.19,0.039
2026-08-03,216,32818,637372.0,4.24,9.47,0.0206
2026-08-03,217,5559,100244.0,5.33,11.09,0.0301
2026-08-03,218,10929,229460.0,5.32,11.23,0.0363
2026-08-03,219,9361,199957.0,5.51,11.66,0.0416
2026-08-03,220,18104,373836.0,4.74,10.38,0.03
2026-08-03,221,7569,144617.0,5.61,12.51,0.0603
2026-08-03,222,6451,130500.0,5.7,12.2,0.0514
2026-08-03,223,24559,545545.0,3.64,8.06,0.0098
2026-08-03,224,8232,226261.0,5.45,11.64,0.0422
2026-08-03,225,36980,827901.0,5.28,11.9,0.0484
2026-08-03,226,30845,648329.0,4.23,9.27,0.0171
2026-08-03,227,13154,270888.0,4.43,9.83,0.0216
2026-08-03,228,25466,586794.0,4.49,9.43,0.0169
2026-08-03,229,23964,754973.0,3.57,7.32,0.0066
2026-08-03,230,55054,2390627.0,4.23,10.59,0.0372
2026-08-03,231,45160,1621562.0,3.67,7.77,0.0103
2026-08-03,232,18838,516168.0,5.18,11.3,0.0364
2026-08-03,233,24321,769060.0,3.91,8.25,0.0123
2026-08-03,234,45146,1520605.0,3.76,8.33,0.0144
2026-08-03,235,22220,413233.0,5.85,13.04,0.0629
2026-08-03,236,26124,838376.0,3.87,8.07,0.0097
2026-08-03,237,33639,1158858.0,3.42,7.2,0.0072
2026-08-03,238,21260,620766.0,4.36,9.71,0.0212
2026-08-03,239,25368,809997.0,4.0,8.71,0.0141
2026-08-03,240,3874,74125.0,5.64,11.83,0.0451
2026-08-03,241,17660,344321.0,5.02,10.84,0.0318
2026-08-03,242,19726,394977.0,4.49,10.03,0.0271
2026-08-03,243,25526,575931.0,5.2,12.6,0.0613
2026-08-03,244,36299,840251.0,5.05,12.35,0.0586
2026-08-03,245,3909,82935.0,5.49,12.52,0.0549
2026-08-03,246,46981,1634676.0,4.26,9.3,0.02
2026-08-03,247,28971,703814.0,5.9,13.6,0.0753
2026-08-03,248,12665,232618.0,5.04,11.04,0.0346
2026-08-03,249,39929,1230068.0,3.82,8.47,0.0131
2026-08-03,250,13164,245057.0,4.6,10.04,0.0238
2026-08-03,251,4174,84474.0,5.25,11.67,0.0439
2026-08-03,252,6608,158648.0,5.42,11.78,0.045
2026-08-03,253,437,18301.0,6.12,28.02,0.2171
2026-08-03,254,25283,470102.0,5.46,11.94,0.0461
2026-08-03,255,46279,1274404.0,3.96,9.49,0.0226
2026-08-03,256,38461,1018770.0,4.28,9.72,0.0222
2026-08-03,257,7501,193843.0,3.97,8.53,0.0112
2026-08-03,258,16197,337036.0,4.82,10.72,0.0296
2026-08-03,259,17809,347020.0,5.9,12.24,0.0506
2026-08-03,260,23282,445331.0,3.98,8.7,0.0122
2026-08-03,261,16635,683260.0,4.3,9.38,0.0219
2026-08-03,262,14103,395007.0,4.49,9.29,0.0141
2026-08-03,263,22043,636511.0,4.16,8.61,0.0117
2026-08-03,265,266,7267.0,7.68,16.73,0.1323
2026-08-10,2,30,743.0,7.28,14.07,0.1
2026-08-10,3,11503,214118.0,4.45,9.59,0.0164
2026-08-10,4,11510,290695.0,4.42,9.75,0.0193
2026-08-10,5,1384,38779.0,6.04,13.11,0.0647
2026-08-10,6,2912,67591.0,5.29,12.1,0.0496
2026-08-10,7,45090,958012.0,3.6,7.71,0.0058
2026-08-10,8,383,7752.0,3.73,8.27,0.0052
2026-08-10,9,4435,99363.0,4.45,9.59,0.0177
2026-08-10,10,16735,356418.0,4.55,9.65,0.02
2026-08-10,11,5665,119179.0,4.08,9.05,0.013
2026-08-10,12,716,24397.0,4.61,9.62,0.0212
2026-08-10,13,17316,668557.0,3.8,7.66,0.0066
2026-08-10,14,25653,595504.0,3.96,8.57,0.0104
2026-08-10,15,3920,105023.0,5.63,12.32,0.0511
2026-08-10,16,10317,246426.0,4.48,10.33,0.0275
2026-08-10,17,36705,795735.0,4.89,10.72,0.033
2026-08-10,18,23149,428865.0,4.73,10.56,0.0264
2026-08-10,19,4585,108659.0,5.28,10.79,0.027
2026-08-10,20,13845,258410.0,4.54,10.04,0.0227
2026-08-10,21,12620,249353.0,4.12,9.2,0.0153
2026-08-10,22,16960,329235.0,4.13,9.05,0.0126
2026-08-10,23,7024,168745.0,5.53,12.79,0.0604
2026-08-10,24,5609,139434.0,4.12,9.11,0.0174
2026-08-10,25,26423,731751.0,4.32,9.41,0.0173
2026-08-10,26,19021,365053.0,4.59,9.99,0.021
2026-08-10,27,987,42959.0,9.76,19.68,0.2471
2026-08-10,28,12138,255709.0,4.57,10.02,0.0172
2026-08-10,29,10748,218099.0,4.2,9.28,0.0194
2026-08-10,30,390,10485.0,8.27,17.29,0.1474
2026-08-10,31,2158,53963.0,4.99,11.13,0.0356
2026-08-10,32,12105,235155.0,4.62,9.79,0.0175
2026-08-10,33,20538,635355.0,4.1,9.1,0.017
2026-08-10,34,3212,83693.0,4.67,11.02,0.0395
2026-08-10,35,29992,555584.0,5.77,12.96,0.061
2026-08-10,36,37172,836146.0,4.53,10.86,0.0351
2026-08-10,37,52500,1211393.0,4.65,10.48,0.0304
2026-08-10,38,6326,149525.0,5.31,11.35,0.0408
2026-08-10,39,38251,710923.0,5.36,12.14,0.0507
2026-08-10,40,10903,303870.0,3.86,8.14,0.0134
2026-08-10,41,31011,641276.0,4.74,10.44,0.0289
2026-08-10,42,44317,869732.0,5.26,11.67,0.0416
2026-08-10,43,6752,211885.0,3.75,7.93,0.0064
2026-08-10,44,2370,66667.0,6.66,14.86,0.0967
2026-08-10,45,10839,306770.0,4.24,9.25,0.0178
2026-08-10,46,1395,48888.0,8.66,18.78,0.197
2026-08-10,47,16490,289131.0,4.87,10.65,0.0271
2026-08-10,48,37985,1262568.0,3.56,7.89,0.012
2026-08-10,49,26592,646602.0,4.33,9.27,0.0177
2026-08-10,50,22615,671147.0,3.88,8.19,0.011
2026-08-10,51,20881,447116.0,5.41,11.6,0.04
2026-08-10,52,6664,190615.0,3.68,7.84,0.0085
2026-08-10,53,7883,188879.0,5.3,11.92,0.0507
2026-08-10,54,2497,69576.0,4.09,8.4,0.0109
2026-08-10,55,16026,402830.0,4.98,11.72,0.0503
2026-08-10,56,16078,316827.0,4.63,10.11,0.024
2026-08-10,57,1404,29774.0,5.02,11.55,0.0468
2026-08-10,58,1883,41876.0,5.66,11.76,0.0393
2026-08-10,59,694,12547.0,5.49,11.52,0.0336
2026-08-10,60,11351,199916.0,5.06,10.86,0.0278
2026-08-10,61,62013,1306424.0,4.99,11.28,0.0394
2026-08-10,62,16703,367980.0,4.98,10.83,0.0328
2026-08-10,63,16824,334914.0,4.67,10.43,0.0231
2026-08-10,64,3631,96316.0,6.27,13.16,0.0613
2026-08-10,65,23042,617977.0,4.66,10.3,0.0265
2026-08-10,66,17599,531036.0,4.41,10.21,0.0303
2026-08-10,67,8798,181247.0,4.11,8.94,0.012
2026-08-10,68,44413,1634786.0,3.43,7.62,0.0088
2026-08-10,69,25150,480376.0,5.17,11.56,0.0417
2026-08-10,70,11731,263398.0,4.07,9.28,0.0194
2026-08-10,71,21613,425472.0,5.05,10.94,0.0351
2026-08-10,72,24705,460896.0,5.67,12.51,0.0557
2026-08-10,73,5113,104986.0,4.36,9.86,0.0221
2026-08-10,74,37718,789290.0,5.26,11.47,0.0387
2026-08-10,75,29779,699861.0,4.59,9.97,0.022
2026-08-10,76,57669,1060634.0,4.99,11.02,0.0356
2026-08-10,77,13843,268544.0,5.16,11.48,0.0413
2026-08-10,78,22506,410597.0,4.72,10.49,0.0283
2026-08-10,79,48871,1360924.0,3.46,7.62,0.0086
2026-08-10,80,35409,881560.0,4.15,9.66,0.0231
2026-08-10,81,14684,267460.0,5.3,11.36,0.0395
2026-08-10,82,37375,714795.0,4.26,9.47,0.0187
2026-08-10,83,12173,229663.0,4.2,9.18,0.0149
2026-08-10,84,2179,60410.0,5.97,13.1,0.067
2026-08-10,85,15915,327422.0,4.75,10.11,0.0248
2026-08-10,86,11270,266969.0,7.19,15.78,0.1161
2026-08-10,87,26155,1011275.0,3.81,8.25,0.0095
2026-08-10,88,11543,457575.0,3.91,8.44,0.0113
2026-08-10,89,37326,817318.0,4.41,9.36,0.0167
2026-08-10,90,26498,855952.0,3.17,6.66,0.0044
2026-08-10,91,24240,489075.0,4.93,10.83,0.0342
2026-08-10,92,27587,640405.0,4.74,10.8,0.035
2026-08-10,93,3900,131362.0,6.03,17.12,0.1317
2026-08-10,94,10393,187447.0,4.83,10.76,0.0282
2026-08-10,95,34829,792507.0,4.39,9.86,0.0223
2026-08-10,96,964,23631.0,5.23,11.4,0.0396
2026-08-10,97,31147,772501.0,4.49,9.96,0.0248
2026-08-10,98,4904,114661.0,4.76,10.76,0.0282
2026-08-10,99,158,3514.0,6.51,14.39,0.0701
2026-08-10,100,23266,912863.0,3.76,8.67,0.0159
2026-08-10,101,4893,128723.0,5.55,11.91,0.0507
2026-08-10,102,12473,249828.0,4.59,10.06,0.0225
2026-08-10,106,10368,259852.0,4.04,8.52,0.0106
2026-08-10,107,27011,814395.0,3.29,6.76,0.005
2026-08-10,108,6900,138297.0,4.21,9.45,0.0181
2026-08-10,109,3649,92679.0,5.86,13.43,0.0727
2026-08-10,110,10,267.0,8.17,11.67,0.0
2026-08-10,111,208,4666.0,3.46,9.0,0.0337
2026-08-10,112,44558,1131310.0,3.81,8.24,0.0106
2026-08-10,113,20822,662505.0,3.31,6.91,0.0064
2026-08-10,114,21929,677333.0,3.47,7.68,0.0092
2026-08-10,115,4110,81395.0,6.09,13.21,0.0622
2026-08-10,116,21035,439981.0,4.91,11.2,0.0384
2026-08-10,117,8969,235229.0,7.64,17.06,0.1487
2026-08-10,118,5156,130262.0,5.77,13.37,0.0716
2026-08-10,119,16679,344467.0,5.14,11.62,0.0404
2026-08-10,120,491,9899.0,4.8,11.23,0.0456
2026-08-10,121,9921,226805.0,4.79,10.58,0.0237
2026-08-10,122,6335,134741.0,5.21,11.24,0.0402
2026-08-10,123,11879,222407.0,3.78,8.43,0.0109
2026-08-10,124,8036,181071.0,5.48,12.28,0.0507
2026-08-10,125,14727,536960.0,3.38,7.13,0.0069
2026-08-10,126,15591,291747.0,4.88,10.86,0.0312
2026-08-10,127,18557,401844.0,4.5,10.74,0.039
2026-08-10,128,1471,32438.0,4.21,8.54,0.0184
2026-08-10,129,38134,760769.0,4.24,9.28,0.0179
2026-08-10,130,41554,899817.0,4.69,10.38,0.0291
2026-08-10,131,7829,179278.0,4.73,10.07,0.0228
2026-08-10,132,82094,6786247.0,6.27,13.5,0.0727
2026-08-10,133,8419,188165.0,4.06,8.48,0.0089
2026-08-10,134,11538,245187.0,4.15,9.09,0.0145
2026-08-10,135,8219,187613.0,4.56,9.89,0.0199
2026-08-10,136,12314,242964.0,4.74,10.52,0.0263
2026-08-10,137,21721,594959.0,3.62,7.71,0.0085
2026-08-10,138,88937,5584517.0,5.49,12.58,0.0513
2026-08-10,139,10682,219471.0,5.2,11.26,0.0346
2026-08-10,140,24129,732253.0,3.77,8.18,0.0083
2026-08-10,141,25250,761669.0,3.53,7.11,0.0043
2026-08-10,142,25099,828665.0,3.52,7.14,0.005
2026-08-10,143,18076,527915.0,3.7,7.43,0.0051
2026-08-10,144,28044,890830.0,3.7,8.23,0.013
2026-08-10,145,43026,1056709.0,3.84,8.44,0.0114
2026-08-10,146,13513,326420.0,3.65,7.89,0.0068
2026-08-10,147,10201,189612.0,4.58,10.48,0.0261
2026-08-10,148,42986,1275798.0,3.92,9.3,0.0216
2026-08-10,149,11331,213087.0,3.8,8.26,0.0112
2026-08-10,150,5259,112382.0,4.4,10.26,0.0338
2026-08-10,151,12039,310773.0,4.09,8.71,0.0117
2026-08-10,152,10208,215535.0,4.87,10.94,0.0357
2026-08-10,153,4731,82339.0,4.86,10.35,0.0244
2026-08-10,154,584,19020.0,5.58,12.05,0.0643
2026-08-10,155,13658,305169.0,5.02,11.48,0.0445
2026-08-10,156,6830,134810.0,5.09,11.87,0.0445
2026-08-10,157,15790,334030.0,4.56,10.02,0.0217
2026-08-10,158,22149,754301.0,3.43,7.3,0.0079
2026-08-10,159,22634,420551.0,4.74,10.55,0.0285
2026-08-10,160,11051,229143.0,4.55,9.78,0.0181
2026-08-10,161,51000,2086856.0,3.38,7.29,0.0066
2026-08-10,162,32954,1294332.0,3.14,6.64,0.0042
2026-08-10,163,31782,1341192.0,3.19,6.68,0.0042
2026-08-10,164,41585,1521532.0,3.51,7.82,0.0106
2026-08-10,165,12880,272956.0,3.98,8.57,0.0112
2026-08-10,166,15650,386309.0,4.06,9.07,0.0194
2026-08-10,167,18522,343196.0,4.83,10.55,0.0275
2026-08-10,168,33469,679212.0,5.05,11.08,0.0337
2026-08-10,169,23261,416667.0,4.84,10.89,0.0305
2026-08-10,170,36353,1184283.0,3.43,7.23,0.0073
2026-08-10,171,10503,216051.0,4.17,9.31,0.0167
2026-08-10,172,3135,74605.0,5.6,13.14,0.0683
2026-08-10,173,13582,261512.0,4.93,11.0,0.0354
2026-08-10,174,21687,432449.0,4.23,9.35,0.0167
2026-08-10,175,3587,91530.0,5.23,11.3,0.0302
2026-08-10,176,1706,45527.0,5.86,13.27,0.067
2026-08-10,177,22294,434522.0,5.33,11.89,0.0474
2026-08-10,178,3586,71817.0,3.93,8.49,0.0093
2026-08-10,179,17962,400958.0,3.96,8.5,0.01
2026-08-10,180,8860,169981.0,4.36,9.46,0.0165
2026-08-10,181,40568,1054511.0,3.6,7.99,0.0128
2026-08-10,182,12700,253383.0,4.47,9.45,0.0172
2026-08-10,183,7083,141089.0,4.56,10.21,0.0237
2026-08-10,184,1932,44179.0,6.22,15.19,0.1033
2026-08-10,185,15506,313711.0,4.51,9.8,0.0215
2026-08-10,186,25952,955955.0,3.39,8.25,0.0155
2026-08-10,187,3854,75967.0,5.41,12.29,0.054
2026-08-10,188,36034,773202.0,4.91,10.62,0.0305
2026-08-10,189,15768,407107.0,4.22,9.12,0.0173
2026-08-10,190,2918,69658.0,4.41,9.45,0.0152
2026-08-10,191,15133,333447.0,5.08,11.0,0.0341
2026-08-10,192,7248,159903.0,4.23,9.63,0.0165
2026-08-10,193,9219,202639.0,4.24,9.31,0.0149
2026-08-10,194,682,22112.0,7.27,15.51,0.1096
2026-08-10,195,9468,272109.0,4.98,11.6,0.0426
2026-08-10,196,13384,282139.0,4.53,9.76,0.019
2026-08-10,197,22577,441635.0,4.38,9.72,0.0216
2026-08-10,198,30283,675900.0,4.44,10.07,0.0255
2026-08-10,199,4,355.0,12.38,15.77,0.5
2026-08-10,200,8906,230568.0,5.23,11.22,0.0337
2026-08-10,201,4974,154568.0,6.65,16.02,0.1203
2026-08-10,202,2970,91172.0,6.28,12.7,0.0561
2026-08-10,203,9827,194078.0,6.49,13.64,0.0728
2026-08-10,204,1396,43356.0,5.89,13.35,0.0699
2026-08-10,205,21720,435299.0,5.46,11.77,0.0446
2026-08-10,206,10840,207149.0,5.22,12.27,0.0538
2026-08-10,207,949,13834.0,3.78,7.22,0.0042
2026-08-10,208,16779,370993.0,4.88,10.79,0.0298
2026-08-10,209,9167,335536.0,4.1,8.63,0.014
2026-08-10,210,16500,323017.0,4.1,9.21,0.0167
2026-08-10,211,21983,756324.0,3.32,7.19,0.0074
2026-08-10,212,13650,244800.0,4.77,10.22,0.0219
2026-08-10,213,25198,474976.0,5.19,11.14,0.0355
2026-08-10,214,4286,100317.0,4.86,11.99,0.0532
2026-08-10,215,15434,289872.0,4.98,10.6,0.0325
2026-08-10,216,32761,638059.0,4.11,9.0,0.0147
2026-08-10,217,5675,101532.0,4.95,10.58,0.0274
2026-08-10,218,10801,226769.0,5.22,10.87,0.0294
2026-08-10,219,9338,198662.0,5.53,11.59,0.0382
2026-08-10,220,17445,358915.0,4.48,9.66,0.0205
2026-08-10,221,7094,136741.0,5.49,12.32,0.0582
2026-08-10,222,6298,129141.0,5.54,11.99,0.0449
2026-08-10,223,24313,545012.0,3.6,8.04,0.0095
2026-08-10,224,8170,218968.0,4.48,8.99,0.0125
2026-08-10,225,37816,838822.0,5.1,11.35,0.0398
2026-08-10,226,29056,610130.0,4.07,8.77,0.0112
2026-08-10,227,12520,261846.0,4.35,9.93,0.0193
2026-08-10,228,25272,631323.0,4.58,10.12,0.0271
2026-08-10,229,21773,688665.0,3.33,6.72,0.0033
2026-08-10,230,49924,2118678.0,3.59,8.4,0.015
2026-08-10,231,40859,1462136.0,3.46,7.2,0.0059
2026-08-10,232,18395,498135.0,4.86,10.42,0.0254
2026-08-10,233,23038,715039.0,3.62,7.43,0.0068
2026-08-10,234,41408,1370536.0,3.28,6.97,0.0057
2026-08-10,235,21553,399847.0,5.42,11.93,0.0434
2026-08-10,236,23721,753874.0,3.51,6.93,0.0039
2026-08-10,237,29157,1010364.0,3.15,6.47,0.0032
2026-08-10,238,19474,566487.0,3.8,8.07,0.0085
2026-08-10,239,23929,750586.0,3.52,7.15,0.0052
2026-08-10,240,3895,77042.0,5.39,11.24,0.0388
2026-08-10,241,17286,338797.0,4.72,10.19,0.0234
2026-08-10,242,18946,381548.0,4.25,9.41,0.0194
2026-08-10,243,25181,558172.0,4.79,11.03,0.038
2026-08-10,244,35681,801073.0,4.61,10.74,0.0352
2026-08-10,245,3815,82097.0,5.51,12.34,0.0495
2026-08-10,246,41492,1418101.0,3.72,7.91,0.0095
2026-08-10,247,27107,574578.0,5.28,11.96,0.0473
2026-08-10,248,12467,227191.0,4.75,10.28,0.0242
2026-08-10,249,36639,1126012.0,3.43,7.48,0.0085
2026-08-10,250,12939,247778.0,4.35,9.61,0.0156
2026-08-10,251,3979,84442.0,5.08,11.69,0.0435
2026-08-10,252,6723,160254.0,5.19,11.54,0.035
2026-08-10,253,308,9724.0,5.39,18.16,0.1279
2026-08-10,254,24987,473010.0,5.31,11.31,0.0375
2026-08-10,255,44156,1246852.0,3.78,8.92,0.017
2026-08-10,256,36974,973106.0,4.05,9.15,0.0175
2026-08-10,257,6701,174201.0,3.84,8.09,0.007
2026-08-10,258,15908,331704.0,4.69,10.17,0.0234
2026-08-10,259,17507,342821.0,5.76,12.04,0.0475
2026-08-10,260,21948,419088.0,3.8,8.2,0.0083
2026-08-10,261,15368,630904.0,4.01,8.72,0.0144
2026-08-10,262,13722,379504.0,4.05,8.23,0.0068
2026-08-10,263,20953,593909.0,3.81,7.67,0.0066
2026-08-10,265,248,6659.0,7.8,16.15,0.1475
2026-08-17,1,1,40.0,,,
2026-08-17,2,9,202.0,8.85,32.92,0.2222
2026-08-17,3,11081,206111.0,4.44,9.51,0.0207
2026-08-17,4,11656,287140.0,4.39,9.54,0.0186
2026-08-17,5,1368,39163.0,6.45,14.15,0.0868
2026-08-17,6,2779,64294.0,5.23,11.76,0.0439
2026-08-17,7,44683,940769.0,3.68,8.03,0.008
2026-08-17,8,301,6195.0,3.75,8.63,0.0033
2026-08-17,9,4275,94784.0,4.32,9.35,0.0177
2026-08-17,10,16201,345694.0,4.4,9.31,0.0159
2026-08-17,11,5515,114850.0,4.09,8.92,0.0129
2026-08-17,12,600,20085.0,4.02,8.34,0.0084
2026-08-17,13,16984,646477.0,3.78,7.85,0.0091
2026-08-17,14,24775,568295.0,3.94,8.66,0.0119
2026-08-17,15,3752,99120.0,5.44,11.9,0.0472
2026-08-17,16,9794,229876.0,4.38,9.65,0.0201
2026-08-17,17,36605,795592.0,4.63,10.2,0.028
2026-08-17,18,22950,425756.0,4.68,10.5,0.0285
2026-08-17,19,4460,107510.0,5.31,11.12,0.0363
2026-08-17,20,14045,273805.0,4.43,9.88,0.0216
2026-08-17,21,12390,244619.0,4.08,8.9,0.011
2026-08-17,22,17549,341438.0,4.3,9.32,0.0171
2026-08-17,23,7147,176565.0,5.52,12.76,0.0583
2026-08-17,24,5412,131201.0,3.98,9.14,0.016
2026-08-17,25,26237,729490.0,4.3,9.41,0.0201
2026-08-17,26,19730,372253.0,4.62,9.97,0.0251
2026-08-17,27,749,30313.0,9.76,19.43,0.2149
2026-08-17,28,12112,256051.0,4.6,10.04,0.0199
2026-08-17,29,10680,214770.0,4.12,8.95,0.0145
2026-08-17,30,381,10692.0,7.85,17.7,0.1708
2026-08-17,31,1924,45939.0,4.88,11.12,0.0368
2026-08-17,32,11411,217145.0,4.56,9.62,0.019
2026-08-17,33,20488,642996.0,4.04,9.15,0.0202
2026-08-17,34,4422,115396.0,4.6,10.41,0.0338
2026-08-17,35,29517,539157.0,5.55,12.03,0.0458
2026-08-17,36,37755,851876.0,4.46,10.72,0.037
2026-08-17,37,51989,1194526.0,4.56,10.51,0.0321
2026-08-17,38,5900,144034.0,5.26,11.27,0.0373
2026-08-17,39,36827,690852.0,5.29,11.38,0.0382
2026-08-17,40,10925,305372.0,3.99,8.66,0.012
2026-08-17,41,29759,624522.0,4.51,9.87,0.0237
2026-08-17,42,41980,834984.0,4.97,10.72,0.0311
2026-08-17,43,6364,195193.0,3.62,7.94,0.0086
2026-08-17,44,2282,64360.0,6.52,14.91,0.0979
2026-08-17,45,10731,301400.0,4.02,8.87,0.0196
2026-08-17,46,1297,45553.0,8.61,18.18,0.1855
2026-08-17,47,15744,275808.0,4.69,9.94,0.0214
2026-08-17,48,37754,1267048.0,3.59,8.34,0.0159
2026-08-17,49,27476,663633.0,4.21,9.21,0.0172
2026-08-17,50,22068,652986.0,3.85,8.38,0.0157
2026-08-17,51,19914,423280.0,5.47,11.5,0.0394
2026-08-17,52,6493,182503.0,3.69,8.25,0.0116
2026-08-17,53,7840,182135.0,5.32,12.09,0.0496
2026-08-17,54,2362,63202.0,4.12,9.29,0.0164
2026-08-17,55,14402,343719.0,4.72,10.8,0.0336
2026-08-17,56,16464,323012.0,4.73,10.07,0.0216
2026-08-17,57,1444,29853.0,5.26,11.84,0.039
2026-08-17,58,1797,42563.0,5.75,12.37,0.0446
2026-08-17,59,575,10163.0,4.81,10.24,0.0211
2026-08-17,60,10754,196950.0,4.93,10.55,0.0266
2026-08-17,61,61262,1299134.0,4.89,10.84,0.0341
2026-08-17,62,16790,366011.0,5.0,10.9,0.0315
2026-08-17,63,15591,313068.0,4.58,10.14,0.022
2026-08-17,64,3327,88202.0,6.13,13.23,0.0659
2026-08-17,65,22638,620016.0,4.53,9.93,0.0216
2026-08-17,66,17079,510440.0,4.24,9.92,0.027
2026-08-17,67,8594,176415.0,4.07,8.75,0.012
2026-08-17,68,43838,1628456.0,3.42,8.0,0.0146
2026-08-17,69,23990,458623.0,4.89,10.7,0.03
2026-08-17,70,11765,264710.0,4.12,9.1,0.0151
2026-08-17,71,20785,404093.0,4.9,10.5,0.0277
2026-08-17,72,24105,441783.0,5.46,11.78,0.0469
2026-08-17,73,5304,107117.0,4.45,9.81,0.0199
2026-08-17,74,32709,646315.0,4.85,10.32,0.0246
2026-08-17,75,28504,672373.0,4.5,9.72,0.0212
2026-08-17,76,55158,1011947.0,4.82,10.39,0.028
2026-08-17,77,13510,258293.0,4.98,11.02,0.0328
2026-08-17,78,21696,403297.0,4.63,10.14,0.0232
2026-08-17,79,49023,1345081.0,3.45,7.77,0.0113
2026-08-17,80,38100,953951.0,4.28,10.26,0.0308
2026-08-17,81,14124,261421.0,5.24,11.03,0.035
2026-08-17,82,37782,714508.0,4.29,9.73,0.0217
2026-08-17,83,12340,229924.0,4.22,9.24,0.0166
2026-08-17,84,2244,61650.0,5.98,12.88,0.0677
2026-08-17,85,15560,320991.0,4.63,9.9,0.0217
2026-08-17,86,10765,252485.0,6.8,14.98,0.0992
2026-08-17,87,25504,967540.0,3.71,8.15,0.0107
2026-08-17,88,10805,427157.0,3.78,8.25,0.0123
2026-08-17,89,35956,779330.0,4.36,9.22,0.0143
2026-08-17,90,26211,857794.0,3.17,7.09,0.008
2026-08-17,91,23356,470608.0,4.86,10.27,0.0266
2026-08-17,92,27952,639518.0,4.94,11.35,0.0416
2026-08-17,93,5582,218021.0,6.17,18.29,0.1476
2026-08-17,94,10331,185961.0,4.74,10.35,0.0266
2026-08-17,95,36420,846865.0,4.61,10.95,0.0377
2026-08-17,96,876,21120.0,4.94,10.63,0.0347
2026-08-17,97,30887,773900.0,4.43,9.91,0.0246
2026-08-17,98,4652,106132.0,4.79,10.79,0.0305
2026-08-17,99,156,3474.0,6.31,14.25,0.0769
2026-08-17,100,23300,936063.0,3.67,9.28,0.0238
2026-08-17,101,4881,131170.0,5.59,12.32,0.0507
2026-08-17,102,12198,242447.0,4.69,10.28,0.0288
2026-08-17,105,2,35.0,19.22,33.15,0.5
2026-08-17,106,10769,270185.0,4.17,8.86,0.0143
2026-08-17,107,27481,825058.0,3.31,6.95,0.0059
2026-08-17,108,6900,139735.0,4.21,9.15,0.0123
2026-08-17,109,3416,83796.0,6.0,14.02,0.0784
2026-08-17,110,7,273.0,7.8,10.3,0.0
2026-08-17,111,212,4685.0,3.98,8.24,0.0144
2026-08-17,112,49748,1240663.0,3.96,9.02,0.0184
2026-08-17,113,21206,667661.0,3.27,7.07,0.0083
2026-08-17,114,22188,696842.0,3.45,7.99,0.0149
2026-08-17,115,3972,79804.0,6.07,12.71,0.0573
2026-08-17,116,20369,427922.0,4.6,10.27,0.0269
2026-08-17,117,8454,215030.0,7.35,16.33,0.1262
2026-08-17,118,4990,125067.0,5.83,13.25,0.0715
2026-08-17,119,16207,320415.0,4.91,10.76,0.0321
2026-08-17,120,424,8267.0,4.26,9.19,0.0144
2026-08-17,121,9619,217314.0,4.76,10.46,0.0246
2026-08-17,122,6252,131277.0,5.09,11.05,0.0354
2026-08-17,123,12046,221982.0,3.9,8.31,0.0099
2026-08-17,124,7804,178920.0,5.4,11.87,0.0425
2026-08-17,125,14556,538435.0,3.53,8.11,0.0176
2026-08-17,126,14611,274197.0,4.83,10.77,0.0299
2026-08-17,127,18099,386452.0,4.17,9.55,0.0215
2026-08-17,128,1387,31466.0,4.03,8.51,0.0087
2026-08-17,129,39054,771863.0,4.29,9.39,0.0194
2026-08-17,130,40709,879758.0,4.73,10.69,0.0326
2026-08-17,131,7652,178002.0,4.74,10.25,0.0283
2026-08-17,132,87728,7239787.0,6.75,15.56,0.1098
2026-08-17,133,8387,187996.0,4.07,8.61,0.0114
2026-08-17,134,11366,244280.0,4.26,9.4,0.0185
2026-08-17,135,7973,179343.0,4.65,9.93,0.0204
2026-08-17,136,11856,232653.0,4.51,10.13,0.0235
2026-08-17,137,22019,603551.0,3.59,7.89,0.0087
2026-08-17,138,95540,5900558.0,5.82,13.08,0.0625
2026-08-17,139,9895,203236.0,5.11,10.94,0.0328
2026-08-17,140,24681,749204.0,3.81,8.44,0.0147
2026-08-17,141,25078,760519.0,3.53,7.29,0.0072
2026-08-17,142,24597,811981.0,3.49,7.51,0.009
2026-08-17,143,18155,537197.0,3.71,7.74,0.0084
2026-08-17,144,28034,903942.0,3.59,7.87,0.0115
2026-08-17,145,45022,1082878.0,3.91,8.93,0.0154
2026-08-17,146,12643,298447.0,3.63,8.2,0.0123
2026-08-17,147,9701,181963.0,4.49,10.01,0.0198
2026-08-17,148,42042,1221693.0,3.82,9.04,0.0203
2026-08-17,149,11232,214295.0,3.81,8.1,0.0102
2026-08-17,150,5088,110806.0,4.28,9.62,0.0176
2026-08-17,151,12251,320519.0,4.05,8.77,0.0159
2026-08-17,152,9522,198219.0,4.59,10.45,0.0309
2026-08-17,153,4623,80782.0,4.63,10.36,0.0288
2026-08-17,154,445,13330.0,5.78,11.73,0.0384
2026-08-17,155,13119,293891.0,5.01,11.13,0.039
2026-08-17,156,6544,126165.0,5.11,11.55,0.0412
2026-08-17,157,15668,330122.0,4.6,10.21,0.0263
2026-08-17,158,21387,732120.0,3.38,7.65,0.0101
2026-08-17,159,21995,408186.0,4.57,10.3,0.026
2026-08-17,160,11068,234511.0,4.66,9.96,0.0224
2026-08-17,161,49059,2076531.0,3.37,7.87,0.0152
2026-08-17,162,32438,1282091.0,3.2,7.08,0.0085
2026-08-17,163,31039,1305845.0,3.19,7.13,0.0087
2026-08-17,164,41548,1523030.0,3.44,8.06,0.014
2026-08-17,165,12919,275207.0,3.93,8.44,0.0105
2026-08-17,166,14897,359224.0,3.9,8.84,0.0184
2026-08-17,167,17796,326944.0,4.68,9.98,0.019
2026-08-17,168,31073,616999.0,4.83,10.36,0.0243
2026-08-17,169,22721,408615.0,4.73,10.29,0.0262
2026-08-17,170,35952,1177337.0,3.36,7.32,0.0086
2026-08-17,171,10315,208680.0,4.23,9.37,0.0187
2026-08-17,172,2994,72285.0,5.55,12.86,0.063
2026-08-17,173,13712,258765.0,5.03,10.86,0.033
2026-08-17,174,21030,416559.0,4.2,9.21,0.0169
2026-08-17,175,3589,93642.0,5.05,11.26,0.0266
2026-08-17,176,1652,44470.0,5.7,13.23,0.0655
2026-08-17,177,21439,418058.0,5.09,11.17,0.036
2026-08-17,178,3845,75537.0,3.97,8.28,0.0084
2026-08-17,179,17220,378920.0,4.01,8.58,0.0101
2026-08-17,180,8649,161731.0,4.27,9.26,0.0149
2026-08-17,181,40479,1060374.0,3.68,8.36,0.0137
2026-08-17,182,12473,244182.0,4.5,9.54,0.0154
2026-08-17,183,6768,131047.0,4.57,10.04,0.0231
2026-08-17,184,1480,33256.0,5.75,13.1,0.0693
2026-08-17,185,15301,306774.0,4.46,9.89,0.0233
2026-08-17,186,26554,955499.0,3.37,8.84,0.0256
2026-08-17,187,3713,74747.0,5.23,11.74,0.0473
2026-08-17,188,35943,757596.0,4.75,10.23,0.0263
2026-08-17,189,15875,412523.0,4.26,9.62,0.0224
2026-08-17,190,2744,66718.0,4.21,9.01,0.0162
2026-08-17,191,14745,318773.0,4.96,10.71,0.0333
2026-08-17,192,7160,155047.0,4.27,9.5,0.0178
2026-08-17,193,8917,193724.0,4.28,9.23,0.0131
2026-08-17,194,843,27138.0,6.87,16.34,0.1212
2026-08-17,195,9758,292355.0,5.18,11.54,0.0453
2026-08-17,196,13085,277133.0,4.55,9.9,0.0216
2026-08-17,197,22073,432047.0,4.35,9.59,0.0204
2026-08-17,198,30488,678360.0,4.5,10.1,0.027
2026-08-17,200,9107,234905.0,5.1,11.28,0.0376
2026-08-17,201,4193,125325.0,6.17,14.89,0.0978
2026-08-17,202,2931,90254.0,6.37,13.09,0.0638
2026-08-17,203,9837,195536.0,6.48,13.62,0.0725
2026-08-17,204,1399,42642.0,6.07,13.81,0.0709
2026-08-17,205,20773,412234.0,5.35,11.53,0.0424
2026-08-17,206,10375,196647.0,5.12,11.77,0.0479
2026-08-17,207,967,13984.0,3.83,7.17,0.0052
2026-08-17,208,15801,349381.0,4.89,10.83,0.028
2026-08-17,209,9056,321984.0,4.01,8.61,0.0149
2026-08-17,210,15904,305830.0,3.99,8.83,0.0137
2026-08-17,211,22151,782861.0,3.35,7.63,0.0124
2026-08-17,212,13448,240417.0,4.69,9.98,0.0186
2026-08-17,213,23616,443531.0,5.14,10.97,0.0336
2026-08-17,214,4124,98715.0,4.97,11.95,0.0545
2026-08-17,215,15183,285472.0,4.87,10.11,0.0263
2026-08-17,216,31824,620199.0,4.09,8.92,0.0135
2026-08-17,217,5732,104491.0,4.91,10.21,0.0299
2026-08-17,218,10179,215690.0,5.13,10.5,0.0273
2026-08-17,219,8873,186214.0,5.4,11.12,0.0341
2026-08-17,220,17110,350114.0,4.4,9.53,0.0193
2026-08-17,221,7015,134982.0,5.39,11.99,0.0469
2026-08-17,222,6009,124034.0,5.38,11.26,0.0383
2026-08-17,223,23172,510048.0,3.63,8.01,0.0083
2026-08-17,224,8320,221324.0,4.53,9.04,0.0138
2026-08-17,225,36021,804478.0,4.82,10.55,0.0311
2026-08-17,226,29400,617344.0,4.12,8.91,0.0166
2026-08-17,227,12164,255422.0,4.42,9.72,0.0229
2026-08-17,228,26483,706552.0,4.7,11.07,0.0422
2026-08-17,229,21517,670173.0,3.37,7.05,0.0071
2026-08-17,230,48741,2076292.0,3.59,9.01,0.0222
2026-08-17,231,39364,1432953.0,3.43,7.28,0.0091
2026-08-17,232,17754,475630.0,4.88,10.45,0.0274
2026-08-17,233,21975,684734.0,3.58,7.44,0.007
2026-08-17,234,41922,1435445.0,3.31,7.55,0.0116
2026-08-17,235,20519,383404.0,5.21,11.32,0.0344
2026-08-17,236,22986,734683.0,3.51,7.06,0.0061
2026-08-17,237,28803,986125.0,3.12,6.65,0.0059
2026-08-17,238,19569,572801.0,3.82,8.4,0.0142
2026-08-17,239,23026,733320.0,3.55,7.54,0.0096
2026-08-17,240,3860,74021.0,5.45,11.05,0.0311
2026-08-17,241,17272,335452.0,4.51,9.82,0.0214
2026-08-17,242,18984,383112.0,4.26,9.6,0.0226
2026-08-17,243,24568,542018.0,4.47,9.98,0.026
2026-08-17,244,34856,783082.0,4.29,9.91,0.0251
2026-08-17,245,3715,79470.0,5.31,11.74,0.0495
2026-08-17,246,44008,1543459.0,3.93,9.01,0.0226
2026-08-17,247,25887,526279.0,5.02,11.13,0.0369
2026-08-17,248,11954,217606.0,4.63,9.87,0.0182
2026-08-17,249,35457,1100713.0,3.42,7.85,0.0119
2026-08-17,250,12576,236027.0,4.41,9.64,0.0173
2026-08-17,251,3890,82218.0,4.93,10.97,0.0345
2026-08-17,252,6609,158595.0,5.23,11.49,0.0402
2026-08-17,253,338,10818.0,5.23,11.77,0.0511
2026-08-17,254,24235,455633.0,5.21,11.0,0.0337
2026-08-17,255,46657,1281010.0,3.88,9.45,0.0216
2026-08-17,256,38686,1005184.0,4.09,9.28,0.0186
2026-08-17,257,6583,173222.0,3.91,7.97,0.0061
2026-08-17,258,15442,321218.0,4.63,10.18,0.024
2026-08-17,259,16905,328177.0,5.66,11.6,0.0412
2026-08-17,260,22437,424683.0,3.84,8.43,0.0129
2026-08-17,261,14566,610135.0,3.92,8.39,0.0139
2026-08-17,262,13272,369215.0,4.06,8.08,0.0097
2026-08-17,263,21046,598153.0,3.84,7.79,0.0075
2026-08-17,265,248,7310.0,7.35,18.22,0.1292
2026-08-24,2,18,612.0,7.01,21.13,0.2222
2026-08-24,3,10776,195406.0,4.3,9.09,0.0135
2026-08-24,4,11946,295771.0,4.3,9.37,0.0149
2026-08-24,5,1312,35376.0,5.88,13.59,0.0693
2026-08-24,6,2739,63916.0,5.2,11.42,0.0388
2026-08-24,7,43640,922667.0,3.58,7.79,0.0057
2026-08-24,8,355,7575.0,3.98,8.55,0.0085
2026-08-24,9,4172,90458.0,4.27,9.31,0.0144
2026-08-24,10,16010,341805.0,4.35,9.29,0.0157
2026-08-24,11,5425,111960.0,4.07,8.82,0.0145
2026-08-24,12,591,19535.0,4.21,9.51,0.0187
2026-08-24,13,15781,582666.0,3.65,7.36,0.0057
2026-08-24,14,24119,563220.0,3.88,8.21,0.0085
2026-08-24,15,3499,91730.0,5.48,11.86,0.0443
2026-08-24,16,9870,230806.0,4.34,9.49,0.017
2026-08-24,17,35838,771451.0,4.62,9.86,0.0223
2026-08-24,18,22888,420329.0,4.56,9.87,0.021
2026-08-24,19,4395,101935.0,5.27,10.97,0.0249
2026-08-24,20,14633,292905.0,4.42,9.75,0.0198
2026-08-24,21,12365,242068.0,4.04,8.94,0.012
2026-08-24,22,17811,350573.0,4.22,9.38,0.0188
2026-08-24,23,7310,178888.0,5.5,12.73,0.0587
2026-08-24,24,5918,140632.0,3.84,8.51,0.0095
2026-08-24,25,25290,714340.0,4.22,9.15,0.0164
2026-08-24,26,21793,404754.0,4.71,9.97,0.0223
2026-08-24,27,832,34602.0,9.37,19.97,0.2375
2026-08-24,28,12001,252158.0,4.53,9.74,0.0148
2026-08-24,29,10377,208573.0,4.07,8.76,0.0145
2026-08-24,30,361,11040.0,7.56,17.16,0.1401
2026-08-24,31,2025,48855.0,4.69,10.47,0.0319
2026-08-24,32,11518,218289.0,4.48,9.5,0.0133
2026-08-24,33,20089,620700.0,4.03,9.23,0.019
2026-08-24,34,3255,87000.0,4.47,10.27,0.0289
2026-08-24,35,30020,547638.0,5.55,12.02,0.0472
2026-08-24,36,36516,817949.0,4.33,10.22,0.0278
2026-08-24,37,51613,1192858.0,4.56,10.17,0.0268
2026-08-24,38,5941,144748.0,5.06,10.69,0.0317
2026-08-24,39,36430,709694.0,5.38,11.64,0.0426
2026-08-24,40,10247,287258.0,3.84,7.94,0.008
2026-08-24,41,30144,619184.0,4.43,9.47,0.0195
2026-08-24,42,42120,827110.0,4.91,10.72,0.029
2026-08-24,43,6721,204302.0,3.52,7.75,0.006
2026-08-24,44,2308,65004.0,6.32,14.42,0.0886
2026-08-24,45,11257,308618.0,4.09,9.05,0.0153
2026-08-24,46,1268,43104.0,8.49,18.47,0.1823
2026-08-24,47,15721,270052.0,4.62,9.96,0.021
2026-08-24,48,37840,1245383.0,3.48,7.93,0.0094
2026-08-24,49,26741,644559.0,4.16,8.91,0.0148
2026-08-24,50,22046,664343.0,3.85,8.64,0.0192
2026-08-24,51,19481,407626.0,5.23,11.35,0.0364
2026-08-24,52,6192,174012.0,3.58,7.85,0.0121
2026-08-24,53,7583,175539.0,5.32,11.99,0.0471
2026-08-24,54,2298,62973.0,4.12,8.71,0.0137
2026-08-24,55,14064,343974.0,4.78,10.81,0.0339
2026-08-24,56,16726,337784.0,4.6,10.19,0.0271
2026-08-24,57,1701,42352.0,5.36,12.09,0.0574
2026-08-24,58,1756,40011.0,5.6,11.85,0.0432
2026-08-24,59,632,12326.0,5.13,10.65,0.0334
2026-08-24,60,10851,194506.0,4.77,10.13,0.022
2026-08-24,61,61811,1306083.0,4.79,10.39,0.0271
2026-08-24,62,17310,373918.0,4.86,10.22,0.0249
2026-08-24,63,15263,306338.0,4.53,9.9,0.0199
2026-08-24,64,3404,89568.0,6.16,13.0,0.0555
2026-08-24,65,22884,639010.0,4.53,10.06,0.0268
2026-08-24,66,17666,528316.0,4.21,9.74,0.0255
2026-08-24,67,8705,180422.0,4.07,8.89,0.011
2026-08-24,68,44431,1576770.0,3.35,7.5,0.0076
2026-08-24,69,24566,468853.0,4.93,10.87,0.0313
2026-08-24,70,11689,260045.0,4.19,9.41,0.0206
2026-08-24,71,20712,399498.0,4.81,10.38,0.0257
2026-08-24,72,24384,450561.0,5.45,11.58,0.0436
2026-08-24,73,5081,104959.0,4.35,9.58,0.0226
2026-08-24,74,33611,651351.0,4.81,10.22,0.0247
2026-08-24,75,27976,655288.0,4.37,9.34,0.0159
2026-08-24,76,56462,1034407.0,4.85,10.51,0.0265
2026-08-24,77,13987,263253.0,5.11,11.01,0.0325
2026-08-24,78,22082,405651.0,4.61,10.1,0.0215
2026-08-24,79,51462,1387820.0,3.35,7.58,0.0077
2026-08-24,80,36179,922347.0,4.17,10.01,0.0284
2026-08-24,81,14207,257595.0,5.17,10.75,0.0309
2026-08-24,82,36954,704477.0,4.25,9.37,0.0167
2026-08-24,83,11908,223215.0,4.25,8.9,0.0116
2026-08-24,84,2126,58562.0,5.78,12.95,0.0649
2026-08-24,85,15845,330442.0,4.6,9.64,0.0159
2026-08-24,86,11047,254887.0,6.8,15.23,0.1045
2026-08-24,87,26334,978855.0,3.7,8.06,0.0084
2026-08-24,88,10918,412997.0,3.72,8.13,0.0092
2026-08-24,89,36153,797730.0,4.33,9.01,0.013
2026-08-24,90,26719,847920.0,3.1,6.81,0.0041
2026-08-24,91,23570,473057.0,4.78,10.28,0.0276
2026-08-24,92,27905,653216.0,4.92,11.3,0.0417
2026-08-24,93,12475,660234.0,7.77,21.51,0.2149
2026-08-24,94,10298,182440.0,4.59,10.14,0.0231
2026-08-24,95,35876,871440.0,4.49,10.27,0.029
2026-08-24,96,934,23051.0,5.08,10.39,0.0269
2026-08-24,97,31275,786959.0,4.56,10.44,0.0324
2026-08-24,98,4536,106437.0,4.79,10.82,0.0296
2026-08-24,99,122,2964.0,6.1,14.96,0.0992
2026-08-24,100,23871,906840.0,3.6,8.68,0.0149
2026-08-24,101,4795,128722.0,5.38,12.04,0.0446
2026-08-24,102,11677,230895.0,4.5,9.72,0.0207
2026-08-24,105,1,36.0,13.6,13.6,0.0
2026-08-24,106,10173,255356.0,4.0,8.27,0.0098
2026-08-24,107,28609,834127.0,3.24,6.82,0.0039
2026-08-24,108,6441,131776.0,4.22,9.16,0.0128
2026-08-24,109,3307,83866.0,5.93,13.69,0.0727
2026-08-24,110,14,297.0,7.67,18.07,0.1429
2026-08-24,111,182,3967.0,3.57,9.25,0.0056
2026-08-24,112,45270,1156904.0,3.85,8.63,0.0133
2026-08-24,113,22044,680248.0,3.3,7.21,0.0075
2026-08-24,114,23620,709375.0,3.38,7.86,0.01
2026-08-24,115,4084,80931.0,5.76,12.42,0.0568
2026-08-24,116,21074,439788.0,4.51,9.91,0.0231
2026-08-24,117,8124,206144.0,7.19,16.11,0.1224
2026-08-24,118,4844,121297.0,5.58,12.74,0.0605
2026-08-24,119,17357,378827.0,4.86,10.97,0.0359
2026-08-24,120,450,9337.0,4.85,10.09,0.0295
2026-08-24,121,10379,237290.0,4.75,10.32,0.0221
2026-08-24,122,6114,128561.0,5.01,10.68,0.0318
2026-08-24,123,11810,218703.0,3.78,8.11,0.0078
2026-08-24,124,7586,173168.0,5.43,11.51,0.0431
2026-08-24,125,14640,517473.0,3.35,7.42,0.0103
2026-08-24,126,15161,283340.0,4.78,10.51,0.0243
2026-08-24,127,18313,391214.0,4.16,9.28,0.0169
2026-08-24,128,1585,39253.0,4.1,8.82,0.0146
2026-08-24,129,38164,757904.0,4.33,9.51,0.0187
2026-08-24,130,39762,848414.0,4.63,10.22,0.0258
2026-08-24,131,7654,170974.0,4.57,9.89,0.0183
2026-08-24,132,90118,7417800.0,6.59,14.42,0.0887
2026-08-24,133,8640,190942.0,4.02,8.4,0.0075
2026-08-24,134,11224,238499.0,4.1,8.91,0.0138
2026-08-24,135,8242,186143.0,4.53,9.79,0.0174
2026-08-24,136,11846,229888.0,4.41,9.71,0.0177
2026-08-24,137,21284,575314.0,3.58,7.9,0.0096
2026-08-24,138,97432,5842619.0,6.07,13.25,0.0657
2026-08-24,139,10060,213574.0,5.02,10.59,0.0281
2026-08-24,140,23405,696732.0,3.79,8.31,0.0103
2026-08-24,141,24046,708802.0,3.47,6.98,0.0034
2026-08-24,142,24680,799903.0,3.37,7.05,0.0046
2026-08-24,143,17632,506088.0,3.58,7.25,0.0035
2026-08-24,144,28929,896727.0,3.58,7.81,0.0091
2026-08-24,145,43711,1063073.0,3.75,8.32,0.0093
2026-08-24,146,13002,309280.0,3.52,7.78,0.0056
2026-08-24,147,10210,190145.0,4.45,10.0,0.0168
2026-08-24,148,42822,1235127.0,3.78,9.05,0.0182
2026-08-24,149,10733,203484.0,3.74,7.97,0.0079
2026-08-24,150,4996,108032.0,4.25,9.45,0.0189
2026-08-24,151,12459,312661.0,3.86,8.17,0.0092
2026-08-24,152,10411,214912.0,4.48,9.97,0.025
2026-08-24,153,4524,79423.0,4.71,10.09,0.0217
2026-08-24,154,532,17104.0,5.61,12.2,0.0494
2026-08-24,155,13092,297930.0,4.83,11.0,0.0369
2026-08-24,156,6903,133486.0,5.13,11.86,0.0466
2026-08-24,157,14746,307808.0,4.46,9.8,0.02
2026-08-24,158,21307,705809.0,3.33,7.23,0.0057
2026-08-24,159,22553,414493.0,4.57,10.2,0.0242
2026-08-24,160,11032,230794.0,4.52,9.47,0.0153
2026-08-24,161,48159,1862536.0,3.15,7.01,0.0069
2026-08-24,162,30966,1156324.0,3.06,6.74,0.0047
2026-08-24,163,31448,1269546.0,3.08,6.66,0.0037
2026-08-24,164,41703,1477550.0,3.35,7.57,0.0076
2026-08-24,165,13186,282560.0,3.97,8.42,0.0101
2026-08-24,166,17293,408862.0,3.78,8.37,0.0138
2026-08-24,167,17729,322216.0,4.63,9.93,0.019
2026-08-24,168,32538,643607.0,4.8,10.41,0.0247
2026-08-24,169,22873,407586.0,4.66,10.09,0.0214
2026-08-24,170,36341,1142890.0,3.31,7.08,0.0056
2026-08-24,171,10035,208323.0,4.19,9.29,0.0188
2026-08-24,172,2881,69992.0,5.44,12.53,0.0611
2026-08-24,173,13790,267269.0,5.03,11.11,0.0379
2026-08-24,174,21053,413508.0,4.07,8.88,0.0112
2026-08-24,175,3546,89445.0,5.08,11.14,0.0281
2026-08-24,176,1574,42650.0,5.77,13.31,0.0663
2026-08-24,177,23606,454871.0,5.06,10.97,0.0321
2026-08-24,178,3928,77013.0,3.93,8.24,0.0085
2026-08-24,179,16716,373223.0,3.98,8.41,0.0085
2026-08-24,180,8380,158515.0,4.27,9.22,0.0145
2026-08-24,181,38619,1014219.0,3.55,7.88,0.0108
2026-08-24,182,12281,243158.0,4.35,9.2,0.0114
2026-08-24,183,6558,127316.0,4.38,9.8,0.0188
2026-08-24,184,1630,37625.0,5.77,13.37,0.071
2026-08-24,185,14777,294772.0,4.29,9.32,0.0146
2026-08-24,186,26213,922602.0,3.23,7.94,0.013
2026-08-24,187,3731,72521.0,5.23,11.22,0.038
2026-08-24,188,36647,769288.0,4.71,9.99,0.0229
2026-08-24,189,15176,388470.0,4.09,9.04,0.0165
2026-08-24,190,2915,70255.0,4.23,9.02,0.0208
2026-08-24,191,14445,308434.0,4.95,10.46,0.0283
2026-08-24,192,7028,153993.0,4.17,9.17,0.0123
2026-08-24,193,9195,207474.0,4.14,8.91,0.0118
2026-08-24,194,959,32774.0,6.77,15.46,0.1092
2026-08-24,195,9496,280560.0,5.1,11.26,0.0401
2026-08-24,196,12814,267904.0,4.5,9.51,0.0169
2026-08-24,197,21619,417357.0,4.34,9.37,0.0168
2026-08-24,198,29914,657669.0,4.34,9.68,0.0211
2026-08-24,200,9736,253801.0,4.95,10.97,0.0366
2026-08-24,201,4144,127278.0,6.24,14.58,0.0896
2026-08-24,202,2931,89526.0,6.45,13.67,0.0701
2026-08-24,203,9794,192526.0,6.28,12.94,0.0593
2026-08-24,204,1248,37644.0,5.45,12.95,0.0653
2026-08-24,205,20389,408719.0,5.24,11.19,0.0388
2026-08-24,206,10457,199161.0,5.02,11.57,0.0428
2026-08-24,207,1011,15043.0,3.82,7.34,0.003
2026-08-24,208,16038,348258.0,4.81,10.54,0.0278
2026-08-24,209,9066,320053.0,4.0,8.57,0.0123
2026-08-24,210,15040,289066.0,3.99,8.88,0.0143
2026-08-24,211,23091,781646.0,3.23,7.14,0.0066
2026-08-24,212,13025,230970.0,4.56,9.58,0.0138
2026-08-24,213,23284,437233.0,5.05,10.6,0.0301
2026-08-24,214,3987,93500.0,4.72,11.61,0.0451
2026-08-24,215,15128,282037.0,4.87,10.28,0.0262
2026-08-24,216,31358,617179.0,4.15,9.12,0.0142
2026-08-24,217,6734,116728.0,5.04,10.38,0.0263
2026-08-24,218,10034,209372.0,4.98,10.3,0.0257
2026-08-24,219,8770,181571.0,5.27,10.98,0.0277
2026-08-24,220,17349,354600.0,4.37,9.31,0.0169
2026-08-24,221,6729,127491.0,5.29,11.63,0.0426
2026-08-24,222,6000,121752.0,5.38,11.22,0.0335
2026-08-24,223,23145,510594.0,3.56,7.78,0.0073
2026-08-24,224,8155,216763.0,4.34,8.72,0.0105
2026-08-24,225,36546,811749.0,4.8,10.33,0.0272
2026-08-24,226,28836,606226.0,4.03,8.5,0.0093
2026-08-24,227,12103,254760.0,4.31,9.55,0.0162
2026-08-24,228,23829,562891.0,4.46,9.32,0.0157
2026-08-24,229,21320,654657.0,3.29,6.77,0.0029
2026-08-24,230,49463,2009956.0,3.48,8.38,0.0139
2026-08-24,231,39618,1375515.0,3.36,7.01,0.0058
2026-08-24,232,18173,478842.0,4.74,10.19,0.0232
2026-08-24,233,21746,659876.0,3.52,7.33,0.0042
2026-08-24,234,42194,1356684.0,3.21,7.14,0.0062
2026-08-24,235,20940,390439.0,5.11,11.16,0.0334
2026-08-24,236,22553,717166.0,3.42,6.88,0.0033
2026-08-24,237,28340,957420.0,3.07,6.35,0.0021
2026-08-24,238,19091,537921.0,3.59,7.7,0.0057
2026-08-24,239,22400,688350.0,3.37,7.01,0.0045
2026-08-24,240,3842,74752.0,5.24,10.51,0.0257
2026-08-24,241,17129,329083.0,4.47,9.39,0.0144
2026-08-24,242,18525,369216.0,4.11,8.97,0.0132
2026-08-24,243,25273,549282.0,4.36,9.65,0.0192
2026-08-24,244,35009,783200.0,4.22,9.53,0.0204
2026-08-24,245,3757,78770.0,5.13,11.61,0.0416
2026-08-24,246,38807,1286037.0,3.69,7.85,0.0082
2026-08-24,247,29349,703467.0,5.23,12.08,0.0503
2026-08-24,248,11749,210667.0,4.61,9.61,0.0164
2026-08-24,249,36031,1084414.0,3.36,7.51,0.0076
2026-08-24,250,12202,234568.0,4.26,9.25,0.0123
2026-08-24,251,4058,84538.0,4.81,10.89,0.0343
2026-08-24,252,6555,150406.0,5.16,11.41,0.0342
2026-08-24,253,430,13714.0,5.41,13.83,0.0769
2026-08-24,254,24164,447091.0,5.04,10.69,0.0279
2026-08-24,255,43898,1225180.0,3.71,8.83,0.0139
2026-08-24,256,37951,995845.0,4.04,9.0,0.0159
2026-08-24,257,6273,162785.0,3.8,7.77,0.0052
2026-08-24,258,15063,317559.0,4.61,9.89,0.0184
2026-08-24,259,16759,322675.0,5.49,11.33,0.036
2026-08-24,260,22312,424716.0,3.78,8.05,0.0076
2026-08-24,261,14760,599371.0,3.85,8.36,0.0121
2026-08-24,262,13062,360019.0,3.95,7.85,0.0055
2026-08-24,263,20914,585599.0,3.68,7.41,0.0048
2026-08-24,265,255,6901.0,7.01,16.17,0.1205
2026-08-31,2,1,22.0,2.42,2.42,0.0
2026-08-31,3,1487,26832.0,4.54,9.5,0.0219
2026-08-31,4,1312,32069.0,4.18,9.26,0.0143
2026-08-31,5,163,4599.0,6.12,12.9,0.0537
2026-08-31,6,374,8272.0,5.32,10.89,0.0331
2026-08-31,7,5118,104698.0,3.54,7.68,0.0058
2026-08-31,8,25,587.0,4.2,7.31,0.0417
2026-08-31,9,559,11393.0,4.37,9.42,0.0183
2026-08-31,10,2017,42862.0,4.6,9.7,0.0218
2026-08-31,11,777,15317.0,4.12,9.13,0.0169
2026-08-31,12,71,2367.0,4.08,8.03,0.0
2026-08-31,13,2196,83047.0,3.63,7.08,0.0023
2026-08-31,14,3201,72412.0,3.83,8.08,0.0067
2026-08-31,15,456,11638.0,5.63,12.87,0.0573
2026-08-31,16,1232,25532.0,4.42,9.65,0.0208
2026-08-31,17,4861,102748.0,4.89,10.4,0.0316
2026-08-31,18,3053,55141.0,4.56,10.18,0.022
2026-08-31,19,563,13148.0,5.26,10.88,0.0254
2026-08-31,20,1837,33479.0,4.18,9.68,0.0209
2026-08-31,21,1714,33172.0,4.06,9.04,0.0136
2026-08-31,22,2351,46645.0,4.05,8.71,0.0121
2026-08-31,23,1173,27295.0,5.77,13.42,0.0704
2026-08-31,24,885,20367.0,3.9,8.96,0.0151
2026-08-31,25,2854,81270.0,4.01,8.82,0.0119
2026-08-31,26,4819,84666.0,4.86,10.31,0.0274
2026-08-31,27,42,1543.0,8.57,20.59,0.2564
2026-08-31,28,1647,33110.0,4.51,9.67,0.0136
2026-08-31,29,1427,29316.0,4.1,8.58,0.0143
2026-08-31,30,32,860.0,9.43,16.1,0.125
2026-08-31,31,184,4008.0,4.35,9.78,0.0385
2026-08-31,32,1521,27793.0,4.71,10.5,0.0247
2026-08-31,33,2565,79213.0,3.72,8.11,0.0088
2026-08-31,34,438,12542.0,4.11,8.88,0.0093
2026-08-31,35,3774,66438.0,5.5,11.92,0.0464
2026-08-31,36,3725,80654.0,4.21,9.66,0.0211
2026-08-31,37,5641,129977.0,4.46,9.7,0.0235
2026-08-31,38,767,19271.0,5.36,11.97,0.0482
2026-08-31,39,4678,86471.0,5.32,11.62,0.0447
2026-08-31,40,1167,34945.0,3.72,7.86,0.0035
2026-08-31,41,4259,85743.0,4.35,9.22,0.0162
2026-08-31,42,5696,107902.0,4.9,10.42,0.027
2026-08-31,43,820,25067.0,3.45,7.4,0.005
2026-08-31,44,286,6932.0,5.79,13.41,0.0893
2026-08-31,45,1187,33937.0,4.0,8.57,0.0171
2026-08-31,46,132,4206.0,9.68,18.54,0.1855
2026-08-31,47,2124,36003.0,4.68,10.04,0.0205
2026-08-31,48,4475,145289.0,3.28,7.29,0.0065
2026-08-31,49,3254,80586.0,4.22,9.09,0.0194
2026-08-31,50,2782,76709.0,3.5,7.53,0.0033
2026-08-31,51,2411,48621.0,5.36,10.95,0.0336
2026-08-31,52,803,23607.0,3.34,6.81,0.0051
2026-08-31,53,1018,23757.0,5.12,11.71,0.044
2026-08-31,54,271,7059.0,3.88,8.8,0.0038
2026-08-31,55,1857,41976.0,4.76,10.39,0.0293
2026-08-31,56,2231,46136.0,4.99,11.28,0.0466
2026-08-31,57,243,7444.0,5.47,13.33,0.0586
2026-08-31,58,213,4451.0,5.65,12.52,0.0478
2026-08-31,59,55,1054.0,4.07,8.32,0.0
2026-08-31,60,1430,24673.0,4.85,10.36,0.0276
2026-08-31,61,7544,160017.0,4.88,10.63,0.0337
2026-08-31,62,2387,49185.0,4.82,10.23,0.0297
2026-08-31,63,1906,37114.0,4.69,10.49,0.0294
2026-08-31,64,445,10991.0,6.26,13.1,0.0696
2026-08-31,65,2840,81386.0,4.41,9.61,0.0181
2026-08-31,66,2003,59886.0,3.85,8.49,0.0082
2026-08-31,67,1166,23721.0,4.01,9.05,0.0113
2026-08-31,68,5562,192157.0,3.16,7.28,0.0046
2026-08-31,69,3364,60674.0,4.86,10.4,0.0271
2026-08-31,70,1557,33930.0,4.2,9.44,0.0221
2026-08-31,71,2826,53878.0,4.94,10.27,0.0285
2026-08-31,72,3252,58933.0,5.66,11.95,0.0463
2026-08-31,73,691,13801.0,4.58,9.63,0.0296
2026-08-31,74,4176,77194.0,4.59,9.77,0.0188
2026-08-31,75,3822,89140.0,4.2,9.23,0.0131
2026-08-31,76,7152,129307.0,4.78,10.34,0.0294
2026-08-31,77,1671,30413.0,4.95,11.17,0.0293
2026-08-31,78,2857,51614.0,4.59,10.29,0.0267
2026-08-31,79,5012,131957.0,3.1,6.51,0.0028
2026-08-31,80,3308,78465.0,3.8,8.3,0.0108
2026-08-31,81,1891,32867.0,5.5,11.85,0.043
2026-08-31,82,4648,87254.0,4.21,9.28,0.0154
2026-08-31,83,1602,28678.0,4.08,8.84,0.012
2026-08-31,84,280,7672.0,4.98,10.83,0.0538
2026-08-31,85,1993,39547.0,4.6,10.08,0.0235
2026-08-31,86,1490,35104.0,6.49,13.93,0.0826
2026-08-31,87,2966,112339.0,3.48,7.46,0.0077
2026-08-31,88,1274,49457.0,3.4,7.26,0.0072
2026-08-31,89,5037,108653.0,4.28,9.03,0.0129
2026-08-31,90,2992,95842.0,2.85,6.01,0.0021
2026-08-31,91,3214,63923.0,4.93,10.36,0.028
2026-08-31,92,3644,85011.0,4.85,11.06,0.0389
2026-08-31,93,4150,284171.0,9.95,23.64,0.3003
2026-08-31,94,1379,23574.0,4.56,10.33,0.0279
2026-08-31,95,4581,99971.0,4.31,9.44,0.0169
2026-08-31,96,103,2422.0,4.86,11.42,0.04
2026-08-31,97,3535,88249.0,4.24,8.91,0.0141
2026-08-31,98,616,13230.0,4.94,11.12,0.0167
2026-08-31,99,20,660.0,4.5,10.01,0.0526
2026-08-31,100,3024,109512.0,3.32,7.91,0.0102
2026-08-31,101,671,17600.0,5.48,12.23,0.0493
2026-08-31,102,1437,29096.0,4.55,9.71,0.0163
2026-08-31,106,1064,26092.0,3.96,8.07,0.0058
2026-08-31,107,3494,99955.0,3.07,6.76,0.0024
2026-08-31,108,962,19236.0,4.31,8.97,0.0117
2026-08-31,109,433,10904.0,5.53,11.8,0.0434
2026-08-31,110,1,28.0,5.27,5.27,0.0
2026-08-31,111,16,294.0,3.23,7.96,0.0
2026-08-31,112,4611,118462.0,3.72,7.84,0.0051
2026-08-31,113,2768,82817.0,3.08,6.34,0.0029
2026-08-31,114,2484,70585.0,2.97,6.33,0.0012
2026-08-31,115,536,10579.0,6.03,12.8,0.0594
2026-08-31,116,3065,62328.0,4.36,9.72,0.0216
2026-08-31,117,989,24764.0,7.23,15.51,0.1133
2026-08-31,118,669,14670.0,5.23,12.1,0.0643
2026-08-31,119,2216,37983.0,4.79,10.57,0.0249
2026-08-31,120,55,1042.0,4.23,10.15,0.037
2026-08-31,121,1531,32930.0,4.76,10.18,0.0247
2026-08-31,122,827,16490.0,5.25,11.11,0.0428
2026-08-31,123,1843,33532.0,3.89,8.2,0.0066
2026-08-31,124,992,21977.0,5.47,12.31,0.0515
2026-08-31,125,1847,64703.0,3.07,6.34,0.0028
2026-08-31,126,2012,36746.0,4.83,10.6,0.0267
2026-08-31,127,2564,51383.0,4.12,8.93,0.0099
2026-08-31,128,199,5235.0,3.73,7.87,0.0051
2026-08-31,129,4963,95995.0,4.25,9.59,0.0213
2026-08-31,130,5170,111011.0,4.71,10.57,0.0308
2026-08-31,131,1073,23594.0,4.51,10.01,0.0191
2026-08-31,132,14672,1159902.0,6.88,14.36,0.0861
2026-08-31,133,1303,27876.0,4.12,8.31,0.0055
2026-08-31,134,1548,33499.0,4.13,8.66,0.0177
2026-08-31,135,1373,30215.0,4.52,10.08,0.0246
2026-08-31,136,1667,30605.0,4.19,9.15,0.0207
2026-08-31,137,2661,71536.0,3.42,7.3,0.0069
2026-08-31,138,16075,911380.0,6.58,13.38,0.0653
2026-08-31,139,1344,27534.0,5.02,10.71,0.0303
2026-08-31,140,3406,99024.0,3.56,7.84,0.0054
2026-08-31,141,3396,98207.0,3.31,6.79,0.0024
2026-08-31,142,3551,112182.0,3.22,6.56,0.0029
2026-08-31,143,2645,72830.0,3.38,6.78,0.0023
2026-08-31,144,3151,96358.0,3.2,6.77,0.0045
2026-08-31,145,5043,120529.0,3.58,7.93,0.0062
2026-08-31,146,1532,36242.0,3.45,7.6,0.008
2026-08-31,147,1306,23462.0,4.38,9.57,0.021
2026-08-31,148,3958,114112.0,3.24,7.17,0.0052
2026-08-31,149,1554,30099.0,3.76,8.16,0.0118
2026-08-31,150,632,12672.0,3.99,9.32,0.0179
2026-08-31,151,1833,43727.0,3.81,8.49,0.0113
2026-08-31,152,1630,33181.0,4.45,9.91,0.0274
2026-08-31,153,665,10733.0,4.14,9.34,0.0198
2026-08-31,154,53,1411.0,5.96,11.9,0.0577
2026-08-31,155,1841,39746.0,4.95,11.34,0.0361
2026-08-31,156,876,15960.0,4.92,10.91,0.0407
2026-08-31,157,1693,33478.0,4.26,8.91,0.0156
2026-08-31,158,2297,76002.0,3.08,6.2,0.0031
2026-08-31,159,3085,55755.0,4.47,9.77,0.0234
2026-08-31,160,1421,29017.0,4.5,9.71,0.0151
2026-08-31,161,6544,251633.0,3.08,6.79,0.0045
2026-08-31,162,4211,154946.0,2.93,6.32,0.0032
2026-08-31,163,4243,176936.0,2.9,6.21,0.0017
2026-08-31,164,5114,180254.0,3.07,6.72,0.0026
2026-08-31,165,2084,42724.0,3.96,8.24,0.0078
2026-08-31,166,2963,67144.0,3.77,8.42,0.0103
2026-08-31,167,2272,39301.0,4.58,9.93,0.0232
2026-08-31,168,4211,79890.0,4.6,10.22,0.0179
2026-08-31,169,3213,55302.0,4.65,10.09,0.0206
2026-08-31,170,4647,143499.0,3.18,6.76,0.0024
2026-08-31,171,1313,26132.0,4.18,9.29,0.0203
2026-08-31,172,403,9374.0,5.2,12.39,0.0662
2026-08-31,173,1660,33370.0,5.23,11.7,0.0374
2026-08-31,174,3024,58429.0,4.02,8.98,0.0107
2026-08-31,175,576,14815.0,4.71,11.02,0.0323
2026-08-31,176,205,5192.0,5.58,13.48,0.0758
2026-08-31,177,2710,52183.0,5.33,11.63,0.0439
2026-08-31,178,678,12836.0,3.97,7.94,0.0104
2026-08-31,179,2091,43174.0,3.83,8.67,0.0145
2026-08-31,180,1084,20900.0,4.38,9.41,0.0123
2026-08-31,181,4580,117652.0,3.43,7.35,0.0047
2026-08-31,182,1683,31600.0,4.58,9.33,0.0169
2026-08-31,183,850,16455.0,4.57,10.04,0.0179
2026-08-31,184,155,3200.0,5.29,10.23,0.0387
2026-08-31,185,2075,39933.0,4.29,9.27,0.0176
2026-08-31,186,3354,110049.0,3.03,7.68,0.0128
2026-08-31,187,497,9717.0,5.27,11.95,0.0554
2026-08-31,188,4854,99195.0,4.71,10.11,0.0248
2026-08-31,189,1686,45719.0,4.01,8.5,0.0097
2026-08-31,190,257,6268.0,4.3,9.8,0.0198
2026-08-31,191,1911,39372.0,4.98,10.88,0.0338
2026-08-31,192,970,20630.0,4.26,9.37,0.0115
2026-08-31,193,1225,28025.0,3.87,8.55,0.0109
2026-08-31,194,93,3057.0,6.35,14.94,0.1034
2026-08-31,195,1055,27695.0,4.7,10.01,0.0221
2026-08-31,196,1733,35428.0,4.44,10.18,0.0224
2026-08-31,197,2843,55124.0,4.36,9.64,0.0176
2026-08-31,198,3321,72033.0,4.43,9.66,0.0199
2026-08-31,200,1351,35292.0,4.64,10.65,0.0307
2026-08-31,201,385,12857.0,5.98,13.41,0.0738
2026-08-31,202,341,10639.0,6.05,12.03,0.0314
2026-08-31,203,1312,26073.0,6.32,12.59,0.0563
2026-08-31,204,182,5807.0,5.69,12.4,0.0471
2026-08-31,205,2634,52805.0,5.65,12.17,0.0519
2026-08-31,206,1325,25217.0,5.13,11.01,0.0333
2026-08-31,207,157,2372.0,3.68,7.14,0.0064
2026-08-31,208,1979,42443.0,4.74,10.61,0.0315
2026-08-31,209,1082,38186.0,3.82,7.97,0.0095
2026-08-31,210,2056,38399.0,3.96,8.75,0.0099
2026-08-31,211,2650,88339.0,2.92,6.01,0.0019
2026-08-31,212,1697,29671.0,4.88,10.24,0.0222
2026-08-31,213,3030,54870.0,5.17,11.29,0.0369
2026-08-31,214,571,13175.0,4.69,10.94,0.0364
2026-08-31,215,1959,35948.0,5.16,10.92,0.0297
2026-08-31,216,4107,80334.0,4.32,9.35,0.0174
2026-08-31,217,1430,22388.0,5.25,10.99,0.0332
2026-08-31,218,1366,27408.0,5.28,10.81,0.0313
2026-08-31,219,1149,24079.0,5.36,10.91,0.024
2026-08-31,220,2339,46082.0,4.13,9.11,0.0134
2026-08-31,221,859,16337.0,5.35,11.78,0.0477
2026-08-31,222,749,15320.0,5.52,11.96,0.0523
2026-08-31,223,2819,60709.0,3.53,7.91,0.0072
2026-08-31,224,1033,27087.0,4.22,8.38,0.005
2026-08-31,225,4211,96970.0,4.9,10.67,0.0299
2026-08-31,226,3875,80814.0,4.05,8.51,0.0104
2026-08-31,227,1725,35561.0,4.23,9.6,0.0182
2026-08-31,228,2963,65943.0,4.36,9.04,0.014
2026-08-31,229,2628,79305.0,3.22,6.58,0.0039
2026-08-31,230,5951,244957.0,3.24,7.75,0.0145
2026-08-31,231,4821,165153.0,3.16,6.64,0.0034
2026-08-31,232,2178,56342.0,4.56,9.67,0.0183
2026-08-31,233,2814,88853.0,3.34,6.97,0.0033
2026-08-31,234,5065,156360.0,2.88,6.07,0.003
2026-08-31,235,2885,49926.0,4.87,10.78,0.027
2026-08-31,236,3179,99194.0,3.31,6.67,0.0038
2026-08-31,237,3930,133565.0,3.06,6.37,0.0023
2026-08-31,238,3081,84312.0,3.58,7.68,0.0064
2026-08-31,239,3278,99209.0,3.23,6.86,0.0044
2026-08-31,240,417,8017.0,5.27,10.35,0.0219
2026-08-31,241,2439,46061.0,4.27,9.36,0.015
2026-08-31,242,2693,54394.0,4.09,9.19,0.0189
2026-08-31,243,3495,75490.0,4.22,9.61,0.0161
2026-08-31,244,5050,108675.0,4.08,9.17,0.0139
2026-08-31,245,501,10117.0,5.49,11.15,0.0306
2026-08-31,246,4899,162241.0,3.38,7.11,0.005
2026-08-31,247,3483,60332.0,4.77,10.08,0.0214
2026-08-31,248,1490,25330.0,4.96,10.45,0.022
2026-08-31,249,3482,103058.0,3.11,6.68,0.0058
2026-08-31,250,1644,29785.0,4.38,9.51,0.0117
2026-08-31,251,557,11187.0,5.07,10.72,0.0257
2026-08-31,252,875,19362.0,5.4,11.76,0.0426
2026-08-31,253,71,2900.0,5.68,10.19,0.0282
2026-08-31,254,3186,57862.0,5.44,11.97,0.051
2026-08-31,255,4187,121778.0,3.28,7.32,0.0039
2026-08-31,256,4028,108475.0,3.91,8.38,0.0101
2026-08-31,257,812,20378.0,3.83,8.28,0.0089
2026-08-31,258,1968,41253.0,4.8,10.64,0.0245
2026-08-31,259,2172,40084.0,5.81,11.92,0.0497
2026-08-31,260,2876,54849.0,3.64,8.0,0.0078
2026-08-31,261,1877,77974.0,3.66,8.18,0.0115
2026-08-31,262,1813,47140.0,3.86,7.34,0.0046
2026-08-31,263,2895,79665.0,3.62,7.39,0.0054
2026-08-31,265,27,567.0,7.35,14.63,0.0741
